text,label
sampai dengan baik banget dan exp masih lama di kemas sangat baik setiap susu di beri babel warp dan dikardusin satu baru di kardusin lagi jadi satu ok semua terimakasih .,2
pertama kalinya beli barang online kecewa banget barang yang dibeli pcs yang dateng cuma pcs sudah itu ongkirnya lumayan mahal padahal beratnya tidak sesuai,4
lain kali tolong lah di cek baik baik sebelum di bungkus,1
menyerap air dgn baik cuman ukurannya kecil banget. jd kalau untuk mengeringkan banyak piring butuh lebih dr satu.,2
oke yah kakakkk biasa langganannnnnn,3
trimakasih barang sudah sampai tapi sayang kulitnya ada yang cacat,4
baru dipakai kali dah metong,4
sudah diterima.packingnya rapih.tebal bungkusnya double buble warping.jd aman isinya.sellernya fast respon fast delivery.positive job mksh buat agan sellernya dan abang kurir yg ramah.,2
produk baik sesuai deskripsi cs juga sangat responsive dan helpful. thank you,2
palsu ya. g berfungsi. bahan kasar dan sakit kalo dipakai.,0
respon penjualnya top. proses pesanan cepat. packaging rapi. packaging aman . penjualnya ramah banget.,2
gak jelas,0
barang ini tidak dikirimkan next mohon lbh diperhatikan,1
tidak untuk rekomended suara ancur nois nya kacau nyesel kualitas ga bagus. ga kepake,4
barang bisa digunakan dengan sesuai fungsi nya terimakasih,2
produk sangat bagus utk lantai marmer dan parket. lantai lgsg bersih dan kinclong. penggunaan juga hemat.,3
bahan bagus kain bisa melebar dan elastis,2
kualitas produk sangat baik produk original harga produk sangat baik kecepatan pengiriman sangat baik respon penjual sangat baik,3
sabun nyaaa setelah di pakee mint nya kerasaa bangettt enk sih habis mandi kyk dingin gitu,3
tdk sesuai warna pesanan,1
informasi produk berbeda dengan deskripsi produk yang dijual. saran untuk yang lain hatilah memahami supaya tidak kecewa.,1
socket ujung kendor tidak ori,1
parah sih bukunya ada yang sobek lain kali cek dulu kondisi bukunya sebelum kirim,1
kw kirim brg bekas dan rusak serta tdk menerima komplain kapok bgt ga bkl lnja lg dsni,0
kualitas produk sangat baik dengan harga yang tertera. nyaman dipakai suara keras dan . berfungsi dengan baik. definitely would recommend this.,3
semua kelipet yg pakai mata ayam print an juga gak rapi kecewa sih,4
ini mah ada robusta nya ga sesuai deskripsi dan ekspetasi payah,0
low quality harga nggak berbohong.,0
masa baru dateng langsung rusak,0
sebentar pakai sudah patah. aku pikir besi ternyata plastik,4
tripodnya terasa sturdy cukup ringan tapi tanpa manual. seller fast response,2
balonnya kecil sekali ga sesuai gambar.ga bagus kualitas.ketipu dr gambar nya.kecewa,4
mantep om,3
sdh tahun berlangganan memakai cat sablon ini.hasil ajibseller nya juga ajib,3
seller ramah pengiriman cepat. gak nyangka ternyata paketnya bagus banget dan kacamatanya memang sangat berguna buat orang yang sering pakai hp?,2
gambar tempelnya tdk rapi . dan bnyk yg ngelupas.,4
tidak ada tutupnyawalaupun saya beli harga murah tp jadi gabisa dibawa kemana mana karna barang rusak,4
barang aman diterima yg paling seneng wanginya enak banget ?,3
ga tahan lama. mgg setelah beli sudah rusak,4
bagus banget.top,3
pengiriman cepat barang sesuai,2
pengiriman cepat barang bagus packing rapi terimakasih,2
mantap kipasnya kenceng barangnya berkualitas sesuai sama harga,2
harga murah qualitas ok respon cepat pengiriman cepat,2
pengiriman cepat. harganya murah. kualitas oke. masih diplastik. ini saya foto setelah dikeluarin dari plastik pembungkusnya. kainnya lembut dan berukuran kecil jadi mudah dibawa ke manamana.,2
aromanya aneh tidak seperti lemongrass yg pernah saya beli,4
pesan nut slider kenapa cuma datang ?,1
terima kasih atas pelayanannya yg memuaskan. sukses selalu,2
mantap enak buat sit up,3
solatip nya kurang merekat tapi lampunya topp,2
barang terlihat murahan sangat keset dan sulit saat ingin membuka payung maupun menutup payung nyesel deh beli,4
udh bertahun belanja di tokped ga pernah ketemu seller model gini di chat dr awal sama sekali ga bales ampe nyanyi album saya di chat wakaka mesen hari kamis jam sampenya selasa malem. butuh urgent bgt pdhl. kapok dah bener worst seller.,0
buku yang sampai warna kertas agak kuning kaya kertas buram.,0
mantul langsung nempel,3
packing hancur sampai lebur sampai rumah,4
bahannya nyaman . nyaman di punggung. desain ergonomis. beban tersebar merata. proses pesanan cepat,2
lampu nggak idup,1
ada beberapa kalimat yang kosong. saya cukup kecewa dan hal itu sangat menggangu saya ketika membaca.,4
penjual angkuh. yang namanya pembeli itu raja. di layani sebagaimana mestinya. kepuasan pembeli prioritas utama. lah loh? angkuh sombong. makan tuh duet haram. pertama dan terakhir gue belanja di olshop loh cuih!,0
proses pesanan cepatpackaging aman packaging rapi,2
udh top banget lah beli disini juara ke oriannya . selalu langganan pokonya.,3
barang sudah sampai dg selamat.packaging rapi. hari dari proses pemesanan sampai tiba di malang.terima kasih ?,2
setelah hari penantian akhirnya tiba juga. barang udah di cek kondisi baterai aman charger aman all safe. terima kasih,2
mantap ini penjualnya fast response dan ramah sekali,2
harga tdk mahal kualitas baik,2
kemasan rapi brg sesuai pesanan,2
tidak bisa berfungsi walaupun sudah di charge padahl sudah beli mahal,1
ukuran sesuai. tidak menerawang. bahan menyerap keringat. jahitannya rapi. warnanya bagus .,2
suka bngt . bner kepake ga sia beli,3
barangnya bagus sesuai dengan harapan saya. terima kasih,2
pengiriman lama banget.oder hr minggu baru dikirim kamis setiap ditanya jawabnya masih proses.barang dikirim salah size dan warna.order merah yg dikirim hitam.parah koordinasi nya,0
bahan bagus agak tebal spertinya ga cepet longgar halus breathable panjang. pengiriman super cepat penjual sangat komunikatif. smoga barang awet puas belanja di toko ini. thanks,2
uda x beli di toko ini dan puas banget banget adminnya baik banget karna butuh cepet dan selalu response. thank you,3
sesuai dekripsi.harga terjangkau.produk oke.top ?,3
mantapp! packing rapi dan fast respon! recommended lah!,3
cakep. beneran pas buat anak aq sesuai umur next order lagee,3
kan pesanan nya wrn yellow.yg dikirim graay sih hmmm,1
packaging nya cuma plastik item itupun sobek pas baru diterima,4
bagus bengedd sesuai ekspektasi jugaaa,3
x pembelian awal ga ada masalah dan puas. tapi pembelian terakhir ini mengecewakan. ntah mau irit packaging atau karena alasan apa untuk pembelian rasa tiramisu sudah tidak berkardus. mungkin udah mulai dijual ketengan.,4
sy pesan yg gold tengahtp yg datang putihbarang gak sesuaikecewa,4
respon penjual cepat pengiriman cepat dankemasan rapih,2
terimakasih banyak kak. pengiriman cepatt,2
barang tidak sesuai katanya mm ternyata tipis sekali dan jumlahnya tidak sesuai dari pcs yg dtg pcskwalitas jelek,1
beli tgl dikirim tgl lelet mana free buku gambar ga dikasih klo ga ada bilang bro jgn diem aja udah beli no free sama sekali jgn beli disini lg,0
ga akan bl lg dsni. thx. saya kecewa.,4
maaf bukan ingin menjelekan tp uang melayang barang tak sampai,1
kecewa! beli terpal sesuai rekomendasi penjual. terpal bocor lem tidak rata. chat ke penjual after sale tidak digubris. parah sih!,0
unreliable. walau dptnya flash sale rb tetep gak worth. cuma sekedar charge yg ringan saja mgkn ok ?,1
produk mantap sesuai deskripsi dan foto seller garcep tokopedia terbaik ?mampirmampir ke lapak kita juga ya gaes untuk produk bagus dengan harga spesial lainnya ?,2
paket sudah diterima dalam kondisi aman lengkap dan tanpa cacat. packing rapi dan aman pake bublewrap. berfungsi normal. ori masih segel dan harga bersahabat. seller ok recomanded,2
pengiriman cepat packing aman suka sm produknyatrimakasih,2
mentang dapetnya gratis dari tokped ehh dikirimnyapun seenak jidat packing jelek mainannya gak dicek dulu rodanya depannya gak ada jadi keretanya gak bisa jalan sorry gak difoto keburu kesel sekarang pun mainannya udh ancur kayaknya sama ponakan saya. next kalo ada pesanan jangan diliat dari apapun ya cukup layani aja dengan penuh hati .,1
dateng udah robek bungkusnya kertas kotor. udah wanti ke penjualnya pdhal biar ga kayak gini eh tetep aja begini bingung?,1
padahal udah tanya sebelumnya sama penjualnya ada ga balon warna gold dama silver ? kalo ada mau pesen balo gold sama silvernya aja pcs. yang dateng warna warni kayak gini. sebelumnya udah chating katanya oke hufth padahal udah kali beli di sini baru kali ini aku kecewa,4
proses pengiriman mengecewakan. sebagai customer sangat merasa tdk dibantu ketika bertanya penjual merespon dengan kurang baik. so sad,4
bukunya bagus bgt semoga anakku suka. pengemasannya rapi dan cepat meskipun ada yg lecet dikit tp seller mau bertanggung jwb dengan ksh diskon. respon sellernya ramah sekali. thanks yaa,3
cepet banget pengirimannya pengemasannya pun cepat dan dengan plastik bubble yg tebel banget jd aman.,2
produk tiruan cacad .gx bisa ricord .untuk pembeli lain sebaiknya jangan beli produk ini kalo tidak ingin rugi. lebih baik beli merk taffware atau taffstudio yang sudah lama produksi v. casing boleh sama tp kualitas jauh sekali. dri pada buang buang duit . clip on aja bisa ricord suara ini suondcard gx bisa . product sangat gx jelas,1
? barang dipesan tanggal baru dikirim tgl _ mantep ga tuh mantep ga tuh,1
barang gak bisa dipakai ? parah ini mah,0
gamepad mantap tombolnya jg enak tp sayang ukurannya kekecilan. packing jg aman dan pengiriman cepad,2
barang sesuai deskripsi cepat sampai,2
ga jelas ga ada instruksinya rakitnya ginana. sepertinya juga barangnya beda sama yg saya pesan.,0
belanja disini mantap pengiriman cepat dan barangnya rekomended dan packing aman dan rapi bakal belanja lagi disini insyaallah,3
paraahh bgt box hipseat tdk sesuai dgn yg saya pesan. box rusak banget padahal kemasan luar rapih. itu berarti box sdh rusak sblm dikirim tapi maksa dikirim ke cust. bahan nya agak kasar ga lembut. saya khawatir ini gak ori. walopun lg promo tp tolong diberesin dong pengemasan nya. masa salah box gimana sih.,1
sambal nya asem chat penjual gak respon kecewa,4
bebas bahan kimia proses cepat hemat listrik ? boros listrik bisa muat banyak gampang dibawabawa bahan kokoh gampang dipakai penjualnya ramah banget proses pesanan cepat packaging aman ? packaging rapi respon penjualnya top,2
packing nya rapi. brg pesanan dlm keadaan baik,2
pemrosesan serta pengiriman produk cepat padahal bukan di daerah jabodetabek. produk diterima dengan sempurna buah micro usb data cable kualitas premium dan ada bonus kartu perdana smartfren. trims,2
trima kasih szsdrum barang sdh sampai.sukses terus szsdrum. ?,2
sesuai harga,2
akhirnya bisa main mc online bareng temen sellernya benarbenar baik ngasih panduannya jelas banget. mantab pokoknya,3
sedih ga dapet gratisannya padhl yg lainnya pd dapet,4
saya tulis dicatatan hitam dan putih tapi yang dikirim hitam semua apa gunanya catatan? lagian ini kaos kaki anak sd ga muat di kaki orang dewasa.,0
barang tidak dikirim dikasih resi kosong,1
mantap barang oke,2
tulisannya kayak kopian atau cetakan ulang,1
terima kasih atas pelayanannya yang baik dan cepat senang belanja di sini semoga sukses selalu untuk tokopedianya,2
respond seller cepat pengiriman segera. produk berkualitas. mantap banget.,3
gagang sapu terlalu pendek.packaging kurang rapi dan aman tapi so far brg sampe dgn selamat,2
udahhh responnya lama . estimasi dateng ya . carabungkusnya ga rapih dalemannya ristek pulaaa . kecewa sihh ini mah !,4
susah bgt pasangnya! gak kuat menahan airnya!,0
knuckles karetnya agak kurang nyaman terus pelayananya slow respon,4
pengiriman cepatpackaging sangat aman.langsung dikasi member vip. thanks abbot. jika bisa harga dtoko cabang disamakan dengan pusat.,2
cukup ok,2
mantab dah .si kecil suka.terima kasih seller.ama pengiriman nya.terima kasih toko pedia,2
gak ada packingnya blas cuma di kasih tempelan doang?,4
barang bagus dan pengiriman cepat,2
puaass belanja di seller ini,2
saya kecewa di tunggu tidak ada respon yg baik dari penjual nya,4
respon cellernya setengah mati nungguinnnn.pengiriman nunggu berhari hari padahal pake pengiriman instan dah bayar ongkir mahal celler sama pembeli tinggla di jakarta utara g arekomen buat pembeli lagi cari yang lain.dari pada emosi nungguin,1
hati barang rusak di kirim,1
tidak menerawang. modelnya cantik . bahannya adem. warnanya cantik . ukuran sesuai. jahitan rapi.,3
service mengecewakan. lama pengiriman.,4
sudah saya terima belom tau kwalitasnya semoga awet en bener bagus. thks alls?,2
hancurrrr. agak keras dan rasanya sudah lama,0
ga berfungsi dengan baik,4
pelayanan mengecewakan,4
semoga lancar yah langganannnnn,3
bahannya adem. jahitannya rapi. tidak menerawang. enak dipakai .,2
orderan sesuai dan kualitasnya juga ok. pengiriman tidak terlalu lama.,2
kuasnya kurang bagus terlalu tebal.,4
barang jelek patah diisi gas bocor,0
produk sudah di terima dgn baik exp aman masih jauh. thx soho,2
lumayan lah buat pemanasan,2
warna tidak sesuai. yaudalah drpd repot ngirim balik.,1
bohong. sama sekali tidak manjur.,0
benerbener sesuai ekspektasi sih auto belajar triumph ?,2
pembelian pertama pelayanan terburuk. respon lama kirim lama,0
bahan tipis .gak sesuai motif garis spt foto.minta pink dikirim warna merah.cape deh.mending fotonya diganti .jgn pajang foto yg gak sesuai brg ready. saya pesen polos. strip. yg rb yg rb. cb dicek dulu.dan minta warna pink,4
dichat katanya warna biru readywktu order jg sdh dikasih keterangan warana biru.tp knp yg dikirim malah warna hitam? tapi ya sudahlah sy terima saja,1
tipis banget dan talinya beneran sekendor itu tapi tali ga masalah si yang penting ketebalannua. ini sama aja tebelnya kaya masker yg wrna biruijo itu. awalnya baca komen ga percaya soalnya evo lumayan mereknya. ternyata beneran tipis bngt.,4
klik klaim hadiah rupiah dari tokopedia tapi malah tidak di kirim sampai satu minggu. padahal stok masih ada sangat jelas masih tersedia di bar ijo. dicek sedang dikirim dan ada nomor resi tapi tidak valid. entah yang salah di seller atau ekspedisi. mengecewakan pelanggan baru yang baru gabung di tokopedia. semoga kedepannya tidak terjadi lagi.,1
material produk bagus. kualitas produk bagus. ukuran produk sesuai. produk original.,2
agak kecewa karena ga sesuai ekspektasi gambar yg tangkainya begitu bening dan nampak kuat cuma yg bener ukuran skitar cm yg lainya sambungan.,4
pesen warna merah yg dateng warna hitam. padahal udaj konfirmasi di chat.,4
udah tertulis buble tp gak ada bublenya.untung g pecah.mau komplain nanggung uang rb,1
susah payah narik balonnya biar mekar eh bolong.,4
barang sesuai deskripsi. seller fast response. pengiriman aman sampai rumah.,2
ga jelas info bohong yang bikin pengalaman tidak menyenangkan kalo mau beli produk dbe cari toko laen yang ini tipu tipu headphone dateng dengan keadaan bikin kuping sakit,1
thanks atas respon nya. informasi yg diberikan jelas product nya oke bgt. uda x order kesini. barang yg di kirim rapi n cpt sampe nya.,3
sesuai gambar dan order packing nya bagus mantap gan,2
barang sesuai pesanan free sticker lucu packing kurang aman tp barang mulus no cacat tp bnyk debu ny jd harus di bersihin lg supaya bersih ?,2
untuk pengatur besar topinya dari plastik dan gampang putus,1
barang yang dikirim tidak sesuai yang dipesan.,1
baru co beberapa jam kemudian udah dipacking pengiriman super cepet dan yang penting produk aman ga ada yang tumpah?ini sabun oke banget buat nyembuhin jerawat badan plisss jangan discontinue yaaaaa. mintnya seger bgtttt,3
janji bisa kirim instant segera karena kita mau pakai segera nyatanya anda tutup toko baru di kirim. paket sampai malam. pas besoknya di coba ternyata ssd nya tidak terbaca. dan bilangnya kirim ke toko agarnbisa di kirim lagi segera yang baru. sama di tangerang ongkos gojek instant rb berarti dekat. dan tidak di kirim sampaiiii minggu baru di kirim. sangat terlihat sengaja sekali di lamain. sangat tidak professional dalam berjualan online anda jual barang rusak pun tidak ada etikat ucapan maaf. dan sebagai penutup yang saya anggap licik dan pelit sekali ongkir nya di suruh kita yang tanggung pas barang sampai. kalau di lihat begini mah lupakan garansi produk yg bakal di ganti baru bila terjadi rusak di kemudian hari.,4
salah kirim warna sy minta warna pink biru hitam yg dikirim merah hijau hitam lampu led tdk nyala !,0
paket sdh sy terima belum dicoba smg anak sy suka semoga berfungsi dan awet makasih ya kak,2
mantap sesuai dengan yang saya pesan. packing rapih. pengemasan dan pengiriman cepat.terima kasih seller.,2
beli bubble tp gak di kasih bubble biasax gak kecewa kali ini kecewa,4
case kardusnya dah lama dan robek di box nya ada bekas karat dan strip led cuma ternyata. ?,4
harga murah deh. packing aman banget dilapisi bubble wrap yang sangat tebal juga dus yang tebal.,2
bukunya asli atau ga sih? kok kualitas kertas jelek ga berwarna lalu ucapan terimakasihnya masa disecarik kertas kecil terpisah gitu ga dijilid bersamaan. delivery ok bgt cepat sampai respon penjual cepat. hanya kecewa dengan kualitas barangnya saja dengan harga segitu kualitas jelek.,1
barang sesuai gambar dan originalpenjual responsifbarang cepat sampai.,2
dudukan tatakan kompornya diterima sudah patah. akhirnya harus ke tukang las benerin lg. keluar duit lg,4
mantap barangnya,2
barang mantap sesuai deskripsi tapi belum di coba semoga awet ?,2
ternyata tidak bisa dipakai di redmi s tetapi di laptop bisa. tidak sesuai harapan,4
cepet pengiriman nya.bahannya lumayan tebel. mudahan nyerap keringet,2
sesuai pesanan. bahan nyaman dipakai.penjual fast respon. packing juga rapiii.,2
sim card ok mudah dipasang dan mudah langsung di gunakan,2
barang ada yg tidak dikirim penjual janji akan dikirim pada saat sy order berikutnya. tetapi sampai order ke dateng tidak disertakan juga kekurangan barangnya. penipu sellernya.,0
bahannya enak bagus dan nyaman,2
highly recomend ?mantap seller ini pengiriman super kilat cuma xjam sampaiada yg kurang kirim saya wa cepat dibalas dan langsung dikirim kekurangannyaramahrespon sangat baik.,2
barang okelah standard yg bikin males tokonya slow respooonn. padahal sering online. chat gak dibalas. hr baru dikirim.,4
udah order buble tapi buble nya gk ada . untung gk kenapa,1
rekomended seller barang sesuai deskripsi tingga dicoba saja niceee,3
check in nya gampang bgt cuma kasih liat aja invoice sama ktp next mau lah order voucher lagi di sini makasih,3
bahanny ga enak,4
mantep bangettt coklatnya. beli lagi promo terus masih ditambahin voucher juga jadi mumer pokok deh,3
kualitas product bagus. material bagus. recomended. terimakasih untuk tokopedia dan miniso karena saya dapat tong sampah plastik nya gratis semoga berkah untuk saya dan untuk tokopedia dan miniso . tong sampah nya sampai dalam keadaan utuh dan masih bagus serta nyaman digunakan dan mungil juga dan bahan nya lembut soft doft yaa jadi kalau dimainkan anak tidak akan melukai apabila tidak rusak seperti pecah dan semoga awet menemaniku sampai hari yang akan datang .,2
barang bagus packing rapih dan aman harga murah pegiriman cepat thank u seller,2
ga amanah !,0
hampir sempurna packing nya doang yg kurang aman dr benturan,2
sudah sesuai dengan pesanan,2
barangnya ga dikirim sampai hari ini,1
pengiriman sangat cepat masker jahitannya rapi dan bahan kain baik,2
beli bolpen dan refill. kok yg dikirim mainan anak. bagaimana tanggung jawab toko nih!,0
sangat kecewa dengan produk ini karena saya melihat banyak partikel hitam kecil di dalamnya! bagaimana kita bisa membersihkan tangan kita dengan pembersih yang kotor? tidak akan membeli ini lagi.,4
terima kasihh boss mantappss. smoga lancarr n berkah rezekinya.smngttt boss ?,3
bangkai yg ada.sdh pd mati semuanyaaa,1
pesanan sesuai warnanya cuman bahannya tipis banget ya. kalau dipakai foto masih tembus bagian belakang. tapi kualitas menyesuaikan harga sih. ?,2
proses pesanan cepat. packaging rapi.,2
mmaaaanncccllaaappp. ?,3
mesin kasar pelayanan kurang,1
baru dipake sekali sobek pantatnya. padahal agak kebesaran sizenya.,4
sedikit agak lama pengiriman nya dan pengemasan plastiknya tipis,4
paan gada ngaruhnya samsek! kecabut aja kaga,0
efektif menyaring kotoran. manteb lah. jadi. jernih banget ini air,2
kurang bagus bahannya,4
seller sombong shok ngirim lambatttt percuma pake same day bangunnya siang kali,0
not recommend gak sesuai sama harga beli di toko lain dengan harga sama kualitas jauh maaf review jujur,1
produk sesuai deskripsi. kualitas produk bagus karetnya tebal buatannya rapi halus. thanks seller for flash sale.,2
barangnya lumayan bagus hanya saja kurang bass nya,2
order pake kardus ternyata dikirim pake plastik doang,1
gak sesuai dgn pesanan dan pengiriman pengganyian produl tanpa konfirmasi,4
terima kasih pesanan sesuai,2
bagus suka udah x pesen di sini ketagihan bahan alus .,2
gagang patah. coba dilem pakai lem cina blm tau kuat apa ngga ?,4
pesen lilin malah dikasih mo dibalik jg angka jd ga ada sumbunya. kacau.fatal bgt gak dicek dlu sblm kirim ke customer,1
pesen putih yg sampai hitam. giliran sy mau balikin boleh sih ditukar sm yg putih tapi ongkir mereka gak mau tanggung. sama jg boong. padahal jelas mereka blg kesalahan mmg pada mereka,0
mantap! harga dan kualitas sebanding. lebih worth it daripada battery ori nya btw. padahal beda durasi battery ny cm beda belasan menit tp harganya beda ratusan ribu. mending pake battery powerextra tp beli banyak.,2
positive sesuai pesanan terima kasih pas ank sya suka,3
baru juga dipesan langsung di prosespenjual ramah beyblade berputar kencang seperti dan juga harga lebih murah dari toko laen,2
muantaap tepat waktu packing memuaskan tks?,2
barang sesuai pesanan dan telah diterima dengan baik. terima kasih.,2
proses pesanan cepat. packaging aman . packaging rapi.,2
nyaman digunakan membantu mengecilkan perut setelah melahirkan,2
barang tidak bisa digunakan dan tidak ada cd driver nya,4
kali ini dimsum nya hancur,4
wekernya bagus gampang settingnya baca petunjuk jangan males rgb lightingnya juga masuk di body warna hitamnya barangnya irit space dan yang paling penting angka di led nya gampang kebaca waktu terang,2
packing oke banget ikannya juga mantebbb langganan nih,3
bahan tebal. barang sesuai deskripsi pengiriman cepat,2
baru pesan brg tdk sampai menit kemudian mengajukan pembatalan malah ditolak. padahal sy ingin memesan ulang krn salah menggunakan metode pembayaran. pelayanan jelek sekali,1
fast respon sesuai pesanan kualitas bagus semoga makin berkah,2
seller tidak bertanggung jawab. ?,0
saya kira bukunya gede ternyata kecilselain kecil tidak tebal juga.untuk packing lebih di tingkatkan lagi karena bukunya ujungnya basah.selebihnya termasuk respons bagus .,2
dompetnya kecil bahannya tipis.,4
beli cuma dikirim males complain ?,0
barang nya kotor banyak bintik hitam dan bintik putih mungkin jamuran.,1
tidak berfungsi tapi yaa sudahlah sudah ditambah daya pakai mikro usb cas hp tetap tidak bisa,4
alhamdulillah bos barangnya sesuai pesanan nyampe dalam waktu hari luar biasa terima kasih banyak semoga lancar jaya dan untuk temanteman jangan ragu untuk belanja di toko ini terima kasih,3
fast respon barang bagus panasnya juga bagus,2
salep nya di bikin dulu jadi lama baru sampe. beli tgl. eh. tgl. baru sampe. untung salep doang. kalo obat mah keburu mati yg sakit. mending beli di toko obat dah,0
saya kecewa sudah sering banget beli disini tapi packingan nya rusak . bolong bolong kayak dimakan tikus . ga mungkin banget kalau ini pecah dijalan . bisa minta retur ga soalnya ga layak banget,4
barang dah lama. benyek benyek. ada kerusakan ga diganti. pengemasan buruk. harap menjadi pelajaran.,4
miring dan penyok,4
baru sehari udh basi t_t,4
respon seller dan pengiriman cepat paket aman produk baru dicoba dan blm bener tau efektif atau ngga botol aman gak bocor dan sprayernya bagus. thanks a lot seller!,2
sdh kali belanja fast respons amanah,2
gak dpat tefal seperti info.dan gak ada konfirmasi terkait hal ini.udah beli beberp kali sesuai tp kali ini sama sekali tidak sesuai.mending official store ecommerce lain.buruk sangat buruk,1
hasilnya tahan lama. hasilnya matte. nggak cepat pudar. packaging aman . proses pesanan cepat.,2
barang sudah diterima nih kak makasih yaa,2
dikabarin yg elephant size l kosong minta ganti chevron yg penting bs kembaran kk adek bisa dongs. gausah diraguin bahannya pasti adem,2
service pengiriman cepat,2
jelek banget!,0
respond cepat packaging rapih semoga efeknya cepat bermanfaat di rambut.,2
kemasan rapi n baju sesuai pesanan serta pengiriman cepat makasih.,2
cepat rusak gampang sobek. kotor. tidak recommend.,1
bahan celananya sangat amat tipis dan menerawang gak sesuai gambar. di gambar kayak katun tebal gitu tapi aslinya yg dikirim tipis dan gak banget ya. maaf.,0
pengiriman super cepet. super recommended bgt. cepat mengisi daya. terima kasih,2
begitu datang ini langsung dicobain semua berfungsi baik. saya suka karena mistnya lembut dan modelnya itu lho keren banget! puas dan semoga awet. respon proses pengiriman toko cepat dan kemasan aman. terima kasih banyak untuk bonusnya ya,3
bagus sesuai gambar.mantapp,2
bahan tipis sekali,4
yg dipesan yg dtg barangnya beda ga ada konfirmasi mau retur juga mahal di ongkos sudah lah,1
beda dengan iklannya,1
saat di charger kenapa gak bisa hidup. tolong beri solusi. saya tidak bisa pake,1
belanja ke dua kalinya. barang ori packing super aman. mantap gan?,3
gk di kasih ini padahal sya sudah beli,1
pengiriman cepatpesanan sesuai packing amanbaru mau coba mbakoan next cari bako yg rasa lainmtr nuwun,2
pengiriman lumayan cepetttt. proses agak lama paking bagusss pake dus. harga pas lg promooo respon cepettt.aplikator mudah dipakai. desainnya mewah.,2
gak ada instruksinya. bingung jadinya,4
maskernya rapet packaging rapi lengkap dengan kotak masih berprelastik,2
barang kualitas jelek kaki patah banyak pecah sedikit ditekuk pecah dan copot. blum sempet pake udh tak buang aja,0
sudah beberapa kali belanja disini dan tidak pernah mengecewakan baik pelayanan maupun produk dan packaging nya. barang sesuai dengan yang di request original. packaging nya bagus dengan bubble wrap yang tebal juga dilapisi kardus jadi aman deh selama pengiriman.,2
bahan panas tipis gatal kalau dipakai lebih dari jam,4
bgs cepat respon dan pengirimanny,2
kecewa suara rekaman kecil sekali,4
suka banget. makasih kak,3
baru dipakai x tidak sampai menit penghisapnya mati total,4
coklat nya sampai dgn selamat tdk leleh packing aman pengiriman cepat harga murah. thank you,2
kecewa penjual ga tanggung jawab komplen berhari gada solusi,4
material produk bagus. ukuran produk sesuai. kualitas produk bagus. produk original.,2
satu pcs dipakai jam panas satu lagi tidak bisa fast charging. dibuang ke tong sampah langsung.,4
sangat sangat sangat sangat slow respon,0
respons penjual lemot seperti ogahan melayani. bahan kaos mudah melar apalagi pakai mesin cuci.,4
barang sampai dengan baik produk cukup bagus suara tidak melengking radio cukup jernih semoga bermanfaat.,2
barangnya bagus harganya murah,2
pesan box yang disegel plastik hanya buah yang lain tidak ada segel. ini apa maksudnya ya kenapa dibedakan seperti ini? bagaimana higenitas masker ini?,1
katanya bisa ditempel ditembok tapi tempelannya kotor banget udh dicuci jg tetep kotor jadi gak melekat sama sekali. sangat disayangkan karna harga nya lumayan mahal utk yg kualitas yg seperti ini.,0
mantap barang nyaa aman alhamdulillah,2
ga bisa di pakai,1
beli tapi ada satu barang yang rusak malah disuruh benerin sendiri,1
kualitas barang tidak bagus,0
segel rusak agak ragu sih dengan kualitas nya sempet komplain disertakan video unboxing saat paket datang. tp sama penjual direspons negative. yasudahlah. kapok beli disini,1
produk bagus enak buat dipake nulis?,2
terbaiklah ini alat harga rb bisa dipakai berkali. baru datang langsung tes dan waow mantab kali ini alat kecil cabe rawit. aki cba cas jam aja langsung bisa stater motor tua saya. saya suka alat murah tp fungsinya good dah.,3
gua beli dapetnya v di desc gada penjelasan mengenai versi bagusan v apalagi rgbnya rgb v bener bener cuma red green blue sisa warnanya gaguna switch puller gadapet rgb redup pula ngga ada pemberitahuan mengenai versi keyboardnya bener kecewa kapok beli da ambil ae vrtx v tuh bagus drpd ini kecewa mau gua jual lagi pokoknya,0
pelatuk kurang bagus. sudah tidak mau nyala sekarang,4
faster better cheaper,2
pengepakannya kurang saveti sehingga barang di terima dalam keadaan rusak pecah dan retak jd tidak mungkin bisa terpakai.,1
barang bagus. saran utk pengiriman tolong kotak nya dikasih tulisan fragile. tadi punya saya di jatuhin di dalam pagar alhamdulillah gak pecah barangnya,2
product sesuai deskripsi packing rapih. beneran fast charging ! terima kasih baseus !,3
baru seminggu pemakaian sudah tidak bisa nyala sebelah,4
sesuai pesanan trmksi.,2
tidak sesuai pesanan .barang yg kirim kurang. penjual asal paking saja tidak teliti,0
alhamdulillah paketan datang dgn cepat dan penjualannya ramah semoga tambah sukses,2
terimakasih paketnya sudah saya terima. sukses terus ya,2
top banget kurir ramah banget udah langganan sicepat top dah terimakasih seller dan kurir gak lupa juga tokopedia terimakasih ?,3
sangat kecewa.karrna keterngannya lembar.,4
salah satu stik tidak berfungsi. coba chat penjual tidak direspon.,1
bahan tipis kualitas buruk,0
barangnya saya terima dalam keadaan pecah di bagian sudut padahal posisi itu dilapis gabus pelindungnya loh. jadi saya berasumsi kalau barangnya memang sudah pecah dari sebelum dikirim bukan saat ekspedisi. sayang lupa videokan saat unboxing.,4
mantab. berfungsi dengan mantab proses pengiriman cepat. top,3
ya cukup puas makasih ?,2
ukurannya tidak sesuai harapan,4
bagus dan puas,2
mainannya rusak gak bisa dipake,0
barang sesuai dengan pesanan. kotak maskernya lucu. terima kasih,2
bahan okepacking rapi dan cepat sampai,2
baguss bgtttt sesuaii btw aku bli yg s and s,3
paketnya udah dibubble wrap tapi tetep aja penyok syukur dalemnya gpp. berfungsi dengan baik tapi entah nggak disemprot aernya rembes ke lantai. untuk qualitynya oke aja sesuai harga lah.,2
bahannya nyaman . nyaman di punggung. gampang dipakai.,2
packaging rapi. proses pesanan cepat. packaging aman . gampang dibawabawa.,2
nyaman dipakai kemasan bagus pengiriman super !,3
barang rusak tidak bisa adi charge . sehinga tidak bisa dipakai. respon penjual sangat lambat . saya kecewa sbgi pembeli !,0
murah meriah jd lgsg beli ccok nih buat yg bibir nya kering kya aku lumayan buat pelembab bibir ga perlu mahal .,2
barang tdk bisa dipakai suara tdk keluar . sangat mengecewakan,4
terimakasih buku sudah sampai,2
enak celananya nyaman dipakai,2
jilbabya lecek dan banyak benang jahitan,0
pesen playdogh dikirim cuma pesen stamp tp ga dikirim.padahal byr full.ga ada cfm sama sekali.sangat ga rekomended tokonya maaf sy ksh bintang lain kali hrs lebih amanah kl jual,1
barang baru diterima dicoba ternyata sudah rusak masak nasi tidak panas. setelah dibawa ke service center ternyata heating element nya yang rusak dan harus nunggu service minggu dan tidak bisa ganti baru. padahal barang baru datang dicoba sudah rusak. sekarang kondisi belum megang rice cookernya masih nunggu diservice repot juga service adanya diluar kota.,1
bagus angin nya terasa kuat tapi belum kebiasa ama getarannya doang yang agak kuat,2
keripik tempe pecah. packingnya kopong. edit rasanya juga asin banget beh ga recommended yah mecin banyak. orang juga tau bisa dikomplain bahkan ga pake asuransi pun bisa komplain. cuma worth ga sama waktu yg dihabiskan buat komplain? penjual yg ga bisa terima kritik ga layak dapat bintang. maap yah perbaikin lg packingnya ekspedisi manapun kalo packing keripik pake plastik setengah kosong ga padat ya ancur koclak dalam dus. mau pake buble juga mubazir.,1
untuk toko berstatus official store toko ini tidak profesional. saya chatt ketersediaan barang tanggal desember jam pagi dan di jawab oleh admin barang ready jam pagi. seketika saya toko anda tidak akan melayani buyer yang memberi rating jelek sementara toko anda sendiri tidak proferional.order. ternyata sampai sore barang tidak di kirim dan baru tanggal desember jam siang di info kalau barang kosong. order saya baru di kirim tanggal desember. anda menyarankan order packing tambahan demi keamanan saat pengiriman dan itu sudah saya penuhi. padhal di toko lain tanpa ada biaya tambahan packing sudah menggunakan kardus itupun harganya barangnya lebih murah. sebagai buyer saya cukup sekali ini saja transaksi di toko ini. terima kasih.,1
setelah kemasan dibuka tercium aroma kecoa yg sgt menyengat. entah apakah mata bor disimpan di tempat yg bersih atau tidak.,1
puasss banget packing aman. barang diterima dengan selamat. thank you,2
produk original. barang sesuai deskripsi. bahan tebal. keren.,2
kayaknya dapat yg baterai yg jelek atau drop . males kirim balik tp masih bisa digunakan cuma setiap kali jalan harus setting tanggal dan jam mulu . tombol charge juga warna merah gak pernah nyala,4
barang lecet tidak bisa diganti karna saat unboxing tidak di video pelajaran untuk yg mau beli disini. kalo mau buka paketnya di videoin biar ga kaya saya dapet raket lecet,1
tidak menerawang. mudah dibentuk. nyaman dipakai. jahitan rapi. bahannya adem. warnanya cantik . modelnya cantik ?,3
udah dateng. proses cepet. thankyouu.,2
baikpacking aman pengiriman cepat,2
baguuuus sisirnya halus banget. udah aku coba pake ke anak bulu aku ?,3
jujur utk harga segini sudah melebihi ekspektasi saya. nyaman dan jahitan rapi ga ada yg brodol,2
sama sekali gk bisa dpake asli nyesel,1
bagus banget gas torch flame gunnya dan penjualnya juga fast respon dan pengirimannya juga cepat. produk original. packaging bagus. produk berfungsi dengan baik.,3
bahannya bagus seler ramah,2
barangnya bagus pengirimannya cepat cuma kekurangan agan satu ini yaitu terlalu baik dan ramah bahkan pengiriman di hari minggupun dijalankan. tuhan memberkati sehat dan sukses selalu. terima kasih.,3
pengiriman cepet tapi qualitas barangnya jelek kekuatan baterai nya cuma bertahan menit klo dicas ada suara berdesis.,0
pesen lapis dikasih selapis untung aja visornya aman amsyong,0
semua tombol x tidak berfungsi sama sekali jadi mubazir sekali,4
kualitas tali jelek masker nya cukup tipis dengan harga lumayan mahal agak ga worth it aja,1
respon seller cukup baik. proses pengiriman baik. kurir pengiriman cepat. produk untuk stock semoga cocok pakai,2
isi buku bagus saya beli sekalian minta disampul. tetapi halamanhalaman banyak yang menyatu harus kita potong dengan cutter atau pisau secara manual. sebenarnya saya tidak masalah tetapi saran saya sebaiknya seller memeriksa kembali barang sebelum dikirimkan dan memberitahu apabila ada kecacatan. kemudian bila ada konsumen yang chat setelah barang sampai jangan cuman diread saja. semoga bisa jadi bahan intropeksi dan membuat tokonya lebih maju,2
lilinnya bagus tidak berbau tahan sd jam,2
produk tdk ada dalam paket,1
tidak licin. pembelian ke sekian. bagus warna sesuai gambar.,2
tipis bagian dalam kurang rapi untuk harga segitu jadi mahal krn ga awet,4
suka dengan bardi ini. membantu banget matiin beberapa alat pas jam nya tidur dan hidup di pagi hari.dirumah sudah pakai beberapa alat bardi seperti cctv. di akses nya sangat mudah walau diluar rumah. keren?,3
asli bagus bgt,3
ah apaan ga ngaruh apa yang ada bikin iritasi! gatal gatal merah jadinya,0
bagus banget kabel nya ada rgb nya pengiriman nya juga cepet. terima kasih banyak.,2
plastik pecah jd lembek sebagian,1
box tidak disegel dan masker di dlmnya tidak dibungkus plastik jadi ragu apakah maskernya higienis dan steril.,1
pesanan tidak sesuai barang yang dipesan adalah merk gm bear warna putih tapi yang dikirim merk buck warna hitam saya sangat kecewa,4
nyaman di punggung penjualnya ramah banget,2
pengemasan lambat banget pengiriman lamaaaaaa!,0
yg dikirim russakkkkk guys ampun dahh,0
kecewa. krn pd saat brg tsb sampai kami tdk ada dirmh. dan oleh kurir paketnya dilempar yg mengakibatkan bodi wajan tsb penyok.,4
paket gepeng gosend gak bener pelayanan kurang bertanggung jawab done.,0
plastik yah ada harga ada kualitas,4
salah satu yang terbaik packing rapih dan kualitas makanan sangat bagus,2
respon seller sangat baik catnya tidak berbau warnanya sesuai order cheese cruse. pakingnya sangat baik. semoga pas diaplikasikan tidak mengecewakan hasilnya. gosend nya juga tepat waktu. terima kasih ?,2
warna tidak sesuai permintaan padahal sudah di beri note tetap saja dikirim warna random,4
ga sesuai foto . dan bahan bukan kulit lembu bohong,0
warna dusty difoto sm aslinya beda sama ada bagian atasan depan kotor seperti tinta bolpen,4
barang belum sampai sampai hari ini toko pefia tolong reviwe lagi kerjasama dengan kurir antaraja itu sangat lelet dan gak bertanggung jawab barang belum sampai sdh di konfirmasi diterima pemesan hadeeehhh kurir abal.lama super lelet,1
all positive overall feelnya enak dulu sempet punya aga nyesel juga dulu sempet jual dri build quality beda lah sama controller dng harga yg sama better banget feel kerasa kokohnya buat housingnya ?,2
kualitas product bagus. material bagus. recomended. harga terjangkau.,2
hasil pemakaian sebulan rambut terasa halus tebal hitam rontok berkurang.untuk uban belum terlihat hasilnya.lanjut order botol ke,2
parah kecil banget. padahal ukurannya l dan xl. ini mah buat anak sd kaga bisa buat orang dewasa sekalipun dengan negativean kecil.,0
sleeping bag nya not recomend tipis banget?,1
pesan warna coklat yg sampai warna abu abu . lain kali tolong klo mau jualan lebih profesional lagi !,0
bahan tidak kulit. tidak sesuai iklan.,0
produk sampai dengan cepaat dan amaan thank youu ?,3
nyaman di kulit. packaging simpel. proses pesanan cepat. packaging aman . packaging rapi.,2
paket sampai super cepat. barang ori dari official.shop gitu lho. baru akan digunakan hari ini. kalo ada hasilnya aku pesan lagi.,2
lumayan bahannya dan harganya murah,2
saya pesan warna mustard tapi tidak sesuai,1
bahan sangat mudah bengkok pdhl hanya sepatu sambungan mudah lepas.,4
saya melihat review produk ini hasil suara kualitas di youtube lumayan bagus. tapi kenapa berbeda ya ketika beli barang nya. noise nya masih terdengar meskipun pakai deadcat di indoor. dan ga compatible juga sama splitter jack.,1
pengiriman lama charger tidak fast charging,1
barang sesuai deskripsi berfungsi dgn baikmakasih jga untuk responnya yg sangat baik,2
aktual nya barang tidak diterima.padahal ini order ke untuk alamat dan penerima yang sama,1
packingnya rapihh bangetttt aman perjalanan jabodetabek,3
baik cepat pengiriman,2
luar biasa proses ya cepet banget ng sampe jam langsung di proses ng seperti lapak yg satu lagi yg di tanggerang pengiriman juga cepet banget recomended banget,3
sudah langganan beli mini gold disini ?,3
bagus . packing aman,2
mantab spidolnya jadi ngak hilang tulisan walau tulisannya di masukkan kulkas plastik asi,2
kripsusnya juaraudah kali orderselalu tandas di mulutnya anak.pokoke top markotop,3
pesen kopi keluarga botol yg dikirim cm botol. penjual dichat tidak ada respon sama sekali. sangat mengecewakan penjualnya.,4
agak kecewa karna isinya tumpah sampai setengah dan pengiriman juga lama.,4
gampang dibawabawa terlalu imut ukurannya,3
tidak komunikatif. wrn yg di pilih ga ada. sdh chat conform minta kirim yg ada aja. yg ga ada ga usa kirim. malah di kirim wrn asal.,0
sangat kecewa dengan pelayanan nya,4
warna salah. pesan warna hitam. dapat warna putih,4
kainnya lembut dan stretchy. ada hooknya yang bisa ditarik jadi kalau celana kegedean masih bisa disesuaikan dengan ukuran perut yg sekarang. ini all size dan pas banget. bahannya juga tebal jadi dipakai ga nerawang.,2
packagingnya rapi dan aman. harganya ok dan bagus sesuai dekripsi.,2
barangnya original . instalasi mudah. garansi resmi. tahan lama.,3
mantaap barang datang dengab cepat,2
baunya gak enak ini siapa yang rancang? suruh belajar coba parfum yg enak,0
barang sesuai permintaan n kedatangan sesuai estimasi,2
produk sesuai pengiriman cepat. harganya ribu pas flash sale. oke banget.,2
po udah sebulan gak sampai cm d kirim voucher dan di janjikan minggu k bulan juni di kirim . cuman sampe skrg udh akhir bulan juni blm terima juga di chat gak balas?,1
respon cepat packing rapih kecewa lubang teflonnya ngelupas,4
barangnya ringkih bgt. saya baru pake udh penyok. pdhl saya pake untuk mesin cuci kg. maap.,4
di keterangannya kuat jam.eh baru aja jam juga belum udah redup para,4
saya puas barangnya bagus sampai saat tidak ada masalah,2
pengiriman cepat pengemasan aman mudah dipasang dan digunakan bonus backgroundnya juga banyak. hasil fotonya cukup memuaskan bagi saya. hanya saja saya tidak begitu yakin dengan ketahanan bahannya apabila dilakukan copot pasang berulang kali. tapi secara keseluruhan bagus dan memuaskan,2
tooooopppp markotoooooppppppp.,3
recomended seller,3
harga mahal dan ga sesuai ekspetasi. cat ga rapih dan bahan kyk plastik murahan,0
barang tipis banget jd sampai udh pecah. jd langsung buang tempat sampah.,4
kondisi karungnya banyak yg bolong sehingga tidak bisa d pakai,4
pengiriman sangat cepat respon penjual juga baik packing amat bangt terima kasih seller,2
aman sampai tujuan dan cepat tinggal buka packingan blum sy cek mdhan tidak ada yg sobek trims bos.next order lagi,3
lancaaaaarr semuanya. kamarnya bagus. terimakasih banyak yaaaaa ?,3
terima kasih pesanan sesuai dan bagus. maaf inner nya sdh di pake si kakak.,2
pipetnya tidak dikirim. .,1
bisa melempar jauh. sesuai dengan deskripsi produk. selalu ready stock. packing rapi .,2
cepat memproses pengiriman. dipacking aman dan rapih.,2
barangnya yg dikirim tidak sesuai dg pesanansaya pesan tas stitch dan pink minnie tp yg dikirim tas minion kedua duanya?,1
micnya bagus sayang mini tripodnya ringkih banget punya saya sudah patah. btw saya beli mau coba saya gunakan mics dlm pc. di mac os micnya terdetect hanya jadi device saja karena product id yg sama walau sudah di colok nya. semoga ada update firmware terkait ini. krn di beberapa usb mic lain devicenya otomatis terdetect walau dipasang usb mic secara bersamaan.,2
barang dibungkus pakai bubblewarp trs pecah gatau dari jasa kirimnya atau pengemasannya selain itu jasa kirimnya lama bgt asli lumayan kecewa,4
produk sesuai deskripsi.,2
ga dikirim payah,0
produk sesuai deskripsi. recommended ?,3
mungkin pada saat pengiriman alangkah baiknya kalau di bungkus kardus. dr lembar lembar bolong. semoga kedepan lebih baik lg.,1
packing ok seller lekas kirim berguna buat organize koper biar gak acak acakan semoga awet thank you seller,2
sampai dengan selamat,2
ukurannya pas. cepat menyerap. tidak membuat lecet. udah langganan. harga murah dpt yg lagi trs dikasi sample susu. sukses selalu seller.,2
pelayanan admin sangat parah no respon,0
sablonnya pudar dan tipis bahannya tipisbut worth it for the price,2
banyak sekali game yang nge hang dan game yang sama tapi direname munkin biar banyak aja gamenya padahal ada game yang sama stick nya ada yang error ketika game yang ada effect vibrationnya harusnya dicoba dulu sebelum pengiriman,4
no comment deh. udh berkali kali beli cat ini. top bgt,3
suaranya jernih. nyaman dipakai lama. bassnya mantap.,2
produk sesuai deskripsi dan pengirimannya cepat,2
barang tidak sama antara yg di foto dengan yaang dikirim. tolong yg jujur jika berusaha meskipun nilai uang nya kecil,1
tolong di cek sebelum dikirim ya khususnya sd,1
baru pake hari udh berulah susah hidup kadang hang frezee blank saat lagi on komputer. minta di ganti gk di respon trs buat apa embel garansi lifetime? not recommended,1
gak guna dibeli aplikasi semua gabisa. moka cashlez semua gabisa. dulu beli apa juga ga connect. no recomended. harga mahal. support jelek,1
thanks gan paket udah mendarat dengan selamat.pelayanan ok mantab.super fast respon.top very recomended seller,3
pengemasannya seadanya lembukunya juga mudah patah. cdnya gak diplastikin diselipin aja dibukunya. semoga dapat dipebaki yah,4
awet buat seharian . puffnya mudah dipakai. gampang dibawabawa. makeup jadi tahan lama. proses pesanan cepat. packaging aman .,2
sesuai pesanan. kualitas ?,2
pengiriman oke produk datang dalam kondisi baik jumlah benar tetapi warna salah gapapa makasih yaa,2
pelayanannya mantap dan respon penjual cekatan serta pengirimannya yang singkat. terimakasihhh atas layanan dan bonus buku cintapergi,2
dapat flash sale dapat sekotak isi . murah bangettttt. produk bagus. sesuai deskripsi pengiriman cepat packing aman. terima kasih seller n toped.,2
waktu beberapa bulan yg lalu beli yg twin pack tapi bukan varian yg ini sih tapi itu isinya penuh yg sekarang ini isinya sedikit bgt tepos kyk dikurangin gitu sebelum dikirim dan yg dulu itu masih ada segel plastiknya yg ini enggak parah sih,0
ga adda mesin nya jangan di beli.,1
kualitas barangnya bagus sesuai dengan harapan customer respon chat jg cepat dan ramah. rekomended seller. sukses terus lapaknya gan.,3
kartu sd nya cuma gb katanya official tapi malah mksofficial. kecewa ini tidak original.,4
produk sesuai. produk berfungsi dengan baik.,2
pengiriman pertama sudah expired. barang diganti baru tp expired nya terlalu mepet jarak bulan ke tanggal expired. seharusnya dicek dulu sebelum dikirim ke pembeli.,1
maennanya macet g bisa nutup mulutnyakecewa,4
untuk produk untung datang nya bagusuntuk pengemasan buruk bangetbsa di bilang nggak layakdan agak penyok kotak nyakayak bekas pakai,1
jelek baru dicoba kali udah rusak. . giginya ga bisa di pencet lagi,0
mantap pastelnya. ini pemesanan utk yg kesekian kalinya. selalu langganan n puas sm rasanya. penjualnya jg ramah banget. rekomend pokoknya,2
packing rapi. proses pengiriman cepat.,2
harga barang bagus bnget dan sesuai harga. warnanya aja cepet pudar. sekali cuci aja udah langsung berubah,3
pantulan bagus lumayan lah,2
respon cepat pengiriman cepat sampai dengan baik dan bisa dimainkan,2
ada garansi resmi. kelengkapan sesuai. kemasan disegel. spesifikasi sesuai .,2
keras banget dan ukuran nya gede jadi nya dikit banget,4
tidak sesuai pesanan,4
earcupnya lembut. best value headset. sound mantap. nyaman dan praktis tinggal plug and play. mantaaaap laaah buat gamer,3
menggunakan bahan alami. melembabkan kulit bayi. tanpa bahan pengawet. aman buat kulit bayi. nggak lengket. nggak memicu alergi. proses pesanan cepat. penjualnya ramah banget. respon penjualnya top. packaging aman . packaging rapi.,2
penjual tidak ramah,0
tolong gan ps nya ga mw tampilkab gambar di tv pakai hdmi.lampu power yg merah kedap kedip trus,1
pengiriman cepet banget packing aman banget. pokoknya mantab,2
topi nya lembut tapi warna tidak sesuai dgn foto,2
memuaskan banget.pembelian ke ke korea beli pertama ke vietnam.selalu puaslgs konek bgt nyampe tempat tujuan.,2
barang sdh di terima dgn selamat dan barang nya muantaaap sekali.maju dan terus berkembang buat toko nya.,2
pengiriman cepat buku sampai dengan selamat keadaan buku baik baik saja buku tidak ada cacat dan kekurangan,2
sesuai deskripsi seller gercep interaktif rekomended,2
kecewa robot nya lemot kyaxnya ini yg kw ny ga lagi dah blanja disini,1
produk sesuai foto console yg dipakaikan hardcase pas masuk ke dalam pouch. packing aman pengiriman cepat. terima kasih!,2
talinya ud putus kok dimasukin lagi ?,0
kualitasnya bagus. kakikaki tripodnya kuat. bahan tasnya juga bagus. tebal sehingga tidak mudah sobek,2
gampang lepas dan kurang ngegrip di new fujifilm xt saya,4
pengiriman cepat aman thank you ubs,2
barang tidak sesuai dengan pesanan,1
celananya sudah dicuci dan dipake ma anakku. dan puas banget ma produknya. walopun harganya murah tapi tetep oke koq produknya jahitannya juga rapi. bahannya memang random dan ga bisa milih tapi masih sepadan banget ma harganya. pengirimannya juga cukup cepat. thanks seller .,3
bagus barang nya,2
stik berfungsi normal. sudah coba connect ke pc windows maupun macos bigsur semua aman. plug n play di steam dan apple arcade. packaging rapih seller fast response.,2
nipuini mah bukan yard wkwkwk kaco,0
recomended seller,3
kondisi buku krg bagus dan ada halaman tdk bs terbaca. balasan penjual yg seenak jidatnya,0
mantaaaaaaaaaaap produk original. pokoknya recomended seller,3
msker tipis biasa aja. krg berasa aman tuk saat pndemi. mlh lbh ccok yg biasa sy bli pkai. mhalll hrganya tuk produk lokal kualitas biasa.,0
belum sebulan pemakaian lampu pada jam dan indikatornya sudah mati dan tidak berfungsi lagi. padahal jam tidak pernah jatuh atau terkena percikan air. sebelum mati jam hanya bisa menyala paling lama hari setelah batre dicas penuh jadi tidak sesuai dengan iklannya yg bisa bertahan belasan hari,1
packing rapi suka barang bagus bgt semoga awet,2
barangnya original . kemasan disegel. proses pesanan cepat. respon penjualnya top.,2
barang ga mulus banyak bekas tekukan seperti beli sampah aja,0
puas banget.rekomendid banget blnja d sini,3
brg yg diterima tidak sama dgn yg di etalase toko tipis seperti kotak nasi padang pdhl dikira tebal krn utk kirim kado ke luar kota.,4
bungkusan barang robek ada bagian kertas yg sudah kuning menandakan barang sudah lama terbuka. sangat mengecewakan,4
pengiriman cepat packing aman barang bagus sesuai deskripsi terimakasih,2
produk yang dikirimtombol putih buat setting besar kecil nya semprotan tidak berfungsi. bagaimana?katanya garansi hari,0
barang sampai dgn aman dan dalam kondisi baik terimakasih. sukses selalu.,2
nicee ada segel plastik jg jadi aman dan asli.,2
packingnya rapi bagus barangnya pengiriman cepat sellernya responsive ok banget deh bakal pesen lagi! makasih seller!,3
bahannya adem. nyaman dipakai. agak menerawang dan tipis,2
sampul gompalgompal kayak barang reject,1
barang gak berfungsi kalo mau dikirim cek dulu bos senter gak hidup udah di cas seharian packing juga tidak bagus jadi bungkusnya ada yg pecah,4
puas pengiriman cepat barang datang tanpa cacat pengemasan bagus trmksh,2
jelek bgt nyesal jadi nya,0
barang sudah diterima dengan baik dan response seller cepat. thanks ya gan. ?,2
respon sangat lama sekali no recomended,1
saran buat tokokalau bisa pengiriman nya jangan lewat antaraja . kalau bisa disarankan pegiriman nya lewat yg lain aja,1
yang bener aja dong saya beli susu masa kemasannya kaya gini.bener kecewa sudah mah ya lama dtgnya pas di open box kok hancur gini.,0
tolong di cek dulu sebelum kirim.power yg satu keluar asap.untung ganti kapasitor sendiri bisa.,1
selangnya robek. tasnya jg robel di sudut,1
cepet banget proses kirimnya. pelayanan terbaik,2
chat ga di baca pdhl online salah pengiriman tp ga ada tanggung jawab sama sekali. kaka mau ak doain bangkrut ga tokonya? lain kali jangan kek gitu lah ga berkah nanti rejekinya!,0
barangnya original . gampang dipakai. ada garansi resmi. penjualnya ramah banget.,2
prod dikirim dgn dilipattdk digulung padahal utk background foto.jadinya ada bekas lipatan permananen,4
bagus banget mainan nya anak aku suka,3
puas banget kaos kakinya bagus,2
mantap wangi nya segerrr,3
kualitas sangat bagus sekali sama seperti di foto. pengiriman juga sangat cepat. mantap lah pokoknya.,3
kiriman sdh sampai.proses n pengiriman cepat barang bagus sesuai pesanan n packing rapih.terima kasih kak,2
barang aman dan sesuai pesanan,2
packing kurang rapih pinggir buku menjadi rusak,4
mungil tapi bekerja dng baik. dan murahh terjangkau. pas dng kebutuhan,2
barang sesuai deskripsi. produk original. mudah dipasang. barang oke kiriman cepat original no ongkir dari tokopedia barang sesuai pesanan seller mantap. paking paling amaan senteso enak belanja ditokopedia dapaat bebas ongkir. bebas ongkir extra,3
pesan kemarin sore hari ini uda sampai packing super aman dobel bubble wrapsdus mantapppp? nanti saya edit ulasannya kalau sudah coba.terima kasih ?,3
bagus banget ?,3
padahal udah berekspektasi tinggi beli di sini karena official store nya eh tapi ternyata yg dikirim ga sesuai sama warna nya beli nya warna cream yg di kirim warna apaan. kecewa bgt sih jujur karena ga konfirmasi dulu ke saya kalo mau di ganti warna nya lain kali lebih amanah ya kak jangan kirim barang yg ga sesuai warna kalo emang stock nya habis konfirmasi dulu hehehe makasih,4
proses pengiriman lama. bahan tipis,1
barangnya bagus cuman agak berdebu aja.,2
puas sekali . saya pesan pcs semuanya pas qty nya dan tidak ada yg cacat per ada mainan nya . pengiriman brg juga cepat. terima kasih yaahh seller . ? untuk harga segini sih murah sekalii.,3
semua fitur berfungsi baik. hanya sayangnya ada beberapa bagian tripod yg penyok dan ada bagian kaca ringlight yg retak. mungkin pas pengiriman ya. tapi overall alat berfungsi dengan baik?,2
berfungsi dengan baik kualitas print juga bagus dan lebih enak disimpen karna ada sleeves nya,2
unboxing barang setelah seminggu karena dr luar kota kecewa bgt sy beli barang ditoko ini satu tripod ini satu lagi cover plastik anti air pas diunboxing ternyata yg dikirim cuma tripod aja cover plastiknya tidak ada. emang harga murah gak sebrapa tapi kualitas toko harusnya diutamakan. gak tau gak teliti atau sengaja gak dikirim. yg pasti costumer udah dirugikan. waspada yg belanja online power negativege gak ngejamin trust seller.,1
harga sesuai barang yah.,2
mhon maaf cuma bntang soal ny saya kecewa pas d buka pertama x. ada lecet lecet nya di bagian atas tutup pen,4
barang mau dikirim pakai ekspedisi ke luar kota tapi tidak dibungkus plastik! background basah akhirnya tidak bisa dipakai sama sekali.,0
cukup sekali aja beli disini. barang baru dikirim setelah hari order di chat gak direspon packaging terkesan asal. cukup tau aja.,1
sampah bgt! mohon jangan di beli produk se sampah ini,0
packing gak aman cuma dus tipis doang gak pake paper tube alhasil penyok ngebekas digambar berkerut fotonya pertama kali nyoba cetak disini dan alhasil sangat kecewa.,4
barang tidak sesuai dengan produk yang dipesan gm bear set pisau tapi yg datang terkirim merk bucki,4
mantap banget ikan cupang sehat lincah dan langsung menyesuaikan dengan air di dalam aquarium baru. ekor sirip half moon bgt!,3
desainnya cantik . potongannya rapi.,2
adminnya ramah bgt asli nanya apa aja dijawabnya gercep bgt,2
barang tipis tdk sesuai yang dibilang tebal kapok belanja disini,1
packing cepat respond cepat,2
barang sesuai ekpektasi terimakasih,2
salah satu putarannya kunci los hingga kunci jd tdk terpakai tp sy males return mungkin sesuai harga x ya. utk respon sich oke.tp tdk ada say sorry dr penjual,1
tingkatkan lagi kualitas barangnya.masih banyak benang keluar namun cukup baik,2
seller ramah dan fast response. packaging rapih dan kualitas kaos ok ? bakal beli lagi ?,3
penjual tidak ramah,0
warna tak sesuai pesanan pesan silver hitam dikasih silver saja,1
kurang puas krn bahannya beda dengan yg digambar ekspektasi bahan tebal ternyt tipis bgt,4
packing rapih dan aman sampai tujuan. hadiah pun dapat,2
barang pesan kg dikirim kg brengsek,0
terimakasih barangnya sudahsampai dan sangat bagus berguna baget sihh ini pengiriman juga cepat,2
bertanya apapun selalu di jawab dengan lengkap dan sabar barang cepat sampai packing rapih. terima kasih untuk admin nya ?,2
gercep banget adminnya nih. top lah pokoknya?,3
order yg k ko sy sangat kecewa.bungkus sudah pecah kopi berhamburan k mna gak tau ini kesalahan dr selese seler atau kurir.,4
pengantaran tepat waktu packaging rapih barang juga dalam kondisi bagus.,2
masalah pada pengiriman seperti biasa,4
kuteknya bahannya gak bagus.,4
packing rapih terimakasih,2
ini pembelian ke sblmnya sdh beli yg army suka bgt makanya beli lg yg light grey ternyata size nya beda sm yg army pdhl pilihnya jg all size yg grey stlh dipake br sadar ada jahitan tdk rapi spt itu . perlu ditingkatkan lg bagian qc nya nii,1
bubble wrap mana bukunya jadi kena benturan,4
drone sulit dikendalikan. take off selalu miring wlpun ud kalibrasi sesuai kertas petunjuk. menu app android bhs inggris tapi pesan errornya bahasa mandarin gak bisa baca.,4
barang telah sampai. semoga awet. terima kasih,2
pengiriman cepat barang aman.tidak bocor seller fast respons,2
klaim produk order ditanggapi dg cepat dan diganti sesuai dg kualitas yg baik.,2
mantap dettol. packaging super aman pakai air bag. prosesnya cepat. wanginya enak,2
suka banget wangi bgt teksturnya juga bagus bangeetpacking rapi ?,3
dikirimnya cepat dan super duper rapih terima kasih,2
buruk super duper buruk kok bisa rusakk dlm nya ini pasti di banting sama jne heran udah di bilang pake yess yess malah reg sedia in yess dong tokopedia heran saya,0
ini produk ga diragukan sensornya. hampir ga ada delay dieksekusinya. mantap.,2
pengiriman okay. packing aman. barang sesuai deskripsi.,2
barang rusak ? di charge hp nggak ngisi udah ngisi ee.tau tau ngilang susut lagi di kirain changer di coba dgn kabel lain bagus. besoknya di coba lagi msh juga begitu. ya. ternyata barangnya yg tidak bagus.,1
packingnya best banget deh pokoknya aman. kotak juga di double in ada sterofoam didalam kotak jadi botol aman.,3
packingan barangnya berantakan tdk rapi sm skali,1
lambreta. lamaa banget. ga rekomen. mending beli di store lain. officialny parah layanannya. senin malam order rabu sore baru sampai,0
proses packing lambat,4
produk selalu fresh dan lezat packing rapih pengiriman cepat dan pelayanan toko sangat ramah ? sukses terus ya. ?,2
order teroooosmoga smua dimudahkn rzq ny.,3
miniboxnya sih ok lampu led berfungsi dan menyala semua tapi kabel usbnya bengkok jadi ga bisa masuk ke kepala charger jadi tidak bisa berfungsi dengan baik jadi saya pakai kabel charger hp saya komplain dengan maksud tinggal kirim saja kabelnya tapi ini malah minta bukti unboxing lah memang saya youtuber hrs ada video unboxing klo belanja online fyi ya kemasan dari ekspedi baik tidak ada rusak klo masalah didalemnya bengkok ya saya gak tau,1
barang bagus orderan ke semoga nyala semualampunya terang. pancaran cahaya lampu yg baik. produk original .,2
produk cukup bagus pas sesuai harga,2
ang di kota tangerang pengiriman tidak lengkap. ud gt barang yg satu ny rusak. sangat mengecewakan. barang beginian ternyata harus video unboxing jg.,4
gampang dipakai. lembut di kulit. proses pesanan cepat. penjualnya ramah banget. warnanya lucu . barangnya awet. respon penjualnya top. packaging aman . packaging rapi.,2
barang tidak sesuai orderan,4
penipuan! barang yg dikirim hvs f saya baru sadar setelah pesanan selesai jadi tidak bisa ajukan komplain. hatihati dengan penjual ini temanteman yg mau pesan lebih baik di toko lain saja. thx,1
kecewa sama seller dan toko nya. beli produk flash sale tp malah stok kosong. udah gitu kirim nya lama banget seller nya jaka sembung lagi.,4
stelah pemakaian rutin kutu anjing makin banyak. spot yang di spray malah makin banyak padahal awalnya kutunya sedikit doang nyesal produk ini.,4
packing kurang aman handle patahemang bahan plastiknya ringkih sih maklum. pengiriman lumayan cepat.,1
kebanyakan panjual yang tokonya sudah diamon barang yang di kirim tidak di cek kondiri barang masih berfungsi apa tidak ini barang di kirim tidak berfungsi pas di buka tali perekat sudah putus sama aja jual sampah buat buyer yang lain mohon jangan di beli di toko ini saya dan anda pasti sangat kecewa jangan pernah order di toko ini barang sampah buang buang waktu dan uang ajamending kalau barang berfungsi tapi ini sama sekali rusak tidak bisa di pakai?,4
produk sesuai deskripsi. semua fitur berfungsi baik. walopun packing sederhana n kreseknya jebol karna but over all barang berfungsi dengan baik thx recomended seller,3
bahan tebal dan nyaman di pakai,2
pengiriman cepat packing rapih dan aman. kualitas suara standar sebanding dengan harga,2
desainnya mewah. warnanya cantik . ukuran sesuai. nyaman dipakai . produk sesuai dengan foto. produk original. packaging aman.,3
barang tdk sesuai yg sy pesanotomatis tdk bisa dipakai,1
alhamdulilah oderanku yang kedua nih tiba dengan selamat. terima kasih banyak semoga tetap menjadi penjual yang jujur dan amanah aamiin yaa rabb,3
baunya sereh bangett.buat yg suka.cocok nihh.pengiriman rapih n aman.,3
beli jerigen kemasan liter jerigen ada yg kurang isinya,1
kualitas jelek. ngak mau pakai di smartphone,1
terlalu tipis tidak seperti masker medis yang saya kenal,4
harga juta tapi packagingnya cuma pakai selembaran plastik kebangetan bgt deh huhuuu sampe dirumah dus korsetnya sampe penyok.,0
sangat tipis.kecewa sekali.,4
belum tahu dimana keberadaannya setelah dibuka bungkusannya ternyata tidak dikirim bersamaan dengan paket diskon yg lain. saya sebaga pembeli juga salah karena langsung menyelesaikan transaksi begitu dapat kabar ada paket dari satpam tanpa memeriksanya. mengecewakan sekali pelayanan deli meskipun diskon.,4
mantap banget kualitasnya gak usah diragukan lagi,3
barang yang dikirim tidak sesuai dengan barang yang diterima,4
barang sudah di terima dalam keadaan baik. barang baguuusss. packing baguuusss tidak ada yg penyok. pengiriman cepat. bisa langganan nih recommended seller,3
kualitas bahan bagus. proses pesanan cepat. packaging aman . packaging rapi.,2
barang sudah sampai. barang bagus. sesuai dengan deskripsi produk.,2
barang sesuai pengiriman cepat recommended,3
bagussesuatu ekspektasi ? recommended seller,3
sebenernya kualitas barang nya bagus build quality oke lah utk barang rekondisi utk memainkan game tidak ada masalah. masalahnya barang ini bahasa jepang dan di keterangan deskripsi tidak dijelaskan setelah barang sampai saya chat seller dengan balasan yg slow respon dan jawaban seadanya dikatakan bahasa tidak bisa diganti. mohon dituliskan kekurangan pada deskripsi dan lebih fast respon kalau ada pembeli yg complain,1
barang jadi lebih aman dan pembeli tenang,2
kusutt datengnya pink. padahal sudah d notr biruu. ga bisa baca kayanya ni penjual.,0
seller kirim barang kurang beli datang hanya dikomplain baik malah bilang ga mungkin nuduh buyer bohong padahal cuma uang rb an selisihnya coba cek tuh sistem sortir disananya ga bikin kaya kalo cuma mau nilep rb an mah,0
bagus. murah,2
pake seminggu udh rusak bahannya ada sambungan yang brudul ga bisa dijahit ulang . waktu dtg masih rapi .kecewa.,4
hari ini baru terpasang. ternyata ada satu palang yg ukuran pendek cacat.bengkok dan cedok bekas besi ditekuk.akhirnya saya pindah posisi palang tersebut dibagian tengah dalam.secara keseluruhan barang baik. mungkin perlu ditingkatkan qc nya saja.,1
kwalitas nya rendah,4
ternyata tdk seampuh iklannya. noda panci msh tetap ada,4
barangnya gak berfungsi,4
rasanya gak spt biasanya. pembelian yg ke ini asin kebangetan ! udah gitu packingannya cuma dibuble wrap tdk diberi dos spt biasanya sehingga kripiknya banyak yg hancur !,0
maaf tapi sy aga kecewa ga seperti yg sudah bli ko polos gada tulisan kuy movi jadi gayakin asli skali lg mohon maaf tapi ini ulasan jujur saya,4
mantulllll?tidak memicu alergi. menggunakan bahan alami. aman untuk bayi . tanpa bahan pengawet.,2
mantap gk pernah kecewa belanja disini. figure sesuai foto. kawaii banget nezukochan wangy wangyyy. hehe becanda om ?,3
yang datang merk bucki entah karena promo atau apa tapi belum sempat take a picture nanti saya update lagi ulasanyabarusan saya search bucki knife lebih murah.kalau memang mau ngadain promo jual barang yang benersaya kecewa sekali dengan brand gm yang sudah saya percaya berkali kali,4
gak bisa di gunakan ini gimana,1
garansi resmi. packing bagus. harganya bersaing. kelengkapan sesuai.,2
barangnya bgus cman saya kurang puas dgn pakingya gak rapi sama sekali. sticknyapun cpot . . tolong perbaiki lagi byar tokonya laris .,4
slow respon kecewa berat sampe jam batal otomatis karna ga diproses,4
jahitannya rapi. ukuran sesuai. nyaman dipakai. modelnya keren,2
barangnya tidak berfungsi dengan baik kakinya ga bisa di kunci.yg lainnya oke,4
paket sdh diterima dgn baik sesuai pesanan. respon dan proses nya cepat. packing nya juga rapi dan safety. thanks gan ?,2
barang nya sampai dengan selamat sudah di coba dan lumayan bagus sesuai harga. next akan beli lagi alat yang lainnya ?packaging aman dan bagus.,3
mantap datang lengkap sesuai dengan orderan saya. dan saya puas belanja disini selama dapat cashback gede ?,2
alhamdulillah cepat sekali pengirimannya. seller ramah packing rapi produk kondisi sangat baik. tebalnya pas dan bahannya ok sesuai perkiraan?terima kasih,2
barang mendaratproduk original sesuai dengan deskripsikemasan rapi seller ramahfast respon pengiriman pun cepat pokok nya recomended dahmakasih tokopedia makasih admin?,3
pelayanan ny kurang ramah,1
mesen apa yang dateng apa ngk jelas nih toko periksa lah invoice nya kalo mau dikirm tuh barang bikin kecewa aja,4
packaging kurang rapih semua kemasan produk bolt sobek. sehingga ketika unboxing isi makanan berantakan,0
nga lengket sama sepatu lem nya kayak nya lem ubu di repack,0
barang sdh nyampe dgn baik. senang banget terima paketnya. semoga sapunya awet. terima kasih. bersih bersih rumah. bersih rapi. bebas debu.,2
respon cepat terimakasih,2
buku original harga sangat murah jauh dibandingkan ditempat lain seller ramah packing rapi buble wrapnya sangat tebel banget puas maksimal. terima kasih seller,3
barangnya jelek banget ada lubang yg posisinya gak presisi malah jd gk bisa dimasukin bautnya aneh padahal,0
bagus lah ini tombol nya anti kepencet sendiri karna kalau mau pause play mesti double tap. beda sama yg under rban atau merk nkia.kualitas bahan bagus. harganya bersaing. packing bagus. kelengkapan sesuai.,2
seller responsif packing aman pengiriman cepat. sayangnya barang tidak dicek dgn teliti sebelum di kirim ke pembeli sehingga tidak sadar akan ada cacat produk. keinginan saya utk retur barang akan tetapi dikarenakan hari jumat saya harus pakai barangnya maka tidak saya retur,1
barang bagus banget asli dengan harga sgni dpt quality wireless microphone kek gni the best,2
produk yg dikirim berbeda dgn foto yg tertera.,1
baru pake bulan sensornya udah jelek suka kemana,4
terima kasih.brang bagus harga murah cepet lagi cod lagi.siip ?,2
respon cepatpacking amanbanyak bonus nya.pemesanan yg ke x nya.trims agan sukses selalu,2
respon penjual sangat jelek ditanyain hari ni besok baru balas,0
recommended fast print fast response,3
barang sudah sampai di rumah tidak ada kerusakan sama sekali saat pengiriman dan setelah dicoba sangat memuaskan terima kasih,2
kurang suka sama kainnya,4
barang diterima dg aman.udah di tes duduk pake dimobil.nyaman. dan kualitasnya bagus dan tebal.dulu pembelian pertama di toko ini juga tahunan yg lalu.danvalas duduk silikonnya yg lama masih tebal sama seperti barunya. rekomendasi bgt buat yg nyari alas duduk silikon.silakan mampir di toko ini seller juga fast respon.,3
kecil sekali sama ukuran singlet anak saya pas newborn masih gedean singlet newborn anak saya padahal di leterangan size nya th. sayang banget padahal lucu.,4
terakhir chat sekaligus memastikan bilangnya merek gm bear yg akan dikirim ternyata kardusnya ajah yg merek gm bear tp isinya merek lain bucki. barang datang ga sesuai kesepakatan. ini mah bohong namanya.,1
pengiriman cepat packaging rapih prodak ok.,2
ga sesuai datang cahaya putih. padahal minta cahaya yg hijau,1
alhamdulillah paketan nya sudah sampai sesuai gambar nya trimakasih ?,2
sesuai order. modelnya bagus dan nyaman. cepat dan aman,2
pengirimannya cepet tapi barangnya tidak sesuai ekspektasi,4
bagussss sukakakkk ntah udh brp kali order bahannya bagus adem n nyaman dan harga promonya mantulll,3
pesanan sdh diterima dlm keadaan baik dan fast respond dr seller mantap,2
ada yg patah gantungannya,4
kok setelah pakai efeknya tdk seperti sy pakai flimty sebelumnya.gak tahu ini bukan asli atau kenapa.kalau bisa di jawab alasannya knp bisa begitu,1
bahannya adem warnanya cantik ? tebalnya pas! jahitan rapi,2
packingan aman dan rapi.barangnya bagus.makasi oxihomtokopedia dan jt express.,2
bagus sekali kualitas sisirnya! tombolnya mudah dipencet sehingga bulu gampang lepas. kucing saya juga suka banget tiap disisir sampe merem melek,3
udah yang kedua kali beli disini ngga nyesel banget kualitas udah pasti oke pengirimannya juga bagus dan cepat packagingnya juga rapi dan aman,3
ga ada tanggapan mau komplain.padahal saya beli bukan minta.kecewa?,4
sangat kecewaaaa bangett pengiriman barang lamaaaaaa sekaliii tidak sesuai dengan waktu estimasi nya dan melebihi sampe hari lebihhh dari waktu estimasi nya.kecewaaaa,4
gimana mau dipake ? orang buat letak hpnya aja ngga ada. percuma,4
pengunci baling baling nya tidakk ada. next dicek dengan teliti lah sbelum kirim. bagus cocok dengan kipas angin lama yang rusak,4
sambungannya tidak rapih.,4
barang sampe dengan sobek gw di kasih barang rijek kacau ni seller.,0
orderan sesuai dan packing juga aman.,2
barang pecah dikirim,0
jangan tergoda harga murah ternyata tidak sesuai antara barang dengan deskripsi. deskripsi tertulis paket termasuk sarung kulit ternyata tidak ada seller hanya meminta pengiriman kembali barangnya tanpa ada permintaan maaf dan proses penyelesaiannya membutuhkan waktu dan biaya lagi sehingga tidak saya kembalikan. menyesal beli disini.,1
utk pencil alis nya yg matic sampai di tempat patah free kaca ny pecah,4
pengiriman barang cepat dan sesuai spec barang,2
patah kaitannya gak bsa dipake deh,4
chatt hampir ga ada respond,0
kualitas produk bagus. butuh waktu agak lama untuk ngecharge. berhubung lampunya kecil jadi cahayanya ga semerata kalau pakai ringlight tapi cukup okay karena ringkes dan bisa di bawa kemana saja.,2
packing bubble ok kualitas barang sesuai harga. makasih gan,2
kecewa udah beli gaada wangiwanginya cuman bau alcohol aja yang keluar,4
mantap pokoknya.,3
bagus bngtcmn klau bisa dpercepat pengirimannya ya kak lain kali,3
kenapa dikirim yg robek begini .apa ga dicek dulu sblm dikirimmurah sih emg tp jgn barang rusak yg dikirim min,0
kualitas karung kurang bagus pengiriman lama.,4
barang sesuai,2
penjual koperatif pengiriman lmyn cpt bau ny harum seperti di hotel,2
respon toko cepat dan pengiriman lancar barang dikemas dengan aman mantap thanks.,2
proses kemaskirim lumayan cpt. packaging bubble wrap tipis. sesama jakarta masih aman. dus agak penyok. kualitas barang aman berfungsi. compatoble dg cam iphone tanpa apps tambahan. tapi kalau mau dengar hasil rekaman copot mic dulu,2
bagus sesuai ekspektasi.,2
sesuai pesanan.,2
disuruh tambah bubble wrap malah bubble wrap nya di paking sendiri. gangerti,1
produk yang diterima lengkap. pas di kepala. lampunya terang. mantap pokoknya rekomendasi ?,3
paketnya datang cuman bungkusnya doang barangnya sudah nda ada,4
gak dapet enaknya maaff,4
sory harus kasih bintang krna pengiriman salah sampai kali kirim sebaiknya diperhatikan lagi bagian pengirimannya,4
original mantappss,3
tidak sesuai foto tdk ada tulisan photofast. bahan tipis ringkih.,4
aplikator mudah dipakai. hasilnya tahan lama. hasilnya matte. desainnya mewah. nggak cepat pudar. nggak bikin bibir kering. packaging aman . proses pesanan cepat. packaging rapi. respon penjualnya top.,2
packingnya jelek. barang sampai sudah rusak,0
prosesnya dan sampainya lama. eh datang bukunya penyok.,0
kualitas underpad buruk tdk sesuai harga.,4
barang ga pernah sampe. katanya dikirim nyusul tapi ditanya no resi ga dikasih.,1
plastik sdh terbuka saat barang datang tidak tersegel dan minta nya warna biru dpt nya warna hitam,1
masa isi nya hanya gram kan harusnya kg kesel,0
tidak ada talinya?,4
deskripsi dan gambar warna hitam tetapi barangnya yg sampai warna biru. ga sesuai banget. dichat komplain jawabnya cuma terima kasih. ga niat jualan bos. namanya orang jualan yg diutamakan harus kepuasan pelanggan. klo di komplain jangan purapura oongak tau,0
nyaman banget dipakai tetap bisa gerak maksimal kualitas bahan bagusbkn legging yg tipis. mantaaap,2
barang bagus banget build qualitynya. kokoh. juga kucing saya suka. dan ngebersihin bulunya gampang.,3
enak bgt cepet sampe,2
alhamdulillah untuk pengiriman yang kedua tidak pecah dan aman sampai tujuan ?,2
harganya ok banget dengan keiritan solution tineco ini. lantai jd keset bersih dan wanginya ga lebay. mantap,2
yang di pesan merah yg datang biru parah,4
seneng liat mukenanya dtg tp jd sedih lihat tasnya tas rusak kok dijual,4
kereeeeennnnnn. mantab,3
sangat puas sdh berkali belanja disini pelayanannya ramah dan pengiriman super rapih dan cepat,2
bagus banget dan nyaman untuk baby sangat worth it dengan harganya ?bahannya nyaman . desain ergonomis. nyaman di punggung. gampang dipakai. beban tersebar merata. bahannya fleksibel. proses pesanan cepat. penjualnya ramah banget. packaging aman . packaging rapi. respon penjualnya top.,2
barang sudah sampai tapi salah satu lensanya ada yang tergores ditengahnya,4
barangnya ga sampe ga ada return dari pihak yg bersangkutan,1
bagus bgtt modelny kecil wrnnya bagus. sedotannya kuat,3
barang berfungsi norma. kecuali kabel usb nya rusak. jadi saya pake kabel usb hp. komplen ke toko hanya minta maaf tidak menawarkan untuk diganti. tolong cek dulu sebelum dikirim. tks,4
barangnya jelek ngerusak filter ac pdhal blm lm ganti.,4
rasanya ok ?,2
top markotoooopppp,3
barang biasa aja .bahan kurang bgitu bagus,4
kecewa sih pas dibuka ada bagian yg rusak. entah ketika pengiriman utau memang kondisi bukunya.,4
barang sudah sampai dengan selamat barang sesuai dengan deskripsi produk packing oke recommended seller!,3
selamat siang bos pesanan sudah saya terima. belum di pasang di coba. packing sangat rapi dan aman. product mantap. pokoknya top markotop. pelayanan sangat oke. toko sangat recomended sekali. makasih banyak atas semuanya. salam sukses sehat dan sejahtera selalu. aamiin,3
okkkkk pokoknya.,2
mantap.kinerjannya cepat.sangat responsif.recommended .,3
beli di official store tgl feb eh feb udh sampai di siang hari ? cepat banget ? thank you bangettttt cussons ? dapet harga flass sale jd murah ?,3
guntingnya ga ada d paket yg d kirimkan,1
pengiriman cepat. barang lumayan,2
jumlahnya pas pcs buat ngiket rambut juga pas ga kekencengan cuma ya kalo boleh saran tambahin bubble wrap biar lebih safety pouch nya kegunting jadinya pengemasan juga agak lama,1
barang tidak sesuai pesanan. diminta gold malah d kirim warna putih dan merk lain!,0
gak bisa di pakai?,4
ini gmn ssd nya gak bisa di pake. sy minta ganti.,0
barang nya bagus kain elastis mantap,2
harganya terjangkau. koneksi android lancar.,2
makasih ka barang ok,2
produk berfungsi dengan baik.,2
kurang bagus.kurang pas sama fotonya,4
tidak sesuai dengan yg dipesan harusnya hitam merah pengiriman lama.,1
kecewa pesanan sama barang yang dikirim tidak sesuai,4
super kereen seller deh ini. terima kasih bantuannya,3
kwalitas bagusharga terjangkau,2
udah berkali kali dibilangin kalo yg packing bukan seller tapi tim tokopedia karena ini event bts photocard tapi jujur kecewa aja sih pas dateng paketnya begitu. udah chat mas mas kurirnya dan bilang kalo emang dia cuma ngambil aja udah rusak kondisinya. itu bener bener kayak bukan kardus tapi cuma potongan kardus yg disatuin dan direkatkan. dan saya juga ga dapet pc jimin padahal bayar jam tapi diverifikasi jam segitu. sedih kecewa jujur.,4
baru diminum sedikit besoknya udah basi,4
mantaaaaap jaya gan sukses dalam bisnis ini sangat penting untuk menjaga kualitas terbaik dan termurah dengan fitur rentang pencarian harga,2
korset paling mantap. gak gatal dan nutup perut sepenuhnya. ga lepas juga saat duduk,2
packing terlalu padet liquid bocor banyak,1
sori bahan ternyata jelek.malu buat kado ke org.mana dudukan pke sterofoam lg.,4
bagus sesuai deskripsi pelayanan cepqt order lsg kirim terima kasih,2
cetakanya gak bagus sama sekali gak sesuai harga.,4
pesan pc dikirim pc padahal bayar pc? sangat kecewa,0
barang bagus sesuai deskripsi murah tapi gak murahan ?,3
barang tidak sesuai pesanan . mohon pendataan barang lebih cermat lagi,1
produk sesuai.,2
cepet nyampenya bagus bukunya,2
ternyata banyak yg kena tipu. judulnya ada machine ternyata mesin otot tangan sendiri. bs retur gak yah ini? useless lah kl kyk gini. kl bs retur chat saya dan akan saya ubah bintang nya!,0
packing supeeerr rapi dan aman sampai rumah thank you seller semakin lancar usahanya,2
suka jilbabnya bagusnyaman dipake?,3
safely landed on the next day! masa expired pembalut masih lamaa di . thank you so much ?,3
pelayanan toko jelek proses barang lambat di chat tidak menjawab barang ratarata,0
bam pengerasnya gak dikirim?,1
kali ini belanja disini sangat mengecewakan! free ongkir biasanya dikirim dng si cepat reguler. tapi kali ini dikirimnya dengan si cepat halu !kardus penyokterbuka berantakan ! sangat buruk dan jenis delivery tidak sesuai dengan yg ada diaplikasi !,4
kartu nya lengkap. packing baik. model terbaru. ready stock.,2
beli mahal malah sering tiba ngeblur kalau dipakai zoom. terus menghubungi cs nya suruh klaim garansi aja minta alamat ga dikasih. hadeuhh webcam jutaan kualitas sampah.,0
kalo udah bayar dicuekin sama penjualnya ! chat januari di respon. order januari jam siang dengan kurir grab sameday barang sampai januari jam sore. kalo ujung ujungnya gak sampai tujuan di hari yg sama ngapain bayar ongkir mahal pakai grab !,0
pengiriman cepat kualitas barang bagus wanginya juga oke,2
berfungsi seluruh fiturnya dan juga tombolnya. jamnya bisa diatur dengan mudah dan designya minimalis yang sangat bagus!,3
penyok kardusnya kayak beli pensil warna bekas,0
baju tdk sesuai dgn gambar lebih pendekkantong kecil seperti baju anak,4
kualitas sesuai harga respon seller ok tks,2
baru pakai di resleting depan langsung rusak gambar bagian belakang kotor,4
barang sampai dengan aman walau pengiriman antar pulau. review hari pemakaian kualitas yang ngagetin dengan range harga segini apalagi saya beli saat diskon . tombolnya tinggi tactile analognya responsif dan sensitif lrnya clicky trigger dan bumper enak dipencet linear triggernya juga beneran fungsi ga cuma embelembel nama rumble atau getarnya juga fitur tambahan yang bagus. build qualitynya terasa premium ga kopong dengan body yang doff finish jadi enak dipegang kabelnya juga braided. tapi layoutnya yang lumayan lebar agak sulit buat yang tangannya kecil dan dpadnya sayangnya juga bukan yang terbaik buat jempol lu kelamaan pake karna pinggirannya yang tajem sama bentuknya yang salib jadi rada renggang di bagian serong jempol lu bakal terasa sakit kalo terusan gesergeser mencet dpadnya apalagi saya prinegativei yang pakai controller ini buat main game gelut. walau gitu saya ga nyesel beli ini untuk range harganya kualitasnya tetep ngangetin setara dengan controller konsol ori. recommended product.,3
barang ga sampai tp pesanan sudah diselesaikan karena otomatis,4
kurang teliti kirain produk asli ex aussie ternyata ex kalbe.kemasan label merk sama bikin misleading.gak worth it rb per pcs pdhal ex import rb per pcs.gak recommend,1
respon cepat kiriman cepat barang sesuai recommended seller,3
barang original beli yg asia dpt reg asia jpn overall lancar udh seminggu pakai normal. barang bener mulus dan ori bagus. smoga awet terus tingkatkan pelayanan nya gan,2
baru beli dan dibuka sudah ada noda hitam yg sangat terlihat untuk di kemeja putih di cuci tidak bisa hilang,4
packing tidak rapih. balon foil kusut tidak dilipat hanya dikuntalkuntal dimasukkan kedalam plastik. kalau yg size kecil masih oke. tp yg size besar jadi pada lecek dan kusut. padahal dari awal chat saya udah bilang buat dijual lg. kalau sudah lecek begini gak mungkin saya kasih ke orang.,0
mantap hijau terang cuman sayang agak kelipet kotak kotak jadinya. gatau cara ngelurusinnya gimana disetrika kayaknya lengket,2
lubang microfonnya error . bunyi nging terus jadi gabisa dipakai,1
beli isi ulang sama pulpen yg dikirim cuma isi ulang sama pulpen. kalo jualan yang teliti dan jujur dong gan. sayangnya saya gak video in saat unboxing jadi kalo komplain gak ada buktinya. rugi ribu ya udah lah diiklasin aja smoga dijadikan plajaran untuk jadi pembeli yang pintar,1
lampunya terang. pancaran cahaya lampu yg baik. produk original .,2
akhirnya kesampaian dpat produk ini dengan harga yang pas. barangnya juga memuaskan. desain sangat unik. sangat cocok buat relaxing. terima kasih.,2
cepat sekali pengirimannya. seller ramah kualitas barangnya mulus. recommended,3
alhamdulillah setelah jam lebih total downloadnya akhirnya bisa terbang juga. agan seller sgt responsive terutama adminnya guidance nya very clear. semoga pmdg boeing x bisa segera release ya.,2
ada aksesoris yang ga ada.sama yang rusak.kan harus nya ada pcs.in cuma pcs.lain kali tolong d check dlu ya.,1
mantep respon cepat pengiriman instan. recomended banget,3
packing seadanya bubble hanya selapis saja ditambah lapisan plastik hasilnya barang diterima dalam keadaan patah.,4
mantap. saya sudah beberapa kali order ulang,2
gada jam uda redup padahal cas nya seharian sebelum pemakaian pertama,4
pengalaman pertama beli kulkas secara online alhamdulillah pengiriman dan pengemasan baik produk diterima dng baik tanpa kerusakan dan kualitas produk bagus. harga lebih miring dibanding beli langsung ke toko.,2
gak sesuai harga malah kualitas nol,0
sangat kecewa extra box tidak dikirim sama sekali. saya beli sepatu dan extra box tapi tidak ada extraboxnya. saya hanya terima sepatu di dalam box besar.,4
respon cepat. barang sesuai pesanan. tingkatkan kepercayaan dan kepuasan pelanggan. recommended.,3
baru diple ps mau buka cantelannya patah,4
salah kirim barang yang dikirim item harga jauh lebih murah smart breaker.transaksi sudah terlanjur diselesaikan karena sudah beli beberapa kali dan biasa tidak ada masalah.,4
packing baik pengiriman cepatt. udh kali belanja di toko ini dan selalu puas dengan pelayanannya. terima ksih yah.,3
barang sesuai pesanan paking standar bagus pengiriman cepat sampai tks gan,2
waahh keren n mantap barangnya.pengiriman cepet banget cuma hari udah nyampe.thanks gan,2
pesan yang di kirim cuman udah bayar ongkir kg lagi rugi rugi kapok beli di sini,1
setelah bayar langsung dikasih akses proses cepat kelengkapan sesuai admin membantu sekali dlm tanya jawab. terima kasih.,2
bocor rembes bagian atas . kalo dimiringin bisa abis,1
penipu. tidak jujur. keciwa. semoga tidak ada berkahnya.,0
kecewa bagt. barang yg di kirim tidak sesuai. masih kurang lagi. padahal uda langganan ko malah kecewain gitu.uda komplin ko malah ga respon ya.,4
maaf baru kasih ulasan. buku nya bagus berwarna tulisan nya juga jelas tapi ada di brapa halaman lem nya gx kuat ya jadi pada copot lembaran nya. seller dan kurir oke,2
kain jarik nya tipiiis banget. kalo untk acara resmi lebih baik cari yang lain aja ada harga emang ada kwalitas,1
bagus bangett makasii dpt hadiah dr tokpedddddtidak menerawang. ukuran sesuai. ringan dipakai. warnanya bagus . bahan menyerap keringat. jahitannya rapi.,3
bahan adem pengiriman lumayan cepat,2
hatihati kalo beli barang di toko ini deskripsi penjual dan real barang datangnya harus jelas di lihat. bacain aja tiap ada pembeli bintang komentar di produknya respon penjual gimana chat penjual ga mencerminkan seseorang yang baik.,1
pelayanan seller positive sayang converternya ga bisa dipake alias error beli error nya ?,4
sangat amat kecewa beli baju dewasa yg dtng ukuran anak sd moga berkah tuh duit,4
lumayan ckup bgus sesuai hrga lah ya agk tipis yg hitam tp bgus kok semoga gk rembes dpake hujan,2
seller x masalah dalam pengiriman barang. pertama saya beli macam barang yg di kirim cuman macam. kedua barang yg kurang sudah dikirim tetapi tidak seusai pesanan saya. alhasil cuman barang yg saya pesan yg nyampe. ngasih resi jg tidak sesuai di pengajuan komplain admin slow respon official store ga menjamin deh,4
saya kasih bintang dulu soalnya analog atau yang bulet kanannya itu longgar dan agak ke atas,1
mantap bagus dan teba,2
bahannya berbeda dengan yg dulu. dulu dalam putih sekarang tidak. jadi panas kasar dan gatal. gamau beli lg disini nyesel kualitas dah turun beda jauh.,4
harga emang ga bohong. gampang patah jadi bagi yg kerjar kualitas tidak disarankan tp bagi yg kejar murah silahkan.,1
kantong sampahnya tebel ga bocor ga rembes. kualitas oke banget. saya selalu beli disini.,2
barang yg dikirim patah tdk bisa digunakan,4
sy pernah usaha jd sy tdk mau menjelekan usaha org sya toleransi klo pertama beli colokan rusak sy anggap kurir tpi transaksi ke ini lampu dari hanya nyala setengah bagaimana admin jualan tidak cek dulu sebelum pac d kirim. jujur saya kecewa saya beli barang mungkin murah tapi bukan yg rusak donk. cukup terakhir kali belanja di toko ini ?,0
luar biasa mantap smuanya jadi oke dari pesta saya yg sederhana sekarang jadi rame sejak order disini terima kasih seller dan tokped atas kirimannya,3
kulkas saat ini kondisi bagus semoga awet tidak ada kendala yang saya suka banget toko ini aja sendiri h lebaran yang sanggup kirim di hari yang sama.pesen jam jam nyampe .mantaaaap thx seller,2
mantapp gan,2
kualitas kurang bagus,4
jelek banget .barang orderan ga sampai tapi di keterangan nya sdh keterima.jgn order disini.order barang ga sampe.,1
barang sampai tepat waktuaman dan rapih.mantap gan. dapet bonus lagi.the bast pokoknya. kalian wajib blanja di olshop ini boz. makasih barangnya,3
mantab minnn pengiriman jam sore masih di gasss ?,3
barang cepat sampe. penjual fast respond. cuma dpt produk yg covernya agak lecek.,2
beli cutter dikirim cutter blade harusnya juga cutter blade,1
packingnya rapi banget dan wrapnya tebal. produk original. dikasih bonus air diffuser. thank you,3
sesuai deskripsi.barang sampai dgn keadaan baikpackaging aman . respon penjualnya top. barangnya original .,2
mintanya bolt kok malah di kasi oricat sih?,0
lampu mati tidak mau nyala minta di revan,1
produk sesuai deskripsi.packing rapi dan aman dengan dus dan bubble wrap. pengiriman cepat. pagi pesan sore sampai.,2
wangi tapi bukan wangi peppermint tidak sesuai pesanan apalagi sdh beli botol,0
respon seller tepat waktu barang sesuai pesanan,2
pengiriman cepat power banknya berfungsi baik mudah awet. mantap,2
banyak baret baterai low padahal udah di ingatkan cek qc yaudahh ya jualan yg laku asal kesohor,4
tipis bener. terakhir beli ga setipis ini,1
pengiriman sih cepat cuma tag gun nya langsung rusak ga bisa dipake gan saran mnding di test dulu sebelum dikirim produknya supaya lain kali ngga kejadian kayak gini lagi.,1
barang tidak datang. proses refund memakan waktu lebih dr bulan. sama sekali tidak memuaskan.,1
barang nya bagus sesuai dengan gambar dan tajam juga semoga awet deh pisau nya,2
barang cepat banget diproses dibungkusnya pun sangat rapi. mantap.bisa buat langganan ini .,3
barang penyok gaes. klo dari ekspedisi kardus harusnya rusak nah ini kardusnya tebal dan masih mulus. returan sy dari toko sebelah dibalikin lewat toped. mana bohong lagi foto yg dikirim ke tokopedia care bukan foto paket saya. untung asuransi mau terima claim. jadi hati gaes! nutrilon sudah mulai tidak amanah!,1
packingnya tdk rapi hanya dibungkus plastik hitam saja pada saat sy terima bungkusannya sudah robek dan di salah satu sulingnya ada mata kaitannya yg tidak ada,4
udah pembelian ke awet dan tahan lama. gak gampang rusak. paling beli lagi karena ilang ato dipinjem gak dibalikin,3
mic dari awal ga nyala,4
pembelian ke rada kecewa. baut pegangan uda doll nih drat nya. sudah di kencangkan baut nya tp ttp pegangan nya goyah gak kokoh. produk reject.,4
ada shade yg salah kirim,4
salah kirim bos! dikirim yang menthol mana rasa mentholnya strong banget lg overpower di mulut ngilangin rasa tembakaunya.,0
order tgl feb baru diterima hari ini tgl mar diketerangan estimasi diterima tgl maret padahal sama sama jakarta cukup sekali aja beli disini kapok. not recommended seller.,1
pengiriman lambat tidak sesuai jadwal tetapi puas.,2
warna sesuai ada karet di bagian belakang spy kaos kaki tdk mudah lepas ?,2
sangat istimewa sekali.,3
nyaman untuk olahraga. harga bersaing . dijamin termurah.,3
pengiriman lambat pas dateng barang juga sudah sobek debuan. ?,1
review barang kualitas bahannya cukup bagus tapi gak empuk gmn jg sih kalo duduk lama pantat pun masih terasa panas. review penjual pesan sabtu siang hr rabu dpnnya baru dikirim. pdhal butuh cepat buat yg lagi sakit ? maaf ya gak bs kasih bintang .,4
barang sesuai cepat sampai,2
di chat minta pengiriman instan jawabanya menyanggupi tp setelah di bayar ngga di kirim. kalo overload knp nyanggupin. kacau nih bikin kapok.,0
saya kecewa dengan kualitas barangnya. kualitas stainles steelnya sih oke tapi batang yang ada penyangga yang bagian bawah panjangnya kurang tidak bisa disambung. kualitas mur rendah mudah bengkok dan patah. alhasil jemuran saya tidak dapat dirakit,4
mantaps. murmer gede ga pake lengket ?,2
barang sesuai deskripsi. produk original. packaging bagus.,2
mantap.jgn ragu.langsung saja booking.recommended.,3
bagus banget,3
mantab berkwalitaswarnanya cantik . potongannya rapi. ukurannya sesuai. bahannya adem. produk berkualitas. produk sesuai dengan foto.,2
nyaman bagus. ini udah turun size dari l yg kmren beli. yg size l mamaku yg pake. nyaman jg katanya. thanks mamaway,2
sesuai pesanan,2
ga sesuai produknya sma di photo bahannya kasar dan sama sekali tidak menyerap keringat jadi tidak nyaman dipakainya sejak beli lalu dicuci baru dipakai barusan banget dan terpaksa harus dibuka lg krna gerah ga kepake deh jadinya ?,4
hore dpt harga kejar diskon. trnyata produk ori paking aman isiny byk n pulpen ny enak d pakai. anak juga suka bgt. makasih joyko,2
barangnya datang dalam keadaan tidak bagus,4
beli dateng nya malah pas di buka udah exited banget jadi negativemood tenyata cuman,1
kecewa barang tdk lengkap tdk ada holder u mohon dipetiksa sbelum.kirim anak saya nangis dan marah,4
barang di trima dlm keadaan lecek sperti itu pesen lembar dlm keadaan melitut di bungkus bareng dgn list pesenan sya.kecewa banged not rekomend seller,4
sorry banget nih namanya review kan harus jujur yaagak kecewa sama warnanya aja pesannya mustard yg dateng orange kupikir salah kirim ternyata menurut penjualnya mustard kayak gitu warnanya padahal klo pun salah kirim saya gak nuntut apa apa,4
suaranya gk bs bersih. ada noise. hasilnya lebih bagus ngerekam pakai headset iphone drpd pakai ini.,4
wow designnya bagus banget! ? pengiriman cepat kualitas bagussss banget! bisa di scan juga dan ini beneran mirip kartu uno asli ? mudahan ga ketukar ya ? kayaknya bakal repeat order pakai design lain deh ? thanks seller!,3
dah ke x nya beli dsni selalu puas ?packing rapih pengiriman cepat jg respon penjual cepatmemang gak dapt free apapun gak pa pa yg penting harganya murah dari tempat lain?,2
relapict sekalisuka pokoknya?,3
barang nya rusak,4
pengiriman express.burungnya lincah banget.top markotop.,3
bahannya adem. jahitan rapi.,2
kualitas pelayanan sama kayak pedagang emperan atau bahkan lebih rendah jangan beli di toko ini kalo tidak ingin kecewa non ori bukan agen atau distributor resmi jika dilihat dr pelayanannya sebagai info ya barang tidak belum sy terima dan sy membayar atas kualitas yang diberikan jd harga pelayanan kalian hanya senilai kecil sekali ya?,1
amazing! respon seller cepat. barang ori seperti di foto dan sesuai deskripsi. proses pengiriman kilat banget. thank you yaa kak sukses selalu,3
kecewa parah nggk berkah jualan gitu,4
warna tidak sesuai yang diinfokan,4
pengiriman cepatrespon penjual cepat.,2
packaging ok sealed mulus sampai dengan selamat. thank you,2
paket sampai dgn selamat. semoga cocok.,2
percumaa atc . orangg gakk adaaa dipakett nyaaa .,0
bagus sangat cepat sampai.barang juga daster bali adem di pakainya .barang sesuai keinginan .terimakasih tokopedia,2
barang ga ada yg bisa di pake.,1
kardus gak dikirim jadi hanya di packing pake plastik doank. sangat mengecewakan.,4
ini tidak dikirim satupun. dan tidak ada chat apapun dari penjual. sudah dikomplain entah kenapa bisa selesai begitu saja. mengecewakan. padahal anak saya suka sekali ini dan menunggu dateng ternyata ga dikirim,1
mudahn awet tp kainnya kurang nyerap kalo di lantai granit masih ninggalin bekas,4
barang datang dalam keadaan penyok,4
kesekian kali beli disini mantap,3
gampang dipakai. gampang dibawabawa. packaging aman .,2
bagus produknya fast delivery. thank you seller,2
mantapp murah thanks kak thanks abang kurir langsung di pasang?,2
harga sih promo . sy pake gojek instant lebih mahal ongkirnya drpd barangnya krn mau dipake cepet. pas nyampe eh ternyata udah patah sebelah standnya. kecewa sih karna kalo jual promo ada cacat ya di catet gitu biar customer ga beli barang promo kalo tau ada cacatnya. seller si oke buat tuker barang tp udh ga efektif aja sy mau pake cepet jg jd ga bisa di retur jg ongkir lebih mahal lagi dari kualitas barangnya mengecewakan deh pokonya kapok beli disini,1
sweater nya lumayan. hanya ada sedikit miskomunikasi. tapi ya sudahlah. terimakasih ya.,2
barang sesuai pesanan packing rapi pas dicoba ok buat isi ulang dn charge pengiriman sesuai estimasi.,2
barangnya bagus bangett dengan harga yang affordable dengan kualitas yang lumayan gokil sihh,3
barangnya bagus bgt. kokoh sisirnya jg ga tajem tombol kliknya juga praktis,3
gausah beli ringlight disini yg dikirim barang rusak. ringlightnya mati packingan tipis buat tripodnya bengkok. pengembalian dana ribet. saya ga terlalu masalah dgn tripodnya tapi ini ringlightnya gabisa dipake sm sekali saya mau kembaliin ringlight aja malah di persulit.nyesel beli disini buang duit buang waktu,1
sudah diterima semoga awet packing bagus. kelengkapan sesuai.,2
keren banget pelayanannya. cuman beli lilin ajah servicenya bagus dan super cepat. pesan pagi eeeh siang dah tiba!,3
barang jelek sesuai harga,4
kualitas bahan bagus ? nyaman dipakai ? tidak menerawang,2
produk sdg smp dan sy tes tp tidak terbaca fast charging di hp,4
pesanan sudah diterima dengan baik. terima kasih.,2
mantapppp.build qualitynya josss pertahankan,3
mantapppp fast delivery ! langganan trs tiap bulan ?,3
yg sebelah kiri triggernya ga sensitif jadi cuma kepake sebelah doang,1
packing nya rapi bngt. pengiriman cepat kurirnya jg ramah . recommended ?,3
barangnya baret dan gak mulus,4
panduan instal nya lengkapgamenya bagussellernya fast respon mantap suksess terus,2
ini toko gak jujur banget di ket di suruh pakai kardus biar pengirimannya aman katanya sekali aq include dgn kardus ttp aja rusak atas bawahnya jebol trus yg anehnya lagi kode uniknya tdk bs di masukkan ke akun aq kayak udh pernah di masukkan ke akun lain ini toko gak jujur banget ya dan kondisi kotak susu bagus n utuh dan tidak penyok.,1
bagus barangnya,2
pelayanan yg sangat buruk. saya pesan dengan menggunakan grab instan jam pagi baru di antar sekitar jam sore. beberapa kali chat lama sekali respons nya. sangat tdk profesional melayani konsumen,0
suara noise seperti saat sedang mencari saluran radio dan agak meletup sangat mengganggu padahal sedang berada pada mode bluetooth untuk mendengarkan musik. bikin sakit telinga.,4
barangnya gajelas masa beli dikirim dua,0
kemasan bubble wrap rapih tapi kardusnya sedikit penyok. tapi arm bracketnya baik saja. langsung dipasang.tripodnya kokoh produk sesuai.,2
baru terima paket siang ini. beli mukena disini di iklan gak bilang klo tanpa tas. saat komplain kenapa mukena kusut. malah respon klo sdh dicuci dan disetrika apa masih kusut? becanda nya bikin kesel nih penjual nya,4
pesannya cappucino datengnya ungu tua. aduuhhhh jauh bngat. baru pertama kali belanja udah mengecewakan?,4
tidak menerawang. ukuran sesuai. bahannya adem. jahitan rapi. warnanya cantik . modelnya cantik .,3
bahannya adem.,2
rice cooker baru beli tp nasi bau dan berair tp tidak bs di ganti barang baru dr toko ini tidak seperti toko lain yg kalo barang rusak itungan hari ada garansi toko bs di tukar dgn yg baru bukan diservice seperti yg di sarankan toko. saya sudah bawa ke service center dan hari ini nasinya tetap basah. jujur saya kecewa krn saya memilih toko ini biar kl kenapa ngak ribetternyata saya salahsaya beli rice cooker mahal menurut saya agar bisa punya rice cooker bagus tp nyatanya seperti ini saya sangat kecewa.,4
lampu tidak berfungsi sebagaimana mestinya. tidak bisa berganti warna maupun dimatikan padahal sudah mengeklik tombol dpi dan memakai software juga. warna merah menyakitkan di mata saya dan malah mirip mouse an ribu. sudah mengirim pesan ke seller tapi tidak ada respon selama lebih dari jam. terpaksa saya kasih bintang . saya baru kali ini membeli produk dari aula dan merasa kecewa padahal saya sendiri termasuk pengguna gear dari aula,4
pengiriman cepat packaging hanya satu lapisan warna tidak sesuai pesanan tapi no problem,2
baru pakai beberapa kali sponnya terpisah jadi lemnya tidak bagus,4
lain kali sebelum kirim barang di cek dulu. berfungsi atau tidak. pertama dinamo ny tidak ada yaa walaupun seller kirim dinamo nya tapii tetep tidak berfungsi motor nya. lampu musik tombol dan mesin ny gk nyala. udh di ces berhari ttep ajh gk mau nyala.,1
coklatnya lembek benyek !,0
sudah saya terima barangnya gan makasi.,2
lidah kerudung kelebaran,4
ok barangnya walau keliatan plastiknya agak murahan tapi fungsinya cukup baik buat over steker adaptor kabel laptop,2
barang ok. pengiriman cepat. packaging aman dan rapi,2
warna nya cantik tp potongannya ga rapi. jd sperti barang reject gtu maaf ya. tp sy ga puas sih dg barang ini,4
ga sesuai pesanan,4
ukuran sesuai. nyaman dipakai si kecil. bahannya tebal. jahitannya rapi. modelnya kekinian. packagingnya rapi. proses pesanan cepat. packaging aman .,2
produk cepat sampai dan sesuai deskripsi tapi chat nya slow respon overall bagus,2
pengiriman nya cepet tapi packing nya gak aman banget soalnya cuman dipacking sama plastik tanpa bubble wrap maupun kardus tapi over all bagus sih ini juga dapet gratis dari tokopedia terimakasih tokopedia,2
terima kasih gan. barang diterima aman dan berfungsi baik sesuai pesanan. kondisi aman semua lampu menyala. tambahan packing kardus dan bubble wrap ini sangat membantu.,2
bagus halus ringan teleskopik gagangnya jadi terasa kurang kokoh dibanding gagang biasa.,2
bocor. tutup tidak tertutup dengan rapat,0
berfungsi dengan baik. dapat flashsale harga murah awalnya buat coba tapi ternyata oke. bakal jadi andalan utk rebus telor.,2
baguss barangnya original semua lengkap dgn garansi diproses nya juga cepat thank you?,2
brg sesuai realpict kertasnya tebal puas belanja di toko ini. terimakasih ?ukuran produk sesuai.,2
baru hari pemakaian kindle paperwhite nya rusak. penjual tidak mau direturn dan bantu klaim garansi. sedih bangettt. ?,4
product ok lah tp sayang ada beberapa sachet nya yg sobek jadi di dalam nya beraktakan gel,4
fast respon recommended seller,3
packing rapibarang amankwalitas cukup baikpengiriman cukup cepatharga sesuaibarang orithank u sellertoped dan jasa pengiriman.positive job?,2
tidak sesuai dengan kualitasnya dan panjangnya di gambar,1
repurchase ke sangat puas dengan barang dan respon seller nya udah gitu selalu dapat bonus terima kasih,2
ini barang keterlaluan sih bilang ukuran x tp sunat bahannya keterlaluan banget. terlihat di foto underpad saya yg lama merk lain jauh lbh besar dan lbh tebel. bkn masalah harga cuman rb an tp kesel aja liat penjual kasih spek tp jauh banget dari ukuran sebenernya. kapok deh ga bakal beli merek ini lagi. terima kasih,1
packing bagus reson penjual cepat baterai sudah dicoba berfungsi normal. hanya saja tadi waktu buat ngerekam video sempat tibatiba ngedrop auto kamera mati. sekarang baru dicas semoga nanti normal lagi.,2
pengiriman cepat packaging oke seller ramah recommended sih udah berkalikali beli di sini. kualitas juga oke mantapp min tingkatkan,3
jahitannya rapi. warnanya cantik . ukuran sesuai. .semoga tetep amanah.sukses selalumksh,2
beli satu stik ps alhamdulillah sampai dengan keadaan baik. bahkan packingnya pun juga pakai bubble wrap rapi. saat ini stik psnya sudah saya coba pakai selama kurang lebih minggu lebih stik nya berfungsi dengan normal dan baik saja. dengan catatan saya pakai buat main game yg ringan saja. seperti misalnya bukan game yg bertipe membutuhkan ritme kecepatan menggerakkan analog dan juga bukan menekan tombol yg keras dan berkalimisalnya game fighting. hanya saya gunakan buat main game bertipe casual saja. itu saja terimakasih.,2
saya kira dapet lengkap kurang ternyata apa solusinya?,1
pengiriman cepat bangeett packing aman walo dapet flash sale tapi expired masih lama ?,3
bahannya nyaman . nyaman di punggung. gampang dipakai. desain ergonomis. beban tersebar merata,2
barang cet sampai thanks seller fast respon nya,2
mantap benar deh gak rugi dah beli disini cepat sampai dengan selamat barangnya langsung bisa digunakan,2
best value for money buat keliling eropa minggu ongkosnya cuma segini.,2
rasanya kaya buavta. gk worth it,1
bagus pengiriman jg cepat enak untuk dipakai anak ringan.,2
pengungkitnya mudah patah. kualitas plastik kurang bagus,4
fast reponse barang beberapa halaman ada yang blank,2
jualan yg jujur ya gan. barang tidak sesuai dengan gambar. barang yg biasa saya beli sesuai dgn gambar yg dipajang. ini saya lgs order yg ternyata dibawah ekspektasi saya. gambar kanan adalah barang original sesuai display.,4
gak recomended. produk sih ok spt biasa. tp packing cuma pk amplop kondangan putih dibungkus plastik. ya jebol semua obatnya. padahal buat stok. najong banget dah. di chat ga dibales. kapok lah gw belanja disini.,1
barang bagus packing rapi pengiriman cepat,2
trima kasih yah berfungsi dgn sangat baik. produk nyaman mudah dipakai. packing aman . kualitas bahan tinggi . dijamin termurah.,3
barang bagus,2
barang yang dikirimkan tidak sesuai dengan orderan saya ditanya pihak maxim tidak ada balasan sama sekali hanya dibaca saja. dari pihak tokopedia pun sudah dikomplain malah transaksinya selesai dan dananya diteruska ke maxim. lalu barang saya yang kurang bagaimana? tokopedia bilang dichat saja. pintar sekali jawabannya. sudah saya komplain kalo penjual tidak merespon. bobrok sekali sistemnya.,1
kualitas barang sesuai dengan harganya cukup bagus hanya dibagian saat memasang kepala untuk pegangan ponsel saja yg sedikit harus menekan kepalanya ke bagian murnya.,2
mantaap.rekomendasi banget murah bukan murahan dan enak rasanya,3
aku baru pakai sebentar patah,4
tdk sesuai pesanan,1
ngisi powerbanknya lama bgt. sampe jam lebih. pas di coba charge ke hape jg lama. jam lebih. lebih lama dr ngecharge ke listrik langsung.,1
penjual ga selektif asal kirim dapet barang yang kondisi case nya udh rusak,4
pengiriman sangat lama padahal didalam jabodetabek. begitu barang sampai ada satu yg cacat. kayak ada bagian belum selesai finishing alhasil harus motong bagian yg berlebih terus di amplas. perekat m nya juga sulit dikelupas. mohon kedepannya sebelum barang dikirim dicek dulu. udh ada barang yg cacat juga ini.,1
proses dan pengiriman lama gak recomended buat yg ingin cepat dapat vitamin di masa pandemic kaya skrg.,1
banyak tombol yg rusak. batre rusak tidak bisa di charge.,0
gx recomendedbarang jelek.dikirim gx sesuai warna pemesan jg.sudah chat dlkynya readydi pesanan jg sudah sy sertakan catatan kirim warna born tp dikirim warna gx jelas.gx recomended pokoknyamending cr toko lain.itu sy ada catatan di pemesanantp penjual gx baca detail,1
bahan terlalu tipis. jahitan kurang kuat. bs cpt sobek.,4
sangat rekomended packing bubble warp banyak meskipun order seharga cebann niceee,3
mantap.sangat agresif.proses cepat.recommended,3
kurmanya bagus dagingnya empuk dan tebal. mau coba pake buat bikin kue. bakal langganan nih semoga kualitas kurmanya bagus terus ya. terima kasih seller!,2
alas sepatu tipis dipakai bulan sudah aus. padahal make ny jarang. ?,4
sekian kalinya beli di tuang coffee.terbaaiikk,3
mengecewakan sama sekali tidak bisa digunaka,4
lumayan bagus isi banyak dan bahanny karet lentur banget pas banget di tangan,2
mungkin karena filternya terlalu canggih jadi air yang keluar jadi kecil banget.,4
sangat sangat kecewa belanja ditoko ini. hati hatilah belanja ditoko.,4
barang sangat jelek . tipis. kaku . tidak elastis . tidak sesuai dengan harganya . saya sangat kecewa berat . jangan sampai beli ini disini lagi .,4
barangnya asli adminnya responsif rekomen deh buat beli lm disini pokoknya . next bisa beli lagi ksini jadi aman ga perlu keluar rumah. pertahankan ya seller!,3
maaf nih wanginya kaya body lotion citra malahan masih lebih wangi body lotion ? emang sih harga murah tapi menurut saya tetep ga worthed,4
saya sarankan jangan transaksi sama toko ini pesanan saya sampai saat ini belum dikirim. selalu bohong klo ditanya.,1
seller ramah sabar jawab semua pertanyaan barang sampai tepat waktu mesin sudah dicoba dpt bekerja dgn baik. semoga awet thanks,2
respon dan barang di proses dengan cepat thx kyou! recommended banget!,3
over all bagus hanya pengirimannya sedikit bermasalah terimakasih,2
brgnya cpt sampai packing maxi trims utk seller.toko recommend,3
produk tidak sesuai gambar harusnya gambar depan diganti karena jilbab ini tanpa plat. dan hrusnya di deskripsi dituliskan kalau gambar didepan berbeda dgn produk supaya pembeli jg paham kalau produk yg dikirim dgn gambar depan berbeda. harga lumayan mahal klo tanpa plat besinya. bijaklah dlm berdagang apalagi utk merk yg sudah mulai besar dan dikenal masyarakat luas.,1
penipu. awas ditipu. reply sy udah kirim bukti tambahan lwt wa krn di tokped spacenya ga cukup tp dia blng sy ga kirim bukti.,0
pengiriman lama banget parah,0
pesanan saya tdk dikirim. tlg direspon,1
barang sudah diterima sesuai deskripsi repon cepat paking bagus terima kasih,2
pengiriman cepat dan barang bagus dan murah,2
ini expiry date nya ? kok dijual. sayangnya aku ga ambil video unboxing nya. soalnya yaa. ga nyangka aja gitu. judul tokonya official store. dan waktu check barcode ga ada dong ga keluar itemnya beda dg produk satu lagi yg ke beli berbarengan.,1
cepat amat sampai paketnya. bahan satin bagus dan halus. ramah banget orangnya ?,3
mantabsss . barang ori . rambut makin subur dan sudah agak kelihatan warna hitam nya,2
barang sampai dg cepat ttp dlm kondisi basah dan bau apek? kenapa bisa begitu ya padahal didalam plastik?,1
penjual tidak komunikatif.,1
cuma penyok penyok doang sisanya bagus kok,2
jauh dari expektasi bahannya kucel,1
puas mantap luar biasa cepat sampai rekomendasi belanja disini,2
kualitas barang bagus harga murah,2
harga terjangkau. produk sesuai. kualitas sangat bagus! pengiriman cukup responsif. terima kasih yaa. sehat sehat selalu utk seller dan team.,2
udah di notes jangan pake solatiplakban kaleng nya jadi rusak krn nempel bekas selotipnya jd gak enak di pegang nya pas nyemprot belajar dr request costumerlah,1
pesan kurir instan posisi rumah saya di bintaro jaksel kurirnya malah kearah bekasi. penjual bilang tukang gojeknya ambil jalan alternatif? helllooo begitu kurirnya ojek online sampe rumah katanya nganterin orang tuanya ke tukang urut! tolong lah lain kali penjual pastikan kalo barang langsung diantar oleh kurir yg ambil! apalagj kurir instan! jangan lepas tangan! saya pesan kurir instan untuk menjaga kualitas makanan terjaga! ini barang sampai rumah seal sudah tidak rapat!,0
langsung sobek pas pertama kali di pake,4
airo ini punya customer service yang super duper bagus kapanpun saya punya pertanyaan mereka selalu jawab dengan okey! produknya pun bagus! puas banget! love airo?,3
gak sesuai ekspektasi ternyata di ol shop lain harga jauh banget lebih murah,4
baru d pake seminggu rusak,4
beli buat ibu saya muat sampai ukuran besar. waktu dikomplain ada yg cacat seller cepet respon diganti dgn yg baru. terimakasih ?,2
yang motif ada yg cacat .minta motif dikasih dan polos kwalitas kurang bagus maklum barang china masih bagus buatan lokal,0
barangnya sih bagus cuma sellernya aja yg nyebelin. maksudnya pengen ganti alamat doang tp malah ga bisaa,1
aku suka banget. next pengen nyobain semua rasanya nyaman ketika digunakan.,3
sangat amat buruk mereka yg blg exp nya tapi yang datang malah bulan sekelas unilever begini toh ternyata. mereka suruh refund kalau barangnya udh sampe baru ongkir nya di ganti apakah kalian bisa ganti waktu yg kebuang untuk nunggu paket itu? packingnya lagi anter nya lagi g kerjaan. ya semoga unilever yg amat besar ini sadar diri akan kesalahan nya dan kelalaiannya. dan tolong jangan menyusahkan pembeli saya beli bukan gratisan ?,0
yg satu error mulu. jadinya repot. kadang hidupnya susah kalauoun hidup harusbpakai headset sebab mic nya nyala mati,4
ekspedisi pengiriman lama banget pas ngajuin komplain baru di kirim. hadeh,1
fix aku cinta sama ini produk bahannya solid dan bekerja sesuai deskripsi. bakal beli lagi!,3
dua hari udah sampe. gampang banget di rakit. besinya lumayan kokoh dan sellernya sangat ramah. terima kasih,2
sedikit kecewa pesanan pembayaran nya tp di kirim saja seharusnya owner hrs lebih teliti biarpun saya minta biru tetapi pembayaran. nya intem dikirm saja hitamnya dan minta resi saya sdh terlanjur di buang resi kecil ya.,4
balon nya kecil bngt,4
maaf ya kak kasih bintang soalnya bagian dalam tas sobek terus reseletingnya dol susah dibuka tutup lain kali tolong cek dulu ?,4
packing rapih barang ori berkualitas harga murah,2
tak sesuai gambar. ini gada dijahit cuman disambung pake obras. bahannya tipis. kecewa,4
rendangnya enakkk dagingnya empukkk. paling salut krn mau kirim di hari minggu jd bs nyampe tepat waktu sebelum lebaran. tadinya udah agak was kl ngirimnya ketunda sehari aja udah ga bakal pas momennya. ternyata sellernya gerceppp. thanksss.,3
istri saya suka sekali motif hewannya bagus tidak terlihat seperti sablon murahan katanya pakai singlet aja gausah pake baju juga terlihat bagus. packing rapi pengiriman cepat,2
wih mantap betul sellernya aku pesen siang menjelang sore langsung sat set sat set tiba malemnya udah sampe ? makasih seller !,3
sesuai deskripsi tapi pemrosesan untuk dikirim lama,2
kualitas cetakan buku kurang baik,4
enakkk dipakenyaa. bahannya bagus. bahannya adem. modelnya kekinian . tidak menerawang. warnanya cantik . jahitannya rapi. enak dipakai .,2
lem nya kurang merekat,1
sampe sekarang barang blm sampehalu express blgnya sudah mau tanggung jwb dg membayar ke tokopedia tp dr tokopedia ga ada transfer penggantian.ga ada yg tanggung jawab,1
kecewa barang gak sampe. toko nya gak mau tanggung jawab dan respon nya lama bgt. bener bener kecewa. jgn beli disini lagi untuk kalian yang baca komen ini. respon nya lama bgt . dari delivery nya juga kacau nyasarin barang dan gak mau tanggung jawab. beli barang tapi barangnya gak sampe bener bener kecewa.,4
belanja harus hati tidak jelas. sangat kecewa untuk belanja kali ini.,1
mudah dibersihkan. sedotannya kuat. kabel listrik panjang. harganya murah. produk berkualitas.tks baseus,3
selalu bagus produknya pembelian ke mantapp min smoga laris,3
jika saya pake satu berfungsi dengan baik tapi jika pakai dua duamya sering kepencet sendiri,1
mantapp rasanyaa bakal repeat order,3
barang sampai dengan selamat cuman packing aja yg kurang nambah buble tapi buble nya dikit banget sama aja kaya packing biasa,1
cepet kelupas br pake berapa jam doang padahal ? mnding revlon sklian terjamin bgs,1
pelayanan buruk barang yang dikirim tidak enak. jangan beli disini,1
trima kasih respon cepat barang sampai dgn selamat ?,2
silent dan bagus untuk pekerjaan ringan,2
produk belum ada hasil sama sekali mengecewakan,4
sesuai pesanan cepat proses kirim sdh sampai lgsg dipasangthanks seller,2
saya nggak terima paketnya sama sekali saya minta lacak malah no respon,4
bagus bgt sesuai gambar pngiriman jg cpt,3
penjual adalah calo. jual barang orang lain.di chat gak jelas. hatilah,1
pesanan sesuai dengan apa yang diharapkan dan tidak mengecewakan. mengenai barang tidak ada kecacatan sama sekali pengemasannya sangat rapi dan kuat pengirimannya cepat serta respon penjual cepat dan ramah. semoga sukses selalu terimakasih.,2
suka banget belanja disini pelayanannya sangat cepat dan ramah juga kooperatif. barang datang packagingnya aman bangettttttt. hasilnya yaowoh memuaskan ? secinta itu sama final touch nya. yakin repeat order kalo ada acara lagi,3
barang rusak di kirim,0
jelek jelek jelek jelek jelek jelek jelek tinggal ngopi,4
penjualnya ramah banget proses pesanan cepat layar sensitif. packaging rapi touch screen lancar ada garansi toko,2
beli baru tapi kok kacamatanya kotor dan usang.,1
terlalu tipis tali earloop longgar,4
tidak sesuai yang diharapkan volume tidak besar kencang,1
bahannya katun tapi kurang adem,4
produk dikirim tidak sesuai. harusnya,4
pas pertama datang barang nggak berfungsi. coba lagi akhirnya sempat berfungsi. suara keterima dgn baik. transaksi langsung saya klik selesai. tapi besoknya ternyata error lagi sampai sekarang. sebetulnya di sisi penjual nggak ada masalah pertanyaan dijawab dgn baik. cuma produk error setlh transaksi diklik selesai. nggak yakin juga bakal bisa diretur. kepaksa ulasan diedit jadi bintang . jadi balik lagi deh pake yg model kabel.,1
barang sudah diterima dan kualitas brg tidak mengecewakan. mantap abis,3
sangat mengecewakan barang yg dikirim tidak sesuai konfirmasi sampai harus bolakbalik kali saya harus nanggung x ongkos kirim.sangat mengecewakan,0
baru dipasang sdh tdk berfungsi,4
kualitas barang kurang baik,4
barang sampai dengan cepat packingnya rapi dan amat sekali tidak ada bagian acrylic yang pecah. berfungsi dengan baik. semoga awet.,2
pengiriman cepat. barang kondisi bagus. makasih ya?,2
toko tidak mengirimkan barang smpai gagal pickup x entah apa yg membuat kendala toko admin toko sangat tidak profesional entah mmg pada gak bener saya jg tdk tahu yang jelas semua berbelit dan gak jelas pesan hari minggu dikirim hari rabu ini toko official store tapi sepertinya perlu dipertimbangkan lagi krna pelayanan sangat tidak baik. sepertinya para pekerjanya yg gk bener bungkus juga cm kardus doang tanpa dilapis apapun .,1
heh bisa dagang gak looo ? gw udah bilang yah.gw salah klik alamat kenapa lo malah tetep kirim barang kealamat gw yg salah ? lo kan udah jelas tolak order gue tarif ongkir rb dan gw atc ulang tarif ongkir rb kenapa lo tetep ngirim barang kelamat yang salah ! lo profesional dong! udah barang gw nyasar ! gausah lo pura pk cancel barangkasih resi kalo emang barangnya tetep dikirim kealamat yg pertama ! gw sering belanja disini yah ! baru kali ini aja gue salah klik alamat tapi gw nyesel sama tanggepan lo !,0
kualitas sesuai harga ?,2
bintang satu ya chargernya patah gak bisa digunakan akhirnya harus cari charger lain. charger nya ada di dalam alatnya jadi jelas bukan kesalahan pengiriman.,1
isi paket via link aja yg di rekomendasikan aja selalu gagalvia ovomandiri sampe bca aja selalu gagal.ga siap system nya jangan jualan.,1
pengiriman dibungkus plastik bening doang,0
mantap sesuai deskripsi dan gambar,3
barang baru datang pertma saya coba di samsung a bisa terbacabaru saya pasang di cctv ternyta ga bisa.penasran saya coba di samsung m juga ga bisapensran lagi saya coba di oppo a ternyta ga bisa juga.masih pensran saya coba lagi disamsung a ternyta dh ga bisa.seumur umur baru ini saya kasih bintang klaim garansi ternyta ribet juga.kapok saya belnja di apliksi ini maupun toko inimasih enkn tko seblah.komplain kepenjual disurh komplain ke topedkomplain toped disurh komplain dulu gimna baiknuy sama penjual.hadeh.pok kapok saya.,1
gampang dibawabawa hasilnya awet packaging aman ? gampang dipakai,2
pelayanan terburuk selama belanja di tokopedia! pengiriman lama sekali!order tgl juli barang baru tiba tgl agustus. order saya baru dikonfirmasi dan diproses tgl agustus sedangkan estimasi barang tiba itu tgl agustus itupun dikonfirmasi dan diproses karena saya tanya x ke cs. pagi ini saya complaint ke cs kalau mereka tidak telat konfirmasi proses dan kirim pasti order saya jg ngga akan telat yg ada saya disuruh cek resi. sungguh keterlaluan! saya baca review toko official ini dan hampir semua yg kasih bad review karena masalah yang sama dengan saya. tolong ya kepada manajemen toko official deli stationary benahin operasionalnya dan di training lagi cs nya biar lebih pinter lagi menanggapi customer. ngga usah pake embel toko official kalo pelayanannya merugikan customer!,0
seller very slow response semua step selalu last minute baru lanjut. ketika official store lain hanya butuh maks hari barang sampai setelah order ini baru diterima setelah hari,4
ramnya gabisa di pakai walau udh minta tuker x giliran dimintain refund susah banget jangan mau beli disini pokoknya ga recommend banget hati hatii sama ram palsu,1
cetakan buku nya tdk bagus.,4
karung baru bkn bekastipis. ga sesuai gambar. kapok belanja lg,1
mantaaaaap sesuai dengan g di gambar nya jujur dan amanah seler nya .ngak nyesel belanja di toko ini .pokok nya mantaaaaap deh,3
. pengiriman cepat . seller responsive . barang nya bagus . grip nya solid . meskipun bahan plastik tapi nyaman di genggam . adjust nya juga berfungsi dengan baik . harganya murah bgt . puas beli ini,3
untuk sekelas official store ini paling kacau sih packingnya. bener cuma plastik item tipis kualitas trash bag dilakban asalasalan. mending kalau ada tambah opsi bubble wrap.,4
barang sesuai deskripsi dan tersegel original pengiriman tepat waktu sesuai janji layanan mantap terima kasih banyak,2
tipis agak kaku jadi dipakai kurang nyaman,4
pia nya gak dikirim,1
baru dipake eh lampunya sudah mati. sedih dah,1
terima kasih paket sdh diterima dengan baik terima kasih juga diberi voucer,2
puas banget sesuai pesanan terima kasih,2
kecewa deh beli helm sudah pakai bubble wrap tp masih lecet di bagian dalam visor helm lg. berarti bukan lecet dari pengiriman. tanggapan penjual juga tidak baik.,4
produk murah sampai dengan selamat dan wrapnya tebel. biar bintang yg bicara.,2
saya beli nano spray di mic_acc barang tidak bagus saya kembalikan ke toko mic_acc saya minta tukar oleh toko mic_acc ditukar dengan barang yang sama ternyata barangnya sama jeleknya saya minta tukar lagi saya minta merk mixio wh karena saya lihat gambar di toko mic_acc ada barangnya lebih murah saya sudah sampaikan apabila mixio wh bagus saya mau beli lagi dengan menambah uang ternyata barang yang dikirim kesaya bukan mixio wh saya tidak tau barang itu type apa saya kecewa sisa uang juga tidak dikembalikan toko mix_acc tidak menjawab chating saya kalau menjawab hanya sepatah sepatah kata tidak memberikan penjelasan dengan baik bagainana nasib sisa pembelian saya padahal sudah saya sampaikan apabila mengirim mixio wh sesuai permintaan saya maka saya akan beli lagi,4
buku sampai dengan kondisi aman dan baik pengemasan dan pengiriman lumayan lama,2
puas. barang diterima dengan kondisi baik dan tidak ada kendala.,2
produk sangat baik dan pengemasan rapi,2
alhamdulillah untuk barang sangat sangat bagus sudah beli kali. pesanan di proses dengan sangat cepat?,3
ini enak bgt di pakai setelah caesar. di pakai saat duduk jg nyaman tidak bikin sakit. rekomen pokok nya.,2
ramah pelayanan cepat packaging rapih dan aman pesanan pun sesuai dengan catatan. terbaik request pake kertas kado dan kartu ucapan pun free of charge. belum pernah failed sih beli disini.,2
barang datang dalam keadaan dilipat padahal ada catatan barang digulung jangan dilipat,4
yg abu aga tebel bahannya yg hitam tipis bangt sedih,4
pengiriman cepat barangnya oke ? sesuai deskripsi. terimakasih.,2
material produk bagus kualitas produk bagus produk sesuai produk original,2
sudah diterima dalam keadaan lengkap dan ada bonusnya juga. terima kasih seller,2
packingnya ga rapi ada yg ga ketutup jadinya kena hujan sekitar buku rusak,4
pesan hijau yg dtg hitam! ?,0
proses pengiriman sangat mengecewakan,4
teksturnya creamy. gampang dipakai. packaging aman .,2
kualitasnya mengecewakan.blm dipake sudah rusak bola joinnya.,4
barang yg dikirim tidak dicoba terlebih dulu sehingga ada pcs yg tidak berfungsimau diretur ongkir nya lebih mahal dr harga barangjadi kecewa,4
pakingnya kurang aman. di pakein dus tipis doang. pdahal elektronik dg barang riskan pecah kalo di tumpuk brng lain,4
produknya dipaketkan dengan rapi dan tidak ada cacat. recommended,3
delivery yang harus karena twinpack tapi yg didelivery satu. sampai harus buat komplain dan tidak dapat kompensasi apa. the first and the last belanja sini. official store tapi kek gitu.,1
seperti biasa pesanan cepat seller juga fast respon,2
seller responsif order diproses segera dan kirim tiba tepat waktu. bahan lap sangat baik menyerap air dan ukuran lap pas utk lap dapur. terima kasih,2
jumlahnya tidak sesuai dgn promonya. setelah sy terima dibuka jumlahnya hanya yg seharusnya .,1
bahan halusketebalan seperti batik pada umumnya motif keren. akan lebih baik lagi kalo respon chatnya lebih responsif,2
saya pesan yg putih biasa kenapa di kirim yg ini tidak sesuai,1
barang yg dikirim ternyata cacat produk sisi yg satunya lepasan tdk ada ukuranpengait nya,1
barang ga bisa dipake .lampunya ga nyala dan sensornya rusak.,0
coveragenya full proses pesanan cepat packaging aman ? awet buat seharian ?,2
pengiriman cepat kualitas barang baik.,2
cakep bet dah mau duduk aja di kursi ini sampe ga mau berdiri lagi rasanya,3
selalu pilih daily masker onemed tapi packing dan pengiriman harus lebih dipercepat lagi. top pokoknya. terimakasih,2
packing oke bgt gak asal plastik doang tp ada buble dus cokpat kasetnya oke tp sayang gak ada kertas manual nya,2
produk kurang baik dan rusak,4
rasanya agak asem mungkin terlalu banyak tomat,1
untuk kalian yang beli buat windows saya saranin jangan karena saya coba di windows mencet mencet sendiri terus padahal stik ps saya masih baru dan di coba di ps baik baik saja,1
nice product thanks to seller courier and tokopedia. success,2
seller tdk bertanggung jwb. kindlenya baru dibeli terus rusak. pembelian okt okt kindle nya rusak. katanya ad garansi hari bgtu di message whatsapp cuma di read. ga bertanggung jawab banget. hati ya kalau mau beli disini after sale service nya sgt tidak bagus. gabisa dipake deh kindle nya sayang banget padahal uda capek nabung. smoga dpt karma nya sndri deh,0
alhamdulillah berfungsi dengan baik. packaging aman. respon cepat dan ramah. seller dan kurir amanah,2
belum dicoba semoga lebih bagus hasilnya drpd yg biasa shampoo noni mokeru. packing mantull dan respon seller cepat. goodlah?,3
barang sesuai pesanan,2
produknya mudah rusak dan kalo kena kuku dan yg tajam runcing langsung robek dan benangnya terurai. mau komplain udah terlanjur dibuka dan dipakai semua barang nya. saya merasa dirugikan apalagi saya biasa beli yg bermerek walaupun mahal puas. ini saya coba beli produk ini malah bikin habis uang. saya harus beli lagi cd skrg,4
barang tidak ok,4
kartu nya lengkap seru bgt game nya! harga kompetitif,2
boros batre,4
saya beli loreal serioxyl nya malah ga ada. yg datang malah giftnya aja.ini gmn sih official account lho padahal,1
buku udah pasti original dan sangat bagus dengan pengemasan super aman hanya saja pengirimannya lambat,2
cepat pengirimannya.packing aman,2
barang sdh smp udah gitu kurirnya ngaco.barang blm diterima direport udh diterima. trs gak dpt pc blackpink nya. bkn nya klo ada tulisan bebas ongkir ekstra itu hrsnya dpt pc blackpink ? krn yg sblmnya sy belanja di store lain yg ada tulisan bebas ongkir ekstra pasti dpt pc blackpink. ini lupa atw bgmn ? jujur kecewa.,4
touchscreenya tidak fungsi saran aja sebelum dikasih ke konsumen ada baiknya di tes terlebih dahulu,1
pas beli nanya dulu tipe untuk macbook pro inch m yang mana di variasi nya kata penjualnya yang new pro . pas dateng casing kekecilan karena salah tipe ternyata. dan penjual pake banyak alesan gamau tanggung jawab padahal yang salah ya yg ngejual. kecewa gamau lagi beli disini ga tanggung jawab.,4
mantavv sesuai pesanan joss,3
pelayanan tokonya sampah.,0
mantab sesuai pesanan respon cukup sigap dan cukup informatif package rapih aman kondisi barang bagus segel sempat kendala gosend error jd baru besoknya hari sabtu di proses sigap bantu proses cepat akhirnya bs diantar sabtu juga. thanks,2
langganan ?,3
tipis banget dan transparan,4
jangan tergiur dengan promo. saya beli . cpt habis dan ngecas powerbank nya lama,1
nyampenya cepet kualitas seusai,2
barang yg saya terima rusak.pecah tempat krayonnya.saya ngga tau itu kesalahan dari toko karna dikemasnya terlalu bersemangat atau bagian pengirimannya. kecewa.,4
respon penjual nyaa baik. dapet harga muraaaaaah packingnya rapiiiii dan pengirimannya lumayan cepat lahh. coklatnya enakkkkkk,3
wah alhamdulillah sampai dengan aman bubble wrap tebal banget. suka sama modelnya kelihatan mevvah banget. juara seller.,2
uda pembelian ke nihh,3
ga bisa nyala mati suaranya,4
pesen yg besar sama yg kecil warna putih. yg kecil warnanya kusem cenderung warna kuning kaya plastik murah. beda ga kaya saya pertamakali pesen di sini. terus tipis banget.,4
ga sesuai expetasi.barang nya ga kuat.ukuran kcl kaya mainan.,0
kurang pas di wajah kaya kurang keatas gitu karetnya sakit kelamaan.,1
minta pink dikasi ungu tp ya udah lah bagus juga,2
tks barang sudah sampai,2
barangnya bagus sesuai deskripsi ?,2
barangny persis di gambar sesuai dg pesanan,2
ukuran mur di kepala gorillanya ga sesuai dgn ukuran mur utk holder handpone begitu jg dgn kamera saya. sgt mengecewakan. jd sama sekali tak bs digunakan. tolong ksh solusi dong,4
bungkusannya kaya dah pernah di buka asal aslan lecek smua fotonya,0
mantap berkualitas,2
beli pertama warna biru packing hanya plastik hitam. kurir instant datang lemas katanya paket sempat jatuh dan terseret sedikit plastik dan bantal sobek. kurir beratnggung jawab dan pesankan lagi warna hitam pakai toko online lain. hari ini tiba sama aja cuma dimasukkan plastik kresek padahal bukan instant dan setelah dibuka ada sobek pada sarung bantalnya. boleh sedikit usaha bungkus agak tebalan lah pakai bubble wrap murah kok. kalau yang pertama pakai bubble wrap pasti ngga akan sobek plastik dan sarung bantalnya. barang lumayan karena pelit packing ya beginilah.,1
beli ini krn anak istri mau liburan di jakarta cari ketemu toko ini dengan harga yg masih ramah kantong untuk pelayanan toko bagus cepet packaging nya juga rapih aman banget recomended seller. untuk difusser nya berfungsi dengan baik untuk kualitas diffuser nya sendiri termasuk kokoh ya dengan harga segini puas benget sih pas udah nyobain. semoga bisa tahan lama difusser nya,3
barang original packaging aman.,2
raknya letoy bgt. kalo naro sepatu lebih dari pasang takut roboh. kirain kuat ternyata letoy bgt,1
alat pelnya bagus. tp dr barang yg saya pesan cm dikirim item alat pel aja. jepitan jemurannya gak dikirim. padahal di innvoicenya ditulis items dan trnyt penjualnya malah kasar yah pake ngancem kl ksh bintang mrk tdk akan bantu ngecek ke bagian pengiriman,0
kecewa! orderan nya ga langsug di proses pdhl sudah bayar pakai gosend instan!,4
kartu bekerja dengan baik begitupun sellernya yang sigap menjawab semua pertanyaan.,2
salah kirim barang dan sudah dibantu bisa retur namun setelah retur ternyata barang yg dikirim rusak retak isi dalam eye shadow nya ini menunggu utk retur kembali. semoga dapat dibantu utk bisa retur kembali,1
produk sesuai deskripsi packing aman terlindung pengiriman cepat toko penjual responsif alat sudah dicoba dan berfungsi sangat direkomendasikan.,3
balonnya cakep gampang ditiup juga thx seller,2
bagus simple cuma menurut saya kurang keras suaranya. tapi bagus ?,2
gua rekomendasi jgn beli disini. toko ndak amanah sama skali. beli bola keliru ngasih tikar. ok saya maklumi. lalu saya kembalikan barangnya. dan saya minta kirim ulang. customer ndak difollow up sama skali. sampek skarang uda stngh bulan belum dikirim.,1
solusi untuk yang pingin punya smart tv tanpa harus beli smart tv. barang berfungsi seperti seharusnya.,2
bahannya enak lembut ada gel di dalamnya talinya bisa diatur dan gk mengganggu pas tidur packing rapih pengiriman cepat langsung proses ketika jam kerja respon seller juga cepat dan ramah.,2
cakep produk nya rekomen banget nih sesuai deskripsi,3
cuakeeeep. maaf gapake poto. barangnya oke bahannya baguuusss?,3
berfungsi dengan baik,2
dicharge lampu tidak nyala sama sekali tidak bisa dipakai mau dikembalikan berat di ongkir harusnya sebelum dikirim dites dulu toh packaginya tidak ada segel dites dulu boleh kayaknya sayangnya bintang minimal not recommend,0
pengirimannya cepat rapi makasih,3
puas sih. recomended bukunya,3
barang tidak di kirim sampai sekarang respon penjual payah dan mengecewakan bikin kapok kalau barang nggak ada tolong uang ku di kembalikan,4
pisang kecil isinya sedikit nyeesel,1
nope! kalau kepikiran mau beli saran saya jangan. product sering rto gajelas cs after sales service yg buruk dijamin pengalaman kalian akan kecewa.,1
sangat memuaskan dan cpt smpe,2
penjual kurang responsif saat diajukan pertanyaan tentang barang yg dikirim. jd kecewa bngt. ndak recomended sm penjual kyk gini. saran bwt toko cari pegawai yang sikapnya enak dan responsif kepada pelanggan. agar pelanggan merasa puas dan senang dengan pelayanan,1
bahannya bagus. adem,2
pengiriman sangat lamaaa tdk ada pemberitahuan chat tdk di respon,4
jelek bgt bikin kecewa ? ?,0
packing nya bocoroli kemana mana kecewa.,4
isiny hancur akarny gingseng hancur. jadi sprt barang udah lama,4
hasilnya tahan lama. proses pesanan cepat. packaging rapi. respon penjualnya top.,2
paking rapih banget sama berlapis . pengiriman cepatbarang pas pcs. mantulllllllllllll langganan ini mah. nanti malem takbiran pesen lagi .,3
toko ini barangnya lengkap dan beneran tersedia. kadang ada toko lain lengkap tp pas dikirim banyak yg gada. ini lengkap. recommended seller.,2
makasih ya. barang sesuai pesanan lgsung cek certieye nya. packingnya mashaallah rapi bener dan safety. semoga sukses selalu.,2
bukunya bagus dan harganya bersahabat banget bisa buat nambah perbendaharaan cerita si kecil,2
matras nya ada sobek,4
produk original. kualitas produk bagus. material produk bagus. ukuran produk sesuai.,2
good ban jadi hitam kembali! mantap.,3
toko ini kurang ajar kasih barang kurang banyak alasan,0
salah satu kakinya ada yg bengkok jadi gabisa dipake udah minta refund tetep gabisa yasudahlah,1
tidak sesuai spesifikasi abis itu mau komplain tidak di layani bahaya sekali,1
packing dan kemasan baik dan aman jumlah order sesuai dan telah diterima komplit terima kasih semoga batere dan lainnya awet digunakan.,2
kurang memuaskan dalam pengiriman,4
mudah dipakainya,2
barang tidak diterima sampai sekarang. order dari bulan mei. skrg sudah agustus.,1
pelayanan ramah gratis design pokoknya rekomendasi banget bikin cap disini,3
prtama brgnya dtg cman bsa nyala sebelah dan gk bsa charge. mnta garansi tuker baru malah lbh parah gk bsa nyala kduanya. gila lah kapok buangin uang aja,4
barang bagus sesuai kualitas dan harga. proses dan respon agak lambat mesti diingatkan dulu,2
pesan yang sampai . semoga berkah deh yg curangin,0
bagus cat nya mantab dah,2
katanya disuruh pakai bubblewrap utk keamanan barang. tapi tetep aja barangnya ga dikasih bubblewrap. padahal berbayar,4
sudah macet harus di ketok dulu baru nyala mesin,4
bahan plastiknya tdk stretch kaku dan tidak bagus aluas tdk bs melekat spt plastiknya stretch biasanya not recommended,1
mantap nih kartu murah bagus kualitas nya. gak nyesel,2
masker nyaman dipakainya tidak sesak .bagus,2
ikat pinggangnya sendiri sih baiklah. yang masalah kepala ikat pinggangnya. yang saya terima dibeberapa bagian cat mengelupas. hal lain setelah dipake susah dilepas ungkitan untuk menaikkan penahan ikat pinggangnya tidak mau terangkat. repot saat mau ganti pakaian.,4
begitu sampe langsung dibuat kreasi anak seneng bgt. pengiriman jg cepat makasih seller,3
packingnya jelek sekali. handling produknya tidak bagus. mau kasih kado ke orang masa kardusnya jelek begini. biki. malu aja,0
ada parts yg kurang sdh dicomplain jelaskan di chat tp respon nya kurang coperative,1
pesen hari selasa malem nyampe rumah rabu sore. kamis masih aman jumat pagi di minum udh asem. padahal masih banyak. jadi kecewa,4
sesuai gambar tapi tidak memuaskan pelayanannya. komplain tidak di respon dgn baik.,4
mantab rekomended banget,3
bagus kuteknya dan pengiriman respon penjual okey nyesel pesan next time order lagi thx,3
keren dan bagus,3
keras gak ada rasa,0
ukuran nya kecil tapi bagus untuk mengeringkan beberapa barang?,2
tidak sesuai gambar ada cacat jerseynya sablonya berantakan. ukuran juga tidak sesuai yg dipesan. kayaknya toko asal kirim barang saja,0
layanan pengiriman kurang memuaskan.kardus dlm keadaan penyok. untung bagian dalam tidak pecah.secara saya order product cair.,4
sandalnya licin. anak berkalikali kepleset ketika jalan pakai sandal ini. bawahnya licin sekali,4
barang sesuai kualitas oke rekomendasi seller ni,3
keren banget.anak saya suka banget.,3
cas aki berfungsi baik. aki yg masih bagus pasti bisa dicas. lumayan drpd titip cas pinggir jalan mending py sendiri. semoga awet sukses terus buat seller.,2
barang sesuai.,2
alhamdulillah barang sudah sampai di rumah saya sangat senang sekali terimakasih banyak,2
cepet bgt sampai packing termat sangat aman dan tdk bocor bubble wrap tebellll sekali blm dicoba semoga bermanfaat dengan baik,2
ini pembelian saya yang kedua kali pada saat saya terima kondisi segel sudah terbuka dan kartu garansi beda dengan unit yang saya sebelumnya meskipun garansi resmi indonesia dan unit ip cameranya berbahasa indonesia serta kondisi unit bisa dinyalakan. saran saja sebelum barang dikirim disampaikan saja kondisinya supaya lebih transparan.,2
smart schedule nya ga bisa nyala di aplikasi nya failed terus.,4
beli packing dus sama bubble tp dus ndak dikirim. mohon diperhatikan kembali,1
beli barang hanya dikirim . saat komplain dijanjikan barang akan dikirim yg kurangnya. ternyata dikembalikan uang. sangat mengecewakan. sepertinya tidak mau rugi bayar ongkir lagijd barang tdk dikirim.,4
barang yang diterima dalam kondisi yang tidak diinginkan.pecah di salah satu tuts nya.,1
ternyata kecil hanya cocok buat anak anak kl buat dewasa kepala besar terlalu nyekek tapi warna bagus sesuai pesanan,2
barang dtang posisi baterai ksong.berarti barang tidak d cek dulu? d gambar warna biru cerah.dtg wrna biru gelap.layar lcet.mna buat kado ultah.ank ga suka.,1
pie susunyabberjamur padahal baru disimpan sekitar semingguan dan expiry date masih sebulan. biasanya kalo beli di bali ga kayak gitu ya biar temen yang beli pie susu nya aware aja ya. sedih juga udah disayang makannya eh pas mau makan ternyata jamuran terpaksa dibuang ? udah chat juga ke sellernya katanya karena ga dimasukin ke kulkas. tp dulu pas beli di bali jg ga masukin kulkas sih. fyi aja buat temen yg mo beli yah,1
barangnya bagus. lucu. semoga ada versi besarnya. untuk anak kelas sd gitu. hehehe,3
seller responsif dan membimbing step by step sampai bisa,2
nyaman dipakai si kecil. ukuran sesuai. bahannya tebal. bahannya berkualitas. empuk buat jalan. modelnya keren . motifnya kekinian.,2
puas ini mao pesen lagi ya kak,2
masker terfavorit ga bikin uap dikacamata dan sangat nyaman dipakai. harga oke banget sekarang. mantap,3
barang cpt smpk sesuai sm yg di gambar barang bagus berfungsi lampunya terang,2
klo mau kirim barang sebaiknya di cek dulu gan saya beli yg satu mati untuk saya harga segitu lumayan,4
mantaapp ringan rasanyaa mantul produk dalam negeri.,2
barang ori bagus sesuai pesanan. packing rapih buble wrap tebel jadi barang aman. hanya terkendala di jasa pengiriman,2
jujur lumayan kecewa banget dengan claim wangi mint eucalyptus pasti yang kebayang wangi kyk minyak kayu putih gitu tapi pas datang bener ga ada wangi mint atau eucalyptusnya. atau mmng aku idung ak yang salah cium. ? yang jelas wanginya bikin eneg dan pusing bukan nyegerin kayak minuak kayu putih. terus ga dapet free pouch juga. ?,4
warnanya pekat. aplikator mudah dipakai. proses pesanan cepat.,2
pesannya warna putih datengnya abu. ini sudah kedua kalinya yg pertama saya balikin ke gudang sarinah trs ternyata warna putih nggak ada jadi saya di refund uang. yg kedua pesen lg warna putih datengnya abu tp ya sudah lah saya sudah lelah,4
warna tdk sesuai dg yg diinginkan,4
bagus strap nya.seller jg krmnya cepat,2
kualitas bahan bagus.,2
enak dipakai cocok dengan wajah sy.mantap,2
barangnya mulus.,2
bahannya jelek baru pake sehari sdh rusak,1
barang sesuai pesanan mantap dipakai sdh prnh pny sblmny tp ilang makany beli lg barang yg sama triger super awet dn oke bs sgala jenis smartphone tebal ? gw salut sm kecepatan proses kemasan dn waktu kirimny toko ini rekomen bgt bsk gw beli lg dehh ?,3
penjualnya sama sekali tidak komunikatif barang kosong diganti barang lain tanpa konfirmasi terlebih dahulu ke pembeli. next time kalau jualan pelayanannya lebih ditingkatkan lg mbak mas informasiin ke pembeli dulu kalo barang kosong jgn seenak udel main ganti barang ntr situ yg ribet dan rugi sendiri balikin barang ganti ongkirnya yakhan.,1
ternyata setelah mau dipakai baru ngeh kalau boxnya yg dikirim bagian engsel belakang pecah. payah deh qcnya tdk melihat klo ada yg pecah,0
datang barang bagian samping agak bonyok dan terbuka pas bongkar beberapa sekat ada yg terkelupas terkena gesekan entah karena apa. ada juga satu sekat yang tidak rapi pada bagian press resin nya. untuk sekat bagian depannya ada yg penyok pada bagian resinnya. semoga kedepannya bisa di check lagi quality controlnya di tingkatkan.,1
bagusss banget gambarnya sudah dicoba topup dr nfc handphone juga bisa thanks seller,3
saya puas dengan pelayanan dari tokoh ini. awalnya saya chat pertanyakan ketersediaan barang ini ready tapi begitu saat pengiriman barang tidak tersedia. saya diberikan solusi barang dengan model dan tipe yang berbeda. namun tokoh langsung menyediakan barang sesuai permintaan saya.walaupun tidak sesuai dengan estimasi waktu yang saya pesan sameday. akhirnya barang pesanan saya di kirim juga sesuai dengan harapan saya.terima kasih seller doa kita bersama semoga makin sukses dan barang awet saya pakai.terima kasih seller . god jobsbisa muat banyak. barangnya original . mutu terjamin sni. ada garansi resmi. gampang dipakai. desainnya elegan . hemat listrik .,3
mantul. semuanya ok,3
rekomendasi bangett toko ini kiriman cepat insya alloh langganan,3
barang yang sampai cacat tidak ngisi baterai stick nya,4
waktu dites pake tongkat jepretannya mantep bgt. cuma pas beneran dikasi umpan buat tikus setelah semalem umpannya ngilang tapi ga ada tikus yg ketangkep,2
mantaaapppp wajib dibaca ini mah.,3
packing nya jelek. casing nya penyok.kualitas jg kurang.bbrp tidak pas ditempat nya,0
kecewa banget. waktu datang plastik seal ga rapet. dan dialamnya banyak banget semut. banyak banget. komplain ke penjual malahan ga di tanggep. bilangnya ga mungkin ada semut. malahan komplain pembeli alasan ini itu. mana mungkin sih ga di semutin! ini aja goji berrynya ga kering. packingnya penuh angin gitu ga seal rapet. hey penjual. jangan lupa tuh customer service. walaupun jualan bisa salah paling ga bisa bilang sorry atau ikut prihatin. tapi jangan seperti penjual ini malahan ga peduli begitu. parah banget. gila. jarang mau tulis panjang ribet. apalagi beli barang yang simple gini. tapi ini keterlaluan banget. ga recommend. terakhir mau urusan sama nih toko.,4
terima kasih barang mantappp,2
burung sakit sama kaki nya ga normal bang. kenapa di kasih ke saya.,1
respond dan pengiriman cepat barang ok,2
baru dipakai malam. langsung ngedrop.,4
keren banget barangnya. batrenya sumpah awet banget. volumenya juga gede dan ringan. cocok banget dibawa untuk lari atau work out. makasi min,2
fast respond sellernya ramah packing rapi pengiriman cepat. recommended,3
brg sudah smpai dg aman peking rapi kualitas bahan sesuai harga.,2
mantap jiwo thx gan product sudah saya terima dengan baik .sukses slalu,3
bagus alatnya dan bagus service nya cepat nyampe barangnya,2
barangnya bagus banget sesuai sama harga gagangnya juga kokoh banget dan keliatannya kaya bagus gitu,3
model dan warna aku suka tp pemasangan sedikit ribet moga ja awet,2
kayaknya smua barangnya kempeess makannya dituliss klo kempes gabisa ganti ?,1
kaca depan banyak yg lecet seperti barang retur d jual lagi.,4
sukaaaa.makanya beli lagi.total udh punya pcs. suami bilang model dan bahan bagus nyaman dipakai. warnanya oke. respon penjual mengirimkan barang super cepat.,3
berfungsi sesuai deskripsi,2
ngaco banget pesen mouse tapi gak lengkap. gak ada penutup batre sama bluetoothnya,0
barang printer yang di kirim rusak admin online tapi tidak mau membalas chat dan pertanyaan saya untuk claim garansi.,1
material produk bagus. ukuran produk sesuai. produk sesuai. kualitas produk bagus.,2
gampang dibawabawa. awet buat seharian . proses pesanan cepat.,2
mantap barangnya next order lagi barangnya original ?,2
kendaraan menjadi kinclong kembali! mantap. kendaraan menjadi kinclong kembali! mantap. senang banget ada home servicenya. senang banget bisa di pasangin di bengkelnya.,3
kacau beli lebih dari lusin gak di kardusin.,0
jahitannya banyak yg ga rapi kain agak nerawang,4
terbukti menumbuhkan rambutbeli yg ke kalinya ini.,2
barang tidak sesuai gambar. payah,0
kualitasnya di luar ekspektasi,4
tipis bgt,4
ahannya bagus. model juga unik. cakep. adminnya sangat ramah serta cepat responnya. terima kasih triple w official ?,2
barang sesuai gambar packing rapi pengiriman cepat,2
mantap sesuai pesanan blm di cobasemoga bagus,3
modelnya keren. ukuran sesuai. bahan berkualitas. potongannya rapi. bahan menyerap keringat. warnanya sesuai.,2
barang berfungsi dengan baik. packaging aman .,2
pengiriman lama tidak teliti barang yang dikirim kurang buang waktu,0
mending jangan di beli habisin duit lagi lengket sama sekali,1
laptop rusak pass di aktifkan fan error setelah di perbaiki ternyata keyboardnya rusak setelah ganti keyboardnya ternyata adaptornya rusak. jangan belanja disini,1
barangnya bagus dengan harga yang bisa dibilang murah ya ini. sangat recomended membeli rak ini karena sepatu jadi tidak gampang berdebu.,2
saya beli .yg ada kabel charger. lagi tidak ada.jadi gimana?,1
sangat tidak puas baik produknya dan pelayanannya barang cacat pada kondisi tertutup saya mejanya tidak bisa menutup rapat itu dikarenakan pemasangan engselnya tidak sejajar tinggi pendek ini yg menyebabkan listnya sobek krn dipaksa saat menutup daun mejanya. jadi fix nya ini cacat pabrik bukan masalah pengiriman. dan ternyata komplain ga diterima oleh toko penjual suruh hubungi sendiri ke kurirnya.,0
sudah diterima dengan baik mantafffffffffffff,3
barang sampai cepeeet banget terima kasih top bgt ?,3
klaim produknya tdk mengkerut trnyata baru bbrp hari dipake. korsetnya mengkerut bikin ga nyaman. sadd,4
barang dikirim tidak sesuai jumlah pesanan,4
order pcs terkirim hanya pcs.,4
barang tidak pernah sampai. malah disuruh ngambil sendiri. ngga rekomen banget,1
pesan lain warna dikirim. warna yg sama. kecewa seh tp ya sdhlah,4
mantap cepat tepat,2
kualitas ok respond penjual cepat sekali,2
di kirimnya yg hidden bukan yg semata kaki. kecewa,4
saya tulis ukuran yg di butuhkan macam. yg saya terima ini hanya macam. ngga bisa kita pake semua.,4
baguss sukaa bgttt next mau order lagi.,3
bahannya sih bagus sesuai pesanan mudahan muat ya soalnya buat kado trmksh ?,2
barang udah sampai ya gan dan berfungsi. terima kasih,2
bisa dipakai trusted seller recommended!,3
bocor payahlah ga di periksa dulu,0
saya pesan yg donat sudah lewat sms tapi yg dikirim yg ikan saya kecewa sebab kucing saya gak doyan.saya udah bilang gak apaapa pakai kantong polos . saya kecewaaaaaa,4
mantab. fast response terima kasih ?,2
kecewa yard tipis sialan gua liat komen pada sama bilng tipis rugii,4
pas mantab. sebelumnya sempat keabisan stock tapi akhirnya skrg kebagian juga,2
produk masih di pakek sehari lo bayangin udah rusak analog nya wkwk asem tenan wkwk,0
sial. gak ada wangi wangi nya sama sekali gak ada sama sekali biji kopinya gak sesuai judul biji kopi. kecewa banget pantesan murah kita cuma dikasih sampah. penipu.,0
mantab deh sesuai ekspektasi lancar jaya ga ngelag meski ram cuma gb mungkin krn sudah di optimize dari mi nya ui juga lebih simple dr tv box lain overall puas,2
kualitas bahan mantap .,3
harga murah tapi fisik yang di terima gaa sesuai harapan lampu di gagang gaa berfungsi zoom besar kecil gaa berfungsi lebih parah lagi saya udah kasih waktu jam untuk jawab keluhan saya via chat tapi seller slowslow aja padahal online. utamain kepuasan pelanggan jangan hanya nyari keuntungan semata gaa bakal berkah.,1
dapat sama seperti foto pembeli lain. serumnya dipakai dingin tidak panas.,2
saya belom menerima paket ini kenapa sudah selesai yah gimana sih!,0
tidak ada kendala saat penukaran di jepang. trm ksh,2
warna kaoskaki sesuai pesanan,2
order pcs datangnya pcs. ketahuan nya setelah dibongkar dan diberesin masuk ke kotak ada satu kemasan yg isinya cuma ! complain ditolak krn gaada video unboxing. ternyata unilever official account pun tak bisa dipercaya. ?,1
mantaaap ?,2
pengiriman cepat barangnya lengkap sesuai pesanan,2
ada kekecewaan ketika lihat brg datang.aq pikir barang beda dgn fishing pen yg ada dipasaran tp ternyata sma saja mlah ini meragukan ketahanannya.lihat fto komentar smua typenya sma tp yg dikirim ke aq mlah beda.,4
pengiriman lama! minta dicancel tp maksa ttp ngirim!,0
pas untuk ukuran kaki juga. bahan sesuai dengan harga. dan cukup tebal,2
enak dipakai . jahitannya rapi.,2
bahannya kelihatan murah,1
pelayanan amat sangan gak oke,0
barang sampai dengan selamat cakep juga modelnya dan tidak pernah kecewa dengan produk eiger,2
mantap sekali klu bisa kasih bintang wkwkkwkwk,3
sepatu nya bukan kulit. !,0
barang bagus dan berkualitas admin ramah dan jujur top pokoknya,3
kabel nya kurang bagus buat ngecas nymbung masuk keluar lagi,1
bru dipake x udh robek sana sini. trus kek keluar karet warna kuning gituu. ngga lagi deh ?,1
ternyata blackmores nya lengket tidak bisa dikonsumsi parah bangettt walaupun dalam keadaan tersegel dalemnya lengket semua sudah kapsulnya tidak bisa dikeluarkan boro dikonsumsi. dicongkel pake garpu garpunya yg bengkok,0
pernah tanya kapan expd nya katanya ternyata exp . kesel aja uda belain beli disini yg jauh lebih mahal dr toko lain demi dapet expd,0
barang kw. kalau original bagian ujung colokan lightning nya berwarna abu kalau ini wrna putih. di plat usb jg seperti gbr produk yg palsu. bagian kiri adalah produk yg dibeli di toko ini yg kanan adalah kabel original saat beli hp.,1
pantes murah bubble wrap nya tipis kirain tebel. nyesel order dimari!,0
bakalan jd langganan . harga terjangkau pengiriman juga oke,3
produk sesuai ekspektasi dan pengiriman barang cepat pokoknya recommended dah,3
pengiriman lama sekali. respon penjual jg lambat,4
pelayanan nya top after sales service bagus ?,3
proses barang sampe pengirimanmya lamaaa,0
produk bagus proses sangat cepat penjual ramah dan desain bagus kami akan pesan lagi,3
barang sesuai foto. kualitas lumayan sesuai harga. sejauh ini oke lah kalo brgtuu. sukses selalu.,2
klamaan di pengiriman. pesen urgent pagi pke ojek online biar lngsng smpe malah dikirim pke tiki ? bsk nya br smpe.,4
barang sudah sampai sesuai dengan pesanan recommended,3
saat diterima kotak sudah kebuka. ada botol yang gak ada tutupnya,1
barang cacat,0
bagus berkualitas sesuai gbr. makasih seller tokped dan kurir,2
proses cepat produk bagus finising mulus. cuma saran om di bagian pengelam agak fi tingkatkan ada beberan sisi yg kurang nempel soal nya. sama lobang buat gantungan nya agak d besarkan om. terima kasih,1
barang sesuai packing aman pengiriman dan pengemasan cepat blm dicoba semoga cocok,2
suara yang dihasilkan jernih. garansi resmi. mudah digunakan. seller sangat komunikatif dan detail dalam menjelaskan fitur yang bisa digunakan untuk streaming tv maupun film sangat recommended untuk hobby nya nonton produk berfungsi dengan baik. barangnya original .,3
barang sudah diterima dengan baik. tidak ada yang bocortumpah. diwrapping bubble dengan aman,2
enak lumpia basah nya dan admin baik minta daun bawang lebihan eh beneran di kasi banyak ? terimakasih nanti mau beli lagi ?,3
barang tiba sudah bocor dan botol sudah kosong padahal kardus dan bubble wrap masih utuh. jelas tutup botolnya tidak ada segel. penjual berdalih kesalahan pada pihak ekspedisi dan harus klaim asuransi. saya sudah lengkapi permintaan asuransi upload ktp foto produk video. tapi klaim todak disetujui dan dana diteruskan ke penjual. sangat kecewa sekelas official store servisnya seperti ini.,4
makasi gan barang dah sampai aman dan langsung dipakai barangnya bagus slalu memuaskan terus belanja disini,2
harga terjangkau. tetapi ada dua adaptor yg tidak bisa berfungsi tidak ada power sama sekali setelah di cek engineering saya jg sama sekali tidak bisa di betulkan. please check properly before you sent the packagesand make sure all the item works.,1
bertanya dijawab ready dikirim tuker ga boleh. kecewa sangat,4
terima kasih produk telah diterima dengan baik. pengiriman cepat packaging baik.,2
kualitas mantap pengiriman sangat cepat. luar biasa.,2
pelayanan kurang cepat dan ramah,1
lengkap bagus pengiriman cepat dan tepat terpercayaa nomor seindonesia,3
baru pakai sekali langsung koyak. bahan tipis. pengiriman lama. chat ga pernah di bls. ga recommended.,1
ukuran karet sesuai . mantul? dan waktu pengiriman lebih cepat dari jadwalnya. mantap dah. is the best?,2
mudah digunakan. suara yang dihasilkan jernih. produk berfungsi dengan baik.,2
gampang penyok,4
mantap gan barang mendarat dengan mulus. kartu oke. pemerannya lengkap juga. ada buku panduan ama buku catetan buat moderator. makasih gan.,2
mantul dan saat pengiriman diterima oleh saya langsung jadi terjamin aman.,2
sesuai deskripsi dan pesanan. terimakasih,2
barang sesuai pesanan diantar sesuai waktu yg dijanjikan recommended seller!,2
barang cpt sampe sesuai pesanan. packingnya rapi. respon seller?,2
mantab murah dan berkualitas,2
warnanya ga sesuai photo di deskripsi warna sepatu di deskripsi aga crem yang dateng abux gelap,4
model lumayan kren tapi kecewa di batre senternya hnya bertahan skitar jam aja.,4
pembelian kedua tapi baru buka langsung sobek bagian atas,4
mentang beli buat ngepasin uang kenapa dikasih nya dlm kondisi bekas ya? ga ada perekat sama sekali dan ada bekas lekukan juga. iya murah cuman harus profesional dong jualannya.,1
terima kasih paketnya sudah sampai. barangnya bagus banget sesuai dengan foto dan muat pakai baju ini. senang banget ? ramah orangnya juga ?,2
barang bagus cepat sampai aman,2
barang kw jangan beli disini,0
repeat order ke,3
baru kali pake udah rusak. dibalikin ke tokonya saya minta cepet dibetulin dan dikirim hari ini juga orangnya langsung pulang. ditelpon gak response.,1
baju bagus tanpa cacat dan harga bersahabat,2
pengiriman lelet request warna g di acc sangat kecewa.,4
pengemasan rapi dan aman.hny pengiriman yg agak lewat krn sdh kemalaman jd tunggu berikutnya baru sampai tks,2
respon seller ok banget pisangnyaaa enakkk manis nagih,2
kado.harga paling murah pada saat beli trims semoga bisa langganan. dan harganya bisa terbaik terus se tokped,3
sepatu hancurrrr.,0
barang sesuai terima kasih,2
ganti mengunakan sirclo packing susu hancur semuapayah kotak rusak semua .,4
agak tipis tapi ok lha,2
barang sangat bagus.pengiriman baik. smg awett,2
pesanan sudah diterima dengan baik dan sesuai orderan. makasih ya.,2
kemasannya kurang baikk kotakya gak rapih seperti bekas pada hal mau buat kado?,1
barang tidak lengkap. next di cek bner dlu sblm kirim gak cm asal kirim aja.jual kok gk mau rugimlh ngrugiin customer.suruh kirim kekurangan barangnya gak mau.ribet! gmn mau dpt kepuasan n kepercayaan dari pelangg,1
selalu puas dgn pelayanan seller pengirimannya cpt dan harga kompetitif.serta mumpung lg ada update next gen,2
barang bagus. kiriman cepat,2
ini retak gimana ya kok pembungkusnya apa nggak dicek dulu sebelum dikirim,1
barang ori.bagus banget.selalu pake ini dari bayiku lahir. cuma pengiriman nya lamaaman buat kulit bayi. menggunakan bahan alami. nggak lengket. melembabkan kulit bayi. nggak memicu alergi. packaging aman .,2
dlm ordernya sdh sy tambah bubble wrap rp . tp dikirimnya tanpa bubble. lagian ordernya pagi n minta spy dikirimnya lbh cepat instant ternyata tibanya jam an,4
baru pake hari dah ga bisa on pdhal sdh di charge penuh baterenya. kecewa x. not recommended seller barang refurbish kualitas jelek,4
isi buku sangat berkualitas. buku diterima baik walaupun packaging hanya dibungkus bubble wrap. beruntung tidak basah kehujanan packaging perlu ditingkatkan keamanannya.,2
pengirimannya cepat.amanah?,3
kualitas barang bagus dengan harga yg worth the money.bahan nya halus dan tidak gatal kata istri saya.,2
bukunya sesuai pengiriman cepat namun diletakkan begitu saja di lantai tanpa pemberitahuankomunikasi dari kurir jika barang mau diletakkandititipkan ada defect minor pada buku tolong tingkatkan lagi kualitas packaging dan koordinasi dengan kurir,2
jangan lupa gaes diorder toko ini,3
pengirimannya gimana ya ini? sayang bgt bukunya jadi cacat gitu jadi keliatan bekas padahal buat kado,4
agak aneh aja sih seller minta ditambahin sebanyak x yg artinya rb sedangkan di lapis hanya lapis aja. sedangkan bubble aja roll besar hanya rban aja. mungkin seller jualan bubble bukan jualan vga kali yaa?,1
kualitas suara ok banget apalagi dengan harga yang terjangkau barang pun dijamin ori karena sudah terdaftar di website razer langsung pokoknya bagus lah bassnya juga kerasa,3
produk original packing aman jadi kardus engga penyok mantabs lah,2
kecewa deh . order warna hitam navy dikirim duanya warna navy. alhamdulillah ga langsung beli banyak nyoba beli sedikit dulu.,4
alhamdulillah bagus material produk bagus. produk sesuai. produk berfungsi dengan baik.,2
saat baca komposisi deskripsi minuman rasa mangga rada curiga. tapi karena terjual banyak tetap beli. secara harganya mahal aku pikir full mangga. ternyata artificial mangga. manis buatan banget. ga sehat.,1
beli dua rencana nya buat jaga jaga kalo salah satu nya rusak eh bener aja dua dua nya gak mau nyolok stik ps dengan sempurna ke converter nya mau retur produk udah kadung males untuk penjual sebelum kirim barang tolong dong di qc lebih maksimal lagi,4
salah kirim produk admin lama banget balesnya. proses retur gak jelas,0
kurir jne,0
seller responsive. recomended,3
sangat terlalu mahal kualitas lem sama seperti aibon .,0
udh lama gak makan. kali ini bnykan sounnya. daging ayamnya lmyn gak kliatan. sambel ttp enak. pcking aman respon cepat.,2
barangnya original . produk berfungsi dengan baik. suara yang dihasilkan jernih. mudah digunakan. asli ga nyesel transaksi disiniagan seller mau jelasin sejelasnya masalah produk dan variasinyasampe cara penggunaan alatnya sehingga berfungsi semuanya.,2
bagus dan tahan lama banget,2
pelayanan bagus mantap rekomen banget beli disini. terima kasih.,3
tidak bisa hidup,1
paking barangnya kurang bagusnyampe barangadaptor didalam udah pecah.sampe sekarang belum bisa dicoba.,4
barangnya original harga murah pengiriman cepat. terimakasih tokopedia terimakasih seller dan terimakasih untuk para kurir. semoga kita sehat selalu dan dijauhkan dr segala macam virus. cepat sembuh indonesiaku. love ya!,3
sudah beberapa kali beli pastel iniga pernah ngecewainrasanya mantapppseller nya juga ramah banget?,3
mantab lilinya sesuai makasih ya,2
jahitan tidak rapih ada jahitan sambungan depan dan samping,4
mantabb selernya baik banget penyabar sampe salah paham tapi selernya tetep profesional dan baik hati.positive seler game nya seru. kelengkapan sesuai. produk terbaru.,3
sangat tidak recommended!,0
jasa pengiriman nya di ganti tanpa konfirmasi. kurang memuaskan,0
pesanan sdh mendarat.kualitas barang bagus.pengiriman cepat,2
minta rak tudung tingkat yg di bubble malah celana dalem yg di dalam baca pesannya dong. mikir.,0
mantappppp. recommended keyboard ma mousenya ?,3
gak bersegel. di packing luar dan dalam produk nya tidak bersegel. info dari admin seller setelah chat produk memang tidak bersegel dan info nya di klaim oleh admin penjual original agar di cantum kan di deskripsi agar pembeli jadi tau dan layak jadi pilihan atau tidak nya untuk di kulit wajah nya.,1
respon cepatpacking pengiriman bagus buble wrap ny tebel jdi aman buat barangnya.saya suka.semoga barangnya awet dan brfungsi dgn baik.recomended seller.,2
barangnya ringkih gampang patah. pengunci tidak paten. bahan kurang bagus. ya mungkin sesuai sama harganya kliatan kaya diskon padahal harga normal untuk kualitas segitu ini yg buat g bintang lah.,4
bahan plastiknya bagus banget emang the best quality dah polypropylene? terus warnanya lucuuu?,3
respon jelek,4
lansung coba.positive bos,2
mantap hijabnyaaa enaaaaaak dipakai adeeeeem,3
terakhir saya beli nge packnya g kenceng sobek semua berceceran dijalan saya beli rusak yg sobek semua isinya tumpah kemana yg satu pack sampe k saya dah tinggal n mungkin driver yg bawa jg g ati bawanya tapi klw nge packnya kuat mungkin g kejadian saya biasa beli g pernah seperti ini,1
isi tidak penuh dan tidak ada wangi nya. segel hanya pakai solatip seadanya,4
pengiriman cepat packaging nya okeee banget isinya sesuai ga gampang macet pas dipakai pokonya bagusss bangettt terima kasih joyko?,2
gabisa di pakai kcewa dahhh,4
udang red bee yg dipesan tdk adasdh dikomplain malah diteruskan tokped dana nya ke penjual,0
pesanan ndk sesuai. pesen m di kirim l .,4
kesekian kalinya order disini gingseng nya ckup membantu untuk menaikkan imun tubuh dalam kondisi saat ini selain bisa digunakan untuk soup ayam bisa juga direbus dan diminum air rebusannya thank you?,3
barang nya ok. cuma proses kirim nya agak lama dan admin nya harus nya dichat dulu baru di proses barang nya.,2
lucuuu banget gambarnya tapi bahannya tipis ya gapapa biar adem. thanks seller,3
komiknya ada yg udah kuning kertasnya stok lama sepertinya,1
barang dateng tidak sesuai dengan pesanan beda warna,4
sangat tidak recomanded harga promo tp masih tetap mahal dari toko sebelah bahkan lapak online lain nya. official store mempermainkan harga ? mau monopoli tokopedia ?,1
brang dtg warna nya sesuai pesanan tp karatan dan kotor,4
manteb bangettt? lov it!,3
sebenarnya utk kualitas produk bagus original. tp kecewa sm pelayanannya. admin slow respon banget negative respon orderan udh diproses tp resi invalid. waktu pengiriman via ekspedisi cepat yg lama proses di intern admin official store.,4
respon penjual buruk barang tidak sesuai pesanan,4
pianika awalnya tuts nada ga bunyi. lalu suaranya kecil dan hilang.di chat no respon padahal lagi online .,1
barang lama sampai tidak sesuai dengan timeline,1
barang bagus sesuai pesana pengiriman cepat positive job,2
privasi nya gak terjaga pas ngambil nya kan jadi malu ada bacaan celana dalam wanita. kalau yang beginian tolong di jaga privasi udah lah paket nya smlm di titipkan ke orang pula?,1
pesan godly grey malah datang nya lovely brown gak teliti banget admin nya,1
karungnya lbh byk yg rusak drpd yg bagusnya. ga bs dipakai buat beras lg?,1
warna yang datang tidak sesuai pesanan walaupun sudah menulis catatan cancel kalau warna pilihan memang tidak ada.,4
seller komunikatif dan koperatif harga kompetitifkursi sangat nyaman dipakai apalagi untuk wfh.harapan saya semoga barangnya kuat dan awet,2
gak nyaman dipakai.,4
lampunya gak nyala,1
warna tidak sesuai dengan gambar daya serap nya buruk cendrung tidak menyerap air parah kecewa saya kualitasnya makin memburuk tidak sama seperti pas awal order wood pellet disini,4
mic nya gak respon,1
gamepad sampai dengan packing std gamepad satu normal namun yang satunya l dan r hilang entah kemana sudah di cek memang tidak ada apakah kesalahan pembuatan di pabrik atau memang produk gagal semoga untuk ditingkatkan ketilitian dalam pengiriman sebelum sampai ke tangan konsumen jadi stik atau gamepadnya terpaksa main pakai l dan r cabutan dari stik lain yang beda merek dan warnanya hitam padahal gamepad normal sayangnya tombol r dan l missinghilang semoga gamepadnya awet. makasih y,1
bahan nya bagus banget,3
kecewa dengan kwalitasnya,4
cukup baik hanya ukurannya tidak tercantumkan,2
pelayanan nya kurang baik barang juga salah kirim dari awal udah dibilang malah dikirim,4
suka banget sama original source yang mint,3
kura kuranya tidak mulus,4
barangnya original. hemat listrik. bahan kuat awet. mutu terjamin sni. penjualnya ramah banget. packaging aman. proses pesanan cepat. gampang dipakai.,2
ada sedikit cacat lipatan jahitannya,4
barang sesuai dengan gambar. harga murah tapi kualitas ga murahan. pengiriman nya cepet. oke bgt deh puass,2
koq dibungkus bubble doank tanpa kardus. sy kan jg bayar kardus bubble sis _,0
udah langganan,3
diskon nya nipubarang nya ternyata sesuai dengan harga,1
pesan yg eyeliner putih yg dateng malah yg itemmm hmmmmm tolong lebih teliti,1
repurchase warna yg beda. toko fast respond dan sesuai review sebelumnya bahwa item sesuai dan bahan bagus lgsg menyerap ke bahan canvas. sukses selalu?,3
mantap proses pengemasan dan pengirimannya cepat produknya juga nyaman bahannya.,2
gak bisa untuk semua merek keyboard,1
mantul bosque,3
proses pesanan cepat. kualitas sesuai harga. berfungsi dengan baik.,2
response selalu cepat. barang sampai cepat. tidak pernah masalah. kartu langsung aktif,2
pengiriman tidak sesuai estimasi,1
kotor cangkan semua dan ga terima retur.hati,1
pengiriman kilat cepet banget nyampenya beli malem dan saat itu juga langsung dikirim. harga juga jauh lbh murah. terima kasih!,3
barangnya bagus sesuai pesanan,2
pokoknya jangan ada yg beli disini. barang rusak mau minta klaim tpi seller banyak alasan padahal stiker garansi blm rusakdamage. mohon dipikir kembali kalau mau beli disini?,1
produk sesuai deskripsi. pemasangan mudah kualitas gambar bagus pakai aplikasi v pro,2
pengiriman on time dan produk berfungsi baik seperti harapan.,2
kecewa beli tempat masker pcs yg dtg cuma karna ga ada video unboxing hanya foto saja jd ga bisa diklaim.lumayan ambil untung lebih dr yg ga bikin video unboxing ya ka . harusnya teliti sebelum mengirim ?,4
kecewa sekali ada lembar warnanya beda memang sekilas bentuk dan motif sama tpi saat mau dipasang beda sekali rate barang rate penjual,4
toko paling ga niat jualan beli tanggal baru dkirim tanggal barang sih bagus . tapi pelayanan ngga banget sesuai review di bawah,4
admin slow response. konfirmasi ketersediaan barang lama sekali. bonus gift yg dikirim juga ga sesuai,1
mantap banget. best price dan pelayanan sangat responsif. thumbs up!,3
mau order warna hitam kosong deskripsi produk ada minta di cancel tetep hajar dr penjual. packing rapi tapi experience buruk,4
harganya ok banget dpt cashback lagi! very fast response ga ada kendala check in. mantap!,2
pas chekout kemarin tulisanny dapet cashback. ribu pas barang udh dpt kok koinnya cashback ny berubah hanya dpt ribu kecewa banget. bulan depan ganti susu dari kalbe aja lah.,4
ada cacat pada saat sampai di rumah ?,4
barang bagus dan sesuai,2
barang nya sesuai yang di foto dan ternyata kualitasnya jauh lebih baik di banding yang saya pikirkan,2
bagus barangnya cocok untuk latihan sticking . ini untuk anak saya,2
pesan yg varian pcs tp cuma dikirim pcs,1
lumayanlah sesuai harga,2
megecewakan. sy hendak tukar warna mbak nya iya aja eeh dikirimnya ttp warna yg salah. padahal kalau tidak bisa ditukar kan bisa sy batalkan,4
paket mulus sampai di tujuan toko juga sudah terpercaya. mantab?,3
works fine. respon seller cepat barang berfungsi dengan baik. recommended.,2
parah sekali.pengiriman barang kurang.masih gak percaya sama konsumen.malas belanja lagi.walaupun dapat hadiah free.percuma yg free gak di kirim,0
produk ok sesuai ekspektasi. terima kasih,2
gan ini gimana ya gorrilapod nya ga cocok sm kamera saya bahkan untuk bawaannya aja ga bisa masuk ga sesuai yang di gorillapod terlalu besar padahal saya sudah diskusi tanya apakah bisa untuk fuji xa dan agan jawab bisa. ini kebesaran ga muat di lubangnya di lubang untuk jd tongsis hp pun ga bisa dipasang barangnya bagus tapi ga sesuai dan gak bisa saya gunakan jadinya,0
semua pesanan bocor sdh di video sama pengiriman.kacau.jadi beli rugi.barang sisa setengah.,0
packing sama sekali gak ada dusbubble.,1
sesuai pesanan cuma tempat kartu kurang lebar,2
brang sampe walau agak lama terimkasih,2
fast response sponge nya juga bagus satu sisinya kasar material produk bagus.,2
isi lengkap tidak ada yg patah dapat dusnya juga setelah dirakit berfungsi baik,2
kali ke pesen kaos kaki disini bahan bagus dan enak banget dipakai. harga super terjangkau dan pengiriman cepat,2
penjualnya ramah banget packaging aman ?,2
sudah order yg kedua disini packingnya rapi untuk lilin sama tulisan ulang tahun yang rentan patah dimasukkan ke dalam kardus ?pengirimannya juga cepat semua barang yg dipesan lengkap dan kualitas bagus semua balon ga ada yg bocor lilin dan tulisan ultah nya juga ga ada yg patah. anak bungsu saya senaaaaang sekali. terima kasih banyak ya ?,3
ga berfungsi,1
peking aman dan rapi. puas,2
barang yang dikirim beda dengan di gambar yang dikirim merek tumpah gk jelas. ditanya dapat kuas malah jawab yang lain. hati tukang tipu. gk niat jualan.,1
material produk bagus.,2
enak kartunya sesuai ekspektasi plastik beneran. licin . dan kerasa bakal awet,2
barang sudah sampai nanti di update bintang mau cek kondisi barang dulu,2
seller kurang komunikatif saya pesan warna biru tapi dikirim warna pink. dan tanpa pemberitahuan sebelumnya. karena saya beli untuk kado jadi tidak utk digunakan sendiri. mohon kedepannya diperbaiki.,1
wanginya enak bangeettttt!,3
sip lah. barang sesuai. bahannya spundbond. pesen dpt ukuran cmcm. hanya saja di beberapa bagian ada yg sobek sedikit. overall positive. thanks impodio!,2
barang yg dikirim gak sesuai promosi. mengecewakan sekali!,0
barang sudah sampai sesui dengan pesana,2
kaca malah jadi buram. cairan ini baunya seperti porstex. hati hati dalam membeli,1
brg nya blm sampe dan blm diterima. tp diaplikasi uda selesai aja. kan aneh,0
proses pesanan dan pengiriman barang cukup cepat produk sesuai deskripsi seller responsif sukses dan tetap jaga protokol kesehatan ya seller! terima kasih.,3
bahan tipis. penyok karena packing yg ga jelas. padahal udah sengaja peser kerdus. ternyata di kirim cuma selembar dan ga guna.,0
drawlernya ga bisa kebuka manual ataupun yg otomatis,4
jangan mau beli disini. kemasan nya jelek barang sampai dalam keadaan pecah dan seller nya gk mau tanggung jawab,1
ds sukses terima kasih atas kerjasamanya sist,2
udah pesen pke dus gak ada dus nya. mending gak udah pke dus dah,0
pengiriman lama jam ok semoga awet,0
sudah jelas pilih varian hitam yg dikirim putih ya kalo toh habis kan bisa di komunikasikan kpda buyer buat apa ada fitur chat. jgn asal kirim aja mau komplen juga males ribet.,0
terjemahannya berantakan bgt. mending beli yg versi inggrisnya aja,0
baru coba satu. sip. mantul. mudah mudahan yg satunya jg berfungsi sesuai deskripsi. thanks gan.,2
tidak ada dlm box,1
saya mesan dua malah dikirim cuma satu,1
g dikirim sm bubble wrap t.t,1
respon pengiriman sangat lambat.status sengaja dirubah ke pengiriman agar tidak ada batas waktu batal otomatis. tapi barang tidak dikirimkirim. status berubah jadi pengiriman sampai resi keluar hari baru kurir berhasil pickup barang. payah!,0
sangat kecewa pengiriman lama banget barang nya juga rusak dan penyok jangan tergiur sama harga murah ya temanteman,1
produk memang sesuai deskripsi penjual. harga jg terjangkau. pengiriman pun cepat. tapi kualitas produknya berbeda dgn originalbawaan spt tingkat presisi antar bagian maupun finishing nya. agak keras diputar utk setting. bautnya pun yg panjangpadahal original nya yg panjang hanya utk kamera sajasehingga menjadi pemberat di helm.,1
barang rusak ga guna sama sekali . parah,0
setelah pake masker nya kulit merasa alergi ampe kemerahan lalu membengkak. saya bingung harus gimana,4
harga terjangkau di bandingkan jrpass di tempat lain. penukaran nya juga tanpa masalah. next time pasti order kesini lagi.,2
mantaapppppppppplpll gannnnnnnnnn,3
penjual kurang ramah,0
layanan cs sangat mengecewakan,4
arrived safely! yayy puas banget thank uuu mizan! cantik banget bukunya. ga ada defect apapun yuhu puass! thank youu mizan?,3
alat tidak berfungsi sdh dipasang sesuai instruksi tdk bs dipakai dan tidak ada api yg terpantik keluar hanya liquid gas.,0
official store aja spt ini gmn klo beli di toko lain? udh smp taun baru ga ada penyelesaian dr pembelian awal desember sy udh ingatkan pdhl pastikan brg bgs pas sampai besoknya lgsg sy keluhkan tutupnya ga bs dipasang tgl toko menyatakan bersedia kirim tutup yg baru semua ada buktinya di chat saya. tp bukan main bertele ga menawarkan solusi nyata. saya beli pan ini krn butuh yg ada tutup kacanya malah dikirim tutup yg ga bs dipasang! brand dan pelayanan kualitas rendah pengalaman yg sangat mengecewakan. mengirim barang ga berfungsi namanya penipuan. ga akan beli carote lg ga akan saya rekomendasi.,1
respon seller sangat cepat dan ramah packing sangat rapih. recommended seller lah pokok nya !,3
dari pesanan yg bs dipake cuma itupun tidak sempurna kemungkinn pecah di pengiriman karena paking tidak amanseadanya.,1
official store produknya cuman d bungkus plastik ? sebercanda itu tokopedia lolosin ini toko jadi official store,0
ternyata bukan hot wheels asli bahan plastik. harap di beri keterangan bahwa barang tdk original.,1
terjemahannya nggak pas,4
tidak sesuai,4
barang sesuai deskripsi pengiriman cepat seller responship dan ramahterimakasih seller dan tokopedia,2
gak pernah saya kasih bintang ke toko manapun tapi untuk x ini saya kecewa barang saya yg minyak kayu putih gak di kirim. semoga berkah ka walau cuma uang sgitu dan gak lagi belanja di toko yg gak amanah ini,4
barang cepat sampai. kualitas bagus dan pengiriman aman tidak ada yang pecah. manstapu ?,2
mousenya kurang responsif. jd harus teken agak kuat,4
kualitas kurmanya top. dagingnya tebal dan lembut. packing bagus setelah tutup box dibuka kurma masih dibungkus plastik. mau order lagi,2
mantap barang ga mengecewakan sumpah di sony a ku awet jg btrenya lebih lama daripada btre ori malah,2
respon cepat sayang lensa macro nya ada baret masih dimaklumi lah karena murah tp berharap kualitas barang bisa lebih baik,4
barang tdk lengkap. sdh lama lapor tp sampai saat ini belum di kirim. sdh sering ditanyakan tp hanya janji aja.,0
semuanya bagus tripod.nya kokoh pengemasan aman rapih pokoknya seneeeeeng bgt makasih tokopedia ?,2
positive quality. ada bonus pelindung kabel ?,2
produk mantap produk sesuai deskripsi. variasi produk beragam.,2
rumah rapi dan nyaman. rekomen . material produk bagus. produk sesuai. murah respon seller kiriman cepat packingnya sangat aman banyak cashback cashbacknya bisa buat belanja yang lain lagi gratis ongkir pastinya bahannya lumayan bagus oke oke oke lah pokoknya demikian ulasan saya tidak terlalu panjang dan lebar mungkin cukup sampai sini aja kali ya terimakasih sudah menyimak review sekian dan saya ucapkan terimakasih banyak. ingat tetap patuhi protokol kesehatan gunakan masker dan jaga jarak,3
pesen apa datengnya apa. untung masih menang argumen waktu komplain. tapi terpaksa nerima barang dengan refund dipotong harga barang yg dikirim. seller enak untung. buyer tetep rugi.,0
sekali pakai,1
pelayanan mantap.langsung kirim dan sampainya cepet bangetpackingnya juga ok banget?,3
produk oke sesuai dengan foto dan keterangan,2
tidak sebagus di gambar kain tepi di neci aja bukan di jahit lipat ya harga segitu,4
sepatunya cukup bagus namun ketika sampai ternyata sepatunya agak mletot dan terlalu berat untuk ukuran sepatu lari. tapi harganya sudah sesuai.,2
material produk bagus. produk sesuai. kualitas produk bagus. produk original.,2
alat bagus tapi gak bisa dipakai lama. dipakai kurang dari menit udah overload dan harus nunggu .kerjaan bersih jadinya memakan waktu yg lama sekali,4
produknya sesuai gambar,2
motor depan sebelah kanan cepat panas dan sekarang tdk berpungsimotor belakang kiri jg sama,4
puas dan gercep banget seller nya. pesan dua kartu dan dua duanya berfungsi dengan aman. terima kasih.,2
ternyata sablonnya tidak sesuai dengan gambar huhu,4
ada cacat sedikit dan overpriced untuk plastik seperti itu,1
puas. kartu bisa lngsung dipake di korea. tanpa masalah.,2
mantap jiwa bang,2
hancur patah patah semua,0
sesuai dengan gambar dan ok .trims,2
harga ok pengiriman cepat packing aman,2
barang cuma rebu masa kudu di video in pas unboxing. sudah menjadi tugas qc utk cek dengan teliti apakah barang yg dikirim sudah lengkap atau belum. parahhh,0
mantaaap. tanggap banget fast respon. juossssssss,3
minta warna coklat dikirim hitam. bilangnya ready,4
order dari tgl nov baru sampai tgl dec ? padahal order dari official store. itupun setelah kemarin saya follow up sendiri ke ekspedisinya karena status di toped masih menunggu pick up paket sampai pun tidak dipacking dengan aman hanya selembar plastik basah kena hujan. kapok ga berani lagi belanja disini?melulu ? dichat ke penjual yang balas sistem dan hanya info masih menunggu pick up.,1
mesen yg datang hnya saja yg satu bosnya kosong ngk ada isinya,1
makasih banyak gan sukses selaluu pelayanan mantapp barang asli. sukses selalu untuk seller dan semoga bisa terus kasih harga dan pelayanan yg mantapp,3
kurang suka wangi lemon grass terasa panas saat terhirup,4
memang filter showerhead ini tidak disebutkan mereknya. jd tidak bs dikatakan palsu. tp saya agak kecewa. silahkan dicoba sendiri aja. mungkin saya salah. ?,4
kualitas barang sangat bagus produksi terbaru kemasan sederhana seller cepat menanggapi.,3
udah beli banyak ada yg rusak mau tukar ga bisa pake belibet aturan cape deh,0
barang nya kw! lengket sangat lemah beda dengan m ori,0
konten bukunya banyak yang salah. materi twk banyak yang salah kunci jawabannya juga. sedih banget padahal buat belajar ?,4
enak isiannya banyak sausnya mantap,2
kertas daur ulang jadi sedih ga puas,4
bahan agak panas dn warnanya ga cocok,4
repon dan pengiriman lambat di luar estimasi,4
parahhh barang rusak retak di komplain malah urusannya sgt ribet! tidak akan beli lagi d sini,0
barangnya ternyata berkualitas walaupun harganya cukup miring warnanya pun bagus gak kelihatan kayak barang murah puassss,2
tidak terlalu nempel dan susah nempel di dashboard !,1
bukunya penyok diujung atas kebuka dikit plastiknya pas nyampe,4
ketahanan wangi tidak seperti claim yg di sebutkan jam,1
ukurannya sesuai. bahannya adem. produk sesuai dengan foto.,2
ps nya ga awet.belom ada bulan udah rusak padahal pemakaian biasa aja malah jarang di pake tau rusak sendiri,4
mantap bgt,2
bagus dan rapi. pengiriman juga cepat.,2
gak ada pengaruh kutu msih hidup sdh saya tes langsung. merasa ditipu nih semoga dapat karma dah lu,0
koneksi perangkat susah kalaupun konek seringkali putus buku petunjuk minim info. pdhal beli pilihan yg paling mahal. apa saya saja yg terima barang spt ini?,1
mantab pakcing super rapi dan aman.jos lah om?,3
murah sesuai harga tapi barangnya kerass banget butuh tangan dan ringan gak berat. jd utk harga murah begini ya gausah ekspektasi tinggi.,1
barang cuma bs dipakai seminggu. uap nya gk muncul lagi.kecewa banget. jadi gk bs diapain. buat yg lain jgn karna murah beli ya.barang cm tahan seminggu,4
pengiriman aman dan lmyn cepat. barang diterima jg bagus,2
gagal produk baut tdk pas n tmpt pengisian jg tdk pas n tdk bs n boros pemakaiqnnya,1
bahannya adem. enak dipakai . modelnya kekinian . jahitannya rapi. bahan menyerap keringat. tidak menerawang.,2
salah kirim bisa sih diselesaikan baikbaik tapi males aja.,4
jelek banget lakbannya sangat tipis dan terlalu lengket. yg lengket malah sisi yaitu bagian bawah dan atas jadinya sangat mengganggu. ?karna bisa mengakibatkan paket orang lain menempel pada paket kita dan penyok?,0
trimkasih bonus nya,2
bagus banget ?,3
barang kurang pcs yg dtg dan kualitasnya jelek sekali dari bahannya potongan yg g rapi dan ketelabalan yg g sesuai mm di deskripsinya ternyata g sampai setebal itu,1
ukuran sesuai. packagingnya rapi.,2
fix bukan yard ternyata tebalnya hanya mm tipis boss gak sesuai judul!,0
sangat buruk dan kecewa pakingan gak rapih cuma pake bubble warp aja jadi pas paket sampe udah sobek.,4
respon cepat sangat memuaskan,3
posisi kancing dan lubamg kancing tidak sejajar jadi saat dikancing bajunya panjang sebelah dan bagian leher tidak rata,4
singletnya lucu bahannya lumayan adem buat se hari aga tipis. sampainya cepat recomended tokonya,3
data sering error dan hilang ?,4
file cd kosong tidak rekomendasi,1
barang berfungsi dengan baik. recommended seller ?,3
celemeknya tebal dan warna sesuai pesanan. packingnya tebal berlapislapis barang sampai tanpa rusakbasah. di toko ini juga banyak variasi celemeknya jadi bisa memilih sesuai kebutuhan. sukses selalu untuk seller.,2
sudah kuduga kalau beli banyak pasti ada beberapa yang barangnya dikasih dalam kondisi cacat dan ternyata beneran dong wkwk yang pecah malah barang di urutan ke dari total item yang saya order kualitas barang ternyata hanya plastik tipistidak sesuai perkiraan saya karena yang ditampilkan toko hanya tampilan depan saja overall i wouldnt recommend this to yall,1
hand sanitizernya oke banget. wanginya enak bikin tangan jadi halus abis dipakai. semoga pas kulitku lagi sensitif ga bikin sakit ?,3
kapok belanja disini lama banget pengiriman nya!,1
teksturnya keras. hasilnya tebal. gampang dipakai. gampang dibawabawa. packaging aman . proses pesanan cepat.,2
selalu puas belanja disini packing aman sehingga brg diterima dlm keadaan baik tanpa cacat respon dan pengiriman cpt. brg sesuai dengan deskripsi. positive seller,2
barang gajelas lama sampai kotak penyok,0
kabel jack nya sangat tidak bagus. saya colok ke mic nya tidak terbaca saya coba colok ke speaker harus di teken biar nyala suara. untuk mic nya bagus tapi saya harus pake jack yang lain.,4
respon dan pengiriman sangat cepat sangat rekomen dan pasti akan belanja di toko ini lagi.,3
konsumen ga dianggap. attitude merupakan hal pokok dan semestinya tetap dinomorsatukan.,0
beda yg dipesen sama yg datang,1
sudah sampai tapi tutupnya pecah ?,4
sablonan kurang bagus. pas di cuci ancur sablonannya,4
jamnya berfungsi normal. bahannya bagus. ukuran sesuai. nyaman dipakai lama.,2
gak sesuai yg di pesannya merk apa malah yg di kirim nya dompet ginian sdh gitu rugi banyak pas di retur gak di ganti ongkir nya,4
ngirim barang kurang teliti,1
ga sesuai expetasi lebih mirip singlet drpd tanktop beli putih hitam yg dikirim hitam semua pdhal sblm order sdh tanya saat cekout jg yg dipilih hitam putih packing rapi pengiriman agak lama penjual responsif,4
saya pesan paket yg paket tidak sesuai pesanan,4
luarbiasaaa. udh x beli di toko ini. penjualnya ngerti kebutuhan sy butuh urgent hari minggu tetap dihandle pdhl hrsnya libur dan pake sameday tp nyampenya ekspress dari jaksel bekasi. puji tuhan ! thanks so much seller dan kurir sameday gbu ?,3
beli kg minta dimix pisang yg msh hijau kuning eh dikirim kuning semua. hadeeehh,1
packingnya kurang memuaskan,1
product tidak bisa spray sudah di kocok berkalikali .tidak bisa dipakai.tidak recomended.kecewa,4
ringan bgt enak dipakainya dan batang pel nya kokoh. ga nyangka harga semurah ini tp kualitasnya bagus bgt. pel an nya bs mutar derajat bikin gampang ngepelnya ga harus manuver belok bikin pegal,3
fast respon barang bagus recommend.,3
barang jelek mudah sobek,0
lakban tipis bukan yard kecewa,4
barangnya original . suaranya jernih.,2
cepet banget kepotek terus ancur,4
saya tidak pernah dikecewakan oleh toko ini. pokoknya untuk urusan videografi dan fotografi saya senang belanja di sini,2
packing kurang baik untuk silica gel hanya dibungkus plastik dan plastiknya di hekter sehingga udara bisa keluar masuk mestinya di seal supaya kedap udar,1
ukuran sesuai. modelnya keren . potongannya rapi. nyaman dipakai. jahitannya rapi.,2
barang gampang rusakjarumnya lepas terlempar,1
lama bgt,0
notrecomedet respon lambat pengiriman lambat penjual tidak ramah janji mau beri bonus,1
bahan berkualitas. ukuran sesuai. modelnya keren. warnanya sesuai. potongannya rapi.,2
masyaaallah bagusss muraaahhhh jangan ragu order mukenah disini asli sd survey bbrp seller offline n online disini murah harganya barang sama dg yg diluaran yg harga mahaljangan ragu beli ditoko ini ya ?,3
kurang tau karena apa yg jelas sampai dirumah saya cek gorilla pod nya ternyata sudah ada yg pecah menjadikan kakinya gampang copot.,4
barang jelek baru juga mau di pake udah gosong segel udh kebuka,0
pesan warna putih dan abu. tapi yg datang warna salem dan abu. kecewa karena penjual tidak konfirmasi sebelum dikirim,0
barang bagus sesuai deskripsi,2
ribet pelayanan mengecewakan,4
kecewa sih sama barangnya ngk sesuai ekpektasi ngk bisa dilempar dong?,4
buku sedikit cacat di bagian kertas tapi overall mantap,2
proses pesanan cepat. packaging aman . packaging rapi. hasilnya matte. aplikator mudah dipakai. thank youbeli lg ah warna lain?,2
pesen double box tapi ga ada wujudnya,4
packing kurang rapi tidak aman dus penyok.player hancur.,4
hisapan lemah suara sangat bising,0
satu minggu pesanan gagal pickup terus penjual tidak ada reaksi sama sekali setelah komplain ke toped langsung dikirim pesan tgl mei sampai tgl juni ini tidak tau siapa yg salah penjual atau kurirnya merekalah yg tau isinya banyak yg kurang bahkan ada yg hampir setengah botol. mengecewakan sekali padahal sudah orderan yg kesekian kali kali ini ampun dah ganti seller yg lain?penjual tidak respon dengan jualannya!,0
paket cepat datang packing aman sekali dapet bonus hair masker wanginya enak banget. thank you loreal,2
niat mau main di televisi tapi sama sekali gak bs tampil di tv. mau return kondisi bgini susah kemana. jadi yasudahlah.,4
timernya kurang tepat,4
lampunya terang. pancaran cahaya lampu yg baik. seller cepat responnya pengiriman cepat dan aman?,3
barang sesuai harapan muat banyak barang sehingga membuat meja rias lebih rapi,2
sangat kecewa. baru bulan scroll sudah rusak.,4
koper penyok. dari awal sdh pengen nambah bubbledus soalnya pengiriman luar jabodetabek. smoga jd evaluasi seller.,1
barang mantap anak saya sukadah gitu pengiriman cepat banget hari ini pesan besok dah sampe,3
barang sudah diterima dan berfungsi dengan baik. terima kasih,2
bahannya sedikit kaku. tapi gpp tebal,2
kecewa karna pesen barangnya yg hitam tapi dikirim nya yg masker medis karet warna hijau. kok ngga bener gitu ya pelayanannya. ckckck,4
produk asli murah pengiriman cepat. abang kurir nya jg baik bgt jagain bener paketnya smp masukin tas biar ga basah kena hujan.diantr malem smbl minta maaf.duhh murah rejekinya ya,2
deskripsi warna kurang sesuai,1
bukunya kena rembesan minyak. bungkus bublewrapnya parah banget kena minyaknya sampai isolasinya pada copot. sebenernya lumayan kecewa sihh.cuma karna memang kena waktu di ekspedisi jd bukan kesalahan seller. next semoga bungkus bukunya bisa lebih secure lg ?,4
barang tidak sesuai dgn pesanan. pesanan imo z yg di kirim merk huangmi. ?,4
saat diterima tutup wajan ad yg bermasalah dan di wajannya ad goresan. bermasalahnya bukan krn proses pengiriman. tapi emang dari sononya cacat. kecewa dengan respon penjual yang bilang goresannya g masalah. padahal saya kan beli baru beli wajan anti gores malah terima yang bergores dan kualitas bermasalah. lgs ajukan komplain. sdh terima wajannya lagi yang tidak gores cuma tetep bbrp yg mengecewakan. kecewa. jadi lama dan saya harus repot ngurus pengembalian barangnya. kalau mw jual yang diskon jangan kasih yang kualitasnya g bagus. atau sampaikan aja produknya ad bbrp bermasalah makanya dikasih diskon. resiko beli online. semoga awet,4
pertama x custom dan hasil ny sesuai request,2
aroma nya tipis sekali.,4
awalnya dikirim kurang untung ada video unbox. proses komplain nya lama barangnya bagus tp pelayanan tokonya jelek,4
kualitas nya bagus ? warna nya sesuai dengan yg di etalase ? pengiriman cepat banget ? thank you?,2
barang aman cuman pengiriman lama,2
warnanya beda dgn gambar tidak menerawang. bahannya adem. nyaman dipakai.,2
susah d bikinnya ga ngerti ribet. packing juga kurang. bahkan ada yg lecek dan robek kertasnya. ya uda lah,0
terimakasih banyak untuk toko ini. saya kelupaan beli lilin ultah. jadi baru hari h acara. syukur puji tuhan lilin bisa sampai tepat waktu padahal dikirim keluar kota.,3
bersih dari debu sekali jalan bagus. dan pengiriman ok sih rapi dlm box,2
secara keseluruhan sudah bagus namun bagian dalam kadang suka copot copot,2
ban jadi hitam kembali! mantap. produk original . bahanya kuat! ban menjadi seperti baru kembali.,3
mantap bgt kualitas beneran sama kaya webcam sejutaan,3
makasiih. krudung nya bagus istri saya sangat suka?,2
barang sesuai deskripsi dan berfungsi dengan baik. cuma tidak puas dg pelayanan dari penjual. pesanan diproses h dan di pick up h itu pun sesudah dikomplen baru bergerak,1
emang harus hati belanja online ya kayanya pas beli ga ada tuh foto mukena kombinasi tiba dikirim beda sama foto awal. untung tes beli sebelum beli puluhan untuk dikasih keorang. cukup sekali aja beli disini. semoga bisa nemu toko yg amanah,1
kualitas kokoh. slot cartridgenya terbuat dari karet jadi gampang masukinnya dan ga bikin cartridgenya lecet ukurannya juga compact bgt gampang dibawa kemanamana dan ga menuhmenuhin tempat. motifnya juga bukan cuma gambar atau stiker tapi bener timbul dari bahan karet,2
packing tidak sesuai deskripsi .kardussss bekassssss,0
dapet yang error. nilai ppm kebaca dalam ribuan. kualitasnya jeles banget gak dicek dulu sebelum dikirim. kecewa dan gak akan beli lagi disini.,4
gameny aman buat online offline. anak saya suka banget mainnya. trims seller,3
brang bagus. kbel bisa cuma kalo di pake panas di pegangan lampunnya,2
saya membeli item dan yg saya terima hanya . sudah komplain tdk bisa karena memang saya video ulang dikarenakan video pertama tidak ke rekam.,1
makasih seller.ramah recomended seller. . tx u shakernya ya. bisa buat langganan nih.,2
celana ukuran tidak akurat,4
respon cepat barang sesuai pesanan.moga awet,2
beli tanggal agustus tp tanggal september sdh error di bagian driving wheels. akhirna ditanggal itu jg sya kirim t nya ke service centre di tangerang. hari kemudian t kembali di tgn sya tp kemudian error lg di tanggal september. kali ini error di bagian sensor dmn deebot selalu bilang ozmo pro is being installed. please move to the non carpet area pdhal ozmo pro tdk sedang di attach ke t nya. dikarnakan hal ini lampu pd deebot akhirna suka bergonta ganti jd biru putih biru putih. dan semalaman itu voice report terus menerus bunyi seperti itu. kalau dsuru bawa service lg maap saja sya bakalan tdk mao berhubung ongkosna yg sgt mahal. jd untuk sementara ya sya hanya bs matikan voice reportna dl aja biar ga terganggu. overall agak mengecewakan t ini. dibandingkan t aivi dan t jauh tdk tahan banting. baru pake sebulan tp sdh byk sekali errornya. bener nyesel jg belinya maaap cuma bs kasi bintang segene krn ktdkpuasan saya. kl memang mao consider beli robot beli baik beli t series aja. lebi tahan banting soale,0
pengiriman lamaaaaaaaaaaaaa ditanya dulu baru sadar,0
peasanan cpt smp kemasanya rapi brangnya bagus.,2
uucchh gemezzz syukaaa,3
dipaksa beli. setelah checkout hati saja sama toko ini.,1
anak saya suka . aman untuk si kecil.,3
mengecewakan barangnya yang datang,4
ada halaman yang hilang. masa dari halaman langsung lompat ke halaman . mohon di cek kembali setiap halamannya dong kalo sudah dicetak.,4
pengiriman cepat packing rapi dan aman. barang nya sesuai gambar. maaf gak sempat di foto,2
estimasi proses pesanan hari? bung ini online platform. kalo ga siap cepet menuhin customer secara online jualan offline aja. customer beli online buat dipake segera dan kalau ada delayproses apalah itu ditulis di deskripsi produk. ini customer nanya dulu baru diinfo. proses pemesanan hari itu juga ga ada efeknya ke kemasan. cuma dibungkus bubble wrap tipissss. ga kebayang kalo customer ada yg apes barangnya dilempar jadi ancur isinya. dan jangan pernah janjiin ke customer barang akan dipickupantar saat weekend. karena kalian aja libur sabtuminggu.,1
barang tdk sesuai harus dtng pc.sampai tempat cuma liter sangat kecewa,4
barang sesuai deskripsi recommended high quality product. seller packaging ok,3
kurang melayani,0
barang tidak sesuai dengan jumlah pesanan,1
no good ! tidak puassss,0
alhamdulillah bisa dpt traktiran dari tokopedia semoga kemudian hari walaupun ngasih gratisan harus sesuai ukuran juga tapi gak papa makasih buat seller yg udah rela ngasih gratis.bisa kepakek utk di rumah aja warnanya cantik . tidak menerawang.,2
penggunaan dan fungsi tdk bagus,4
barang palsu asli kw,0
ternyata ukurannya kecil di bawah harapan,4
lamaaaaaa bngt kirimnya,0
kecewa aja sih sama kebijakan tokonya huhu,4
udah x order di sini dengan produk yang sama. recommended seller.,2
pengiriman sangat buruk respon penjual jg buruk. ah kapok pesen d sini.cm mau ambil untung doang ndak mau tau penjualnya.seminggu baru terima barang,0
produk belum diterima tetapi status sudah diterima. pengiriman barangnya gak jelas.,1
barang mantap sesuai deskripsi laptop jadi adem n sejuk,2
barang sdh dtg packing rapih tapi led nya tdk nyala. brg dtg ketika sy lg travelling pas di coba led tdk nyala dan di hubungi tokonya tdk mau bertanggung jawab krn status order telah selesai. selayaknya brg di test dahulu sebelum dikirim ke pembeli utk memastikan semua berfungsi!,0
seller super ramah nanya apapun dibalas kooperatif sukses terus gaaaan mantap ?,3
wangi amis tdk seperti merk lain,0
produknya sekali pakai doang setelah itu rusak. kecewa bangettt,4
penguncinya kurang baris cuma muat baris saja baris setelah gak ada penguncinya jadi gak kepake yng barissisanya kardus padahal utuh kayaknya kurang lengkap pas nyiapkan kadung klik tetima mohon lain kali di cek teliti sebelum kirim,1
pengiriman cepat barang sesuai deskripsi. terimakasih.,2
beli beda warna tp sama sis nya dikirim warna yg sama. udah terlanjur dipack sama sis nya diganti ovo lho ke saya. padahal sy terima barang. tanggung jawab sekalii. celana sesuai deskripsi.,2
bagus. motifa lucuu lucyuu. seller jg baik. pengiriman jg kilat. mksh banyak yah sis. sukses trs,3
barang ga sesuai. kecewa,4
brg sampai packing oke cocok bt kado ada bonus dompet koin?,2
sering disconnect kadang tidak berfungsi autocatch,1
lumayan bagus bahan a cpt jga proses pengiriman a,2
wow keren bgt,3
udah sampenya lama bgd semingguan trs pas barangnya di coba malah patah. sialan kan!,0
mantap ? akhirnya bisa ngerasain juga main games dengan biaya murah. terima kasih bosque semoga tokonya lancar jaya,2
barang bagus. pengirim cepat. smoga bermanfaat,2
pengiriman lama sekali,0
overall memuaskan layar bagus walau menurut saya ipsnya ga sebagus ips tv warna sudah bagus ga oversaturated brightness sangat terang buat di pakai dalam gelap tetap silau biar brightness udah . layar bisa di putar cm di kaki saja gampang kedorong refresh rate terbukti cepat buat fps sudah mantab. kalau asa softwarenya mungkin lebih bagus lagi jd setting ga perlu lewat tombol di belakang. dpt kabel display port desain keren hampir bezelless nice.,3
mantap nyaman dipake bahan premium semoga awet dan selalu diskon harganya,2
pesan dari tanggal . ini udah tanggal barang belum nongol! gila parah banget. toko laen saya pesan obat tgl hari ini tgl dah nyampe. ckckckck lama bangeeeettt dan super slow respon duuhhhh. kucing jalanan yg udah pesakitan modelannya bisa drop gara manusia modelan lemot gini kerjanya,0
hanya bisa di putar sebelah dan baut gampang kalah sama obeng,1
barang sesuai deskripsi pengiriman cepat?,3
barang hilangtidak sampai tujuan. resi nyangkut di agen kurir. sempat kontak cs dan cs mau tanyakan ke rekannya dulu tapi sampai sekarang tidak ada kejelasan. sayang sekali. untung ini barang murah jadi sy jg tidak rugi amat.,1
ternyata kainnya kasar bgt.dan.tidak.menyerap.keringat.,4
penjual gak sopan santun diblngin malah ngengasss aneh!,0
bolong bolong ada minyaknya gitu jelek,0
harga bersaing barang sesuai pesanan. saya nambah extra packing kardus dan bubble wrap supaya barang aman dan benar sampai dengan selamat alhamdulillaah. saya sengaja beli dengan tujuan untuk mungut sampah puntung rokok dan saya tanyakan ke seller apakah bisa kemudian seller menjawab bisa. setelah sampai saya tes dan berhasil bisa untuk mungut sampah puntung rokok. memakainya mudah hanya saja lumayan juga ya ternyata beratnya kalo sudah lama megangnya pegel juga hehe. anyways terima kasih ya seller,3
barang kagak sampe.beneran kagak sampe. gak jelas toko nya apa aplikasinya ini kecewa,4
wanginya bikin enek dan pusing,4
ga ngerti konsepnya gimana pas dibuka pensilnya langsung patah gini hadeh,0
lcd nya kurang bagus.lumayan buat hiburan tapi layarnya kecil.kabel casan berfungsi tapi ga dikasih colokannya.semoga amanah terus gan.,2
produk berfungsi dengan baik harga sesuai dan kualitas baik. packing rapi banget dan proses pengiriman juga cepat seller sangat responsif dan ramah pesanan juga sesuai tidak kurang sedikitpun semoga awet terimakasih banyak,3
barang tidak sesuai di iklan padahal saya memberi pesan saya melalui catatan pada penjual saya pesan yang nomor ikan cupang sekian ada dlm catatan,4
tidak ada tissue pembersih atau alat bantuan lainnya untuk memasang. sangat kecewa,4
tiba selesai padahal gak ada barang yang datang sama sekali penipu ya?,0
pesenan sesuai packing paket aman seller baik pengiriman cepat recommended tksh seller,3
pembelian kedua semoga sehat lagi kucingnya,3
harga oke kualitas barang oke kecepatan pengiriman oke,2
bahasa indonesia. diterima dengan baik. barang bagus dan ori. pengiriman cepat. mantapp jiwaaa ?,3
tingginya pas bisa nahan beban hp packaging aman ? gampang dipasang kualitas bahan bagus. proses pesanan cepat,2
bagus dan murah harganya. oke buat sekali pakai worthed,2
ternyata tidak full leather. cukup kecewa karena tidak full leather. seller tidak kasih info berapa bagian pakai kanvas berapa pakai kulit.,4
bulatan besi yg disekrup tidak ada dan salah satu ujungnya tidak bisa diputar.,1
mantap fast response penjual ramah dan solutif next pasti order disini lagi thanks gan!,3
barang sdh diterima sesuai deskripsi dan pengiriman cepat thx,2
kecewa dan sangat kecewa. pertama belanja sdh salah belanja ke dua berharap ada perubahan tp ttp salah.,4
seller komunikatif pengerjaan cepat. udh repeat order,3
sepatu yg di kirim tidak sesuai sama yg saya order warnajenis dan ukuran berbedakomplain ribetpadahal order titipan,0
paket sudah diterima dan di test lancar tanpa macet pokoknya recommended buat yang byari printer connect cash drawer ya panda aja setting nya jg gampang,2
highly recommend seller sangat ramah dan komunikatif dalam memberikan konsultasi serta sabar dalam menjelaskan detail pertanyaan. proses ordering hingga terbit vouchernya sangat cepat. good job ?,3
sesuai pesanan yaalama bgt smpx tp kualitas bahan mantap . dijamin termurah. berfungsi dengan baik.,2
chat gk pernah di balas tidak recommend untuk beli,1
kualitas ala kadar nya. obeng buat buka murujung matanya kalah. meletot. padahalur nya ngga terlalu kenceng. bahannya kurang bagus,0
kualitas bahan bagus. kelengkapan sesuai. packing bagus. seller sangat fast respon. recomended.,3
barang sampai dengan selamat dompet nya keren bingkisan premium seperti dompet mahal,2
responnya sangat lambat padahal udah request untuk kirim pagi tapi justru sampai siang blm juga dikirim. lain kali tolong diperhatikan lagi.,1
produk sesuai deskripsi. cuma bagian lipatannya tidak mudah hilang walaupun sudah disetrika. jdnya agak kliatan bagian lipatan saat difoto,2
barang datang dalam kondisi rusak parah.lcd pecah.,0
barang sampai dengan kondisi hancur. packing luar tidak ada sobek,0
produk yang diterima lengkap. lampunya terang. pas di kepala. gak sempet foto barang bagus proses cepat. penjual respon nya melambay. terima kasih,3
barang tidak lengkap sudah coba kirim video unboxing tapi ga bisa masuk.sudah minta nomer wa dan email agar bisa kirim videonya tapi tidak direspon.dan sudah balas email ke tokopedia juga tapi tidak di balas. percuma barang nya juga tidak bisa di pakai karena tidak lengkappadahal di gambar tertera free,1
alhamdulillah paket sampai dgn cepat suaranya jernih juga ibu saya seneng bisa denger radio rodja lagi. seller ramah dan responsif. semoga awet produknya. semoga berkah untuk seller,2
kecewa sama toko official ini ga tau kenapa pesenan pertama ga dikonfirmasi sampe di batalin sistem karena ga direspon sama sekali. pesanan kedua karena disuruh pesan lagi sama tokonya dan cuma dikonfirmasi doang ga dikirim sampe udah tinggal menit sebelum dibatalin sistem lagi tapi untungnya gara chat cs tokopedia akhirnya barang bakalan dikirim didetik terakhir. ga cuma sampe situ aja payahnya barang baru diambil kurir tanggal dan pickup barang sama kurir lebih dari hari proses kirim pun lemot muter padahal udah lewat depan rumah baru tanggal jam malem paketnya sampe?,4
penjualnya ramah melayani pembeli dengan sabar dan memberikan berbagai saran yang pembeli tidak tahu . mantap lah ?,2
ditinjau dr kesesuaian dg deskripsi fungsional produk dan rekomendasi produk adalah tepat sesuai dan baik.,3
barang bagus gak mudah robek bahan plastik.,2
keren. barang kirimannya seger.,3
barang yang dikirimkan tidak dapat berfungsi dengan baik. karena lonjor pipa pendek sehingga tidak dapat dipasang. baut juga tidak lengkap,1
bagus bagusss semua. warnanya menarik bikin anak senang liat gambarnya.,3
gak rekomendasi untuk beli disini ada masalah tapi seller ga jawab pesan. tadinya ga mau pakai fitur komplain tokped karena gw kira seller bakal mau tanggung jawab tapi sampai pesanan otomatis selesai belum juga ada balasan. buat pelajaran aja buat yang lain beli barang kaya gacha kalau lagi ga beruntung bisa dapat barang jelek dan ga bisa dituker,1
bagus banget harganya murah tp kualitasnya ternyata bagus banget. designnya juga keren en berfungsi sesuai iklannya. recommended banget. pengiriman jg cepat dan aman. thx ya,3
barangnya original . ada garansi resmi. suaranya jernih. noise cancellation mantap. harganya terjangkau. nggak kresekkresek. penjualnya ramah banget. proses pesanan cepat.,2
ngerakit nya susah gampang alhamdulillah cakeb. produk sesuai. tq seller tq tokped,3
waktu datang plastiknya sudah sobek dan akhirnya bukunya kotor. tolong lain kali di cek lagi sebelum dikirim.,1
pas pesan lupa cantumkan warna lgs chat ke penjual nya request warna seblm di kirim. chat cuma di baca ga di respon kirim ikan nya warna putih polos. kecewa belanja disini udah mahal malah kirim yg jarang org mau.kecewa,4
kurang puas nya sih krn barang yg di beli tidak ada stok nya tp gpp lah diganti dgn barang yg setara. trims,4
pelayanan sangat memuaskan,2
tidak dapat hadiah dan tidak di info kalau hadiahnya tidak ada. mengecewakan! tidak sesuai dgn poto!,4
alhamdulillah brng sdah sya trima. recomended,2
stok vitamin wajib di luar permaduan ? ikhtiar menjaga kesehatan. sempat ketar ketir karna packing hnya bubble wrap tnp dus air pouch tp pas unboxing alhamdulillah aman semua ed jauh. smp dlm keadaan selamat. thanks bgt seller ?,3
produk sesuai deskripsi. packing rapi dan aman. thanks ubs ?,2
sngt mengecewakn berhrap dpt hadiahnya ternyata tdk ada sblm belanja sy chat ke pusat ternyata dikirimnya dri kantor cabang. sy tahu nya bhw sy belanja nya di off.store bukan dri cabang pengirimn dri kntr cabang tdk ada promo hadiah. jdi yg mau beli produk susu jk di etalase ada hadiahnya tanykn sejelasnya dikirim nya drmnkt sebgai konsumen harus jg kritis biarlah hnya sy yg kecewa.jgn ikut yg lainnya yg sdh langgann minum susu ini.tetap sehat.,4
fastresp banget ramah juga pengirimannya gercep banget lv. ada y dikaskh lebih jga dong balonnya. belum di pompa sih smg gaada yg bocor?,3
tidak berfungsi dengan baik,1
mantul banget response dan pelayanan seller ini lho! ?dalam kurun waktu hari paketnya tiba di rumah sepertinya tahu aja kalo emang ditungguin?,3
pengaturan air seperti di gambar rainfall jetting massage ga ada cuma ada rainfall aja semprotan airnya kurang kuat juga,1
barangnya sama sekali gak sampai. pesan juga balon hati juga beda. gak sesuai.,4
kacamata kotor seperti bekas atau stok lama banyak kotoran ramatnya,0
respon seller ok.barang sesuai deskripsi dan mudah pemasangan sejauh ini puas. saran membangun untuk stik ps bawaan bisa ditingkatkan atau ada pilihan upgrade stik.overall worth untuk harga segini. pengiriman tiba sesuai jadwal meski di akhir. ?,2
produk original harga murah packing bagus dan pengiriman cepat.,2
packing hanya buble wrap lain kali tambahkan kardus. komunikasikan pengiriman dengan jelas biar tidak repot masa dikirim terpisah case nya mana ngga instan dan ngga bisa dicancel.,0
respon cepat pengiriman cepat produk bagus. thanks!,2
seller positive. mini wireless keyboard berfungsi dengan baik. terima kasih,2
kalo malas macking daftar tokocabang aja bro. biar konsumen puas anda pun gak perlu bayar pegawai untuk handle pengemasan barang. packing kok jelek bgt.,0
barang sesuai pesanan dan dikirim cepat,2
oke sippppppppp mantapppppppppp,3
gimbal yang sangat cocok utk iphone dan hp flagship yang sudah memiliki stabilisasi bagus. sehingga gimbal ini hanya penambah support supaya lbh stabil. samsung note berfungsi dengan baik. dengan catatan tdk boleh menggunakan casing. jika mau menggunakan casing maka bantalan pad nya harus dilepas bs dilihat pada foto. fungsi zoom berfungsi dengan baik fungsi mode video ke kamera juga berfungsi dengan baik ganti kamera depan dg belakang juga berfungsi dengan baik. cuma jika menggunakan hp murah seperti xiaomi note gambarnya lebih goyang ketimbang pake hp flagship. stabilisasi ketika tongkat tongsis dipanjangkan tidak direkomendasikan kalau digunakan sambil berjalan hasilnya tidak terlalu stabil. bahkan jika tongsisnya dimajukan cm saja hasilnya sudah ga bgt stabil.,2
krn obatnyatdk mempan basmi kutu nya sdh x pakai malahmakin banyak,4
gepuknya kok pahit ?,4
kualitas bagus. packing safety bingitz. cm syg pengiriman lama klo boleh saran pake si cepat lbh bagus.,2
barangnya original . ada garansi resmi. kemasan disegel. spesifikasi sesuai . barangnya mulus. kelengkapan sesuai. warna sesuai pesanan. berfungsi dengan baik. penjualnya ramah banget. proses pesanan cepat. packaging aman . packaging rapi.,2
sablonnya jelek bgttttt,0
barang sesuai deskripsi. pengiriman cepat. recommended seller.,2
kecewa tdk spt yg diharapkan basah semua keluar airnya meskipun udah diputer mulai dr yg plg kecil maupun yg besarrr,4
penjual memaksa untuk tidak mau membatalkan pesanan maen kirim aja padahal saya sudah ajukan pembatalan. silahkan nikmati uang haram,0
pelayanan seller dan deliver nya sangat cepat dan memuaskan.terima kasih atkasemkaanteraja dan tokopedia.,2
mantep pake segel. asli.,2
harga terjangkau. recomended. warna sesuai. pengiriman cepat bener blackout tambah sukses tokonya saya sudah pesan satu lagi buat disebelahnya ?,3
barang nya tipis.tapi y udhlah brg udh d terima,4
nyaman dipakai . enak sih dipakai kantong belakang ngebantu banget buat nyimpen hape.,2
belanja dari official store kondisi barang diterima seperti sampah dan barang rongsokan. terima kasih.,0
orng nnya responnya jutek bgt biasa aja kali saya cm bertanya ga ngajak debat sombong bgt penjual kyak bgini.,0
ada sedikit cacat selainnya oke,2
warnanya cantik . ukuran sesuai. bahannya lembut. maaf foto nya pocketnya aja. sajadahnya sedang dicuci.,2
kecewa bawa tidak sesuai pesanan pesan yg datang cuma botol,4
barang dateng pake kurir toko di unboxing trnyt ad lecetbaret ampe besi ny keliatan sesuai dengan foto yg saya ambil. dlm chat dgn owner tidak ad pertanggung jwban chat sy cm di read dr smnjk kmrn mlm april jam an mlm smpe skg tgl april jam .an,0
selalu suka dengan sabun ini enak dan segar apagi dipakai setelah olahraga,3
sesuai dengan harga. kualitas sangat buruk. pas saya colok ke komputer saya terus colokin headphone jack ke port headphone jack di usb nya saya punya headset nyala yang kanan doang headset saya pas dicolokin di hedphone jack biasa dua dua nya nyala. kualitas mic juga sangat buruk. bener bener jangan beli. beli vention sound card aja kualitas lebih bagus tapi lebih mahal sedikit. apalagi tidak sesuai dengan foto keliatan lebih murah. aduh saya ilang ribuan untuk ini. ?,1
parahhhhh kecewa bgt bilang bahan yg tebel tpi datang tipis murahan mana pesanan di kali nilainya hasilnya jelek bgtttt jgn mau pesen di toko ini parah bgtttttttttttttttttttttttttttttttttt,4
pesanan diproses sangat cepat. tapi sayang filternya gak bisa saring kotoran kecil. padahal semburan air nya mantep. tapi tujuan aku beli ini buat saring kotoran,4
packing bagus puass,2
orderan sdh dterima dgn baik fungsi sangat baik respon dan pengiriman sangat cepat terima kasih,2
barangnya ancur cuman d bungkus plastik dengan harga segitu kualitas toko official store tp barang d terima ancur mah kapok,0
bagus bgt seller baikbgt minta tolong kirim hari ini karena buru buat kado lgsg dikirim dan hasil cetak fotonya jg bagusbgt?,2
padahal udh atc bubble tapi gaada paraaaaah tolong perbaikin biar pembeli puas,0
brg berfungsi dg baikwalau terkendala diawal cara pengoprasian.tp stlah jam mncba akhirnya bisa.smoga awet.,2
kualitas dan bahanya sangat bagus?,3
barang cacat sablonnya tidak rapih sudah luntur ketika diterima,4
alamak.buset.packingnya kurang rapi.di bungkus plastik putih transparan aja.harusnya di bungkus plastik hitam aja biar rapih.,0
bli cuma yang nyala jadi kecewa,4
maaf cuma bs kasih bintang. saya dpt barang yg penyok dan pelor hilang . respon dan pengiriman jg lambat,4
jelek barang sampai disini udah rusak gk bisa jalan,0
produk sesuai berguna utk bersihin sampah di jalan depan rumah pengiriman cepat respon seller cepat packing dusbubble wrap tebal. thx,2
dapet bolong. pelayanan gak ramah. udh tau salah gak ada kata maaf. pesen yg smpe hari ini. di kirim malah bsk dgn alesan ngbodohin customer. pdhl beli dsni udh berkali tp kali pembelian terakhir selalu ngaret. klo salah ya minta maaf bukan malah boong. paket jg di kirim berantakan asal masukin. jangan sombong mentang udh bnyk yg beli. inget tanpa customer anda bukan siapa.,0
pelayanan buruk tidak ada respon warna baju tdk sesuai di wa dan chat via toped gg ada respon beda jauh sama yg saya punya yg beli d toko ini,4
tidak layak packing nya. bubblenya banyak yang kempes sepertinya bekas pakai.,0
packing rapih aman makasih,2
kemasan ok aman bgt. isi sangat banyak. produknya nyaman dipakai,2
pelayanan cpt packing rapi pokokny toko ini the best deh?,3
payahhh. packing asal cm plastik dustnya manaaa?,0
first time beli gak pake ragu. pokoknya worth it banget,3
payah.gk di ikut sertakan pdhl sudah byr. maaf saya kirim hanya bintang,0
barang berfungsi dengan baik. packaging aman . packaging aman . barangnya original .,2
alhamdulillah sampai,2
barang sudah di trima dgn baik dan rapi suara nya oke. thanks,2
hati yang belanja disini suka kirim.barang sembarangan baru lama lagi buat returnya toko tidak niat kek gitu mau nipu tanpa video unboxing pasti ngk bs retur jadi ingat selalu video di toko ini penipuan tokonya,1
pesen kok yg dateng cuma ?tolong di cek ulang donk.,1
rasanya ngadi sumpah kayak pake saos sambel ? kyk gapake gochujang gochugaru. yang biasa makan kimchi asli korea pasti gaakan suka. pengiriman super lelet pesen hr rabu br dtg hari minggu gils.,0
terima kasih barang sampai dan sesuai deskripsi,2
warna yang datang beda sama asli diganti seh tp pas dateng bahannya tipissss banget nyesel deh,4
baru beli seminggu yg lalu cuma pake bentar pas mau pake lagi uda ga bunyi.,4
kimchi my love paling enak beli di kimchi id ini the best pokoknya,2
enak banget pulen bener teksturnya seperti nasi gampang juga buatnya.,3
produk gak dikirim,0
mantap sesuai pesanan trimakasih,2
gampang dibawabawa. muat banyak buku. enak buat baca. packaging aman . packaging rapi.,2
setelah hari pakai gamepad bagian kanannya mati ketika direnggangkan kecewa seller berbelitbelit.,4
pesen bak mandi dikirim strap ngaco ditanyain bolak balik malah kaga ada solusi akhirnya saya beli strapnha lagi baru dikirim bak lain kali kalo salah ya akuin salah.,0
kurang bagus. colok hardisk external tdk terdeteksi.,4
tipis bgt jelek,4
rangka besi sangat tipis dan lemah. tertulis bahwa berat maksimum yang dapat ditopang adalah kg. tapi belum sampai kg saja sudah ambruk karena keberatan.,0
warna tidak sesuai dengan digambar,1
bahan sepatu jelek. bahan kalep. cpt rusak,0
gak rapih bgt dalemnya kayak gak di qc atau ntah karena diskon jadi barang yang agak rusak. cukup kecewa sih,4
sudah dibuka dicoba pasang kuat nempelnya kunciannya jg stabil bongkar pasang hp nya gampang. penjual jg responsif,2
penjual tidak amanah minta masker warna abu dan hitamdi kirim abu semua,0
terima kasih kak puas beli voucher tiket disini recommended seller ?,3
sesuai pesanan kualitas barang sesuai dengan harga terima kasih,2
seller tidak jujurpengiriman super lama pdhl pesen gojek instant. di hari pemesanan di info kalau ada suara marhaba hello krn ketekan pdhl seumur beli apple ga pernah ada kasus bs ketekan kalau belum dibuka. sdh blg juga kalau saya ga mau barang yg ini karena menurut saya aneh katanya blm dibuka tp mana bs ada suara tiba muncul? dr factorynya masa? eh hari itu gak kunjung dikirim tp bilangnya udh dikirim nyatanya ditunggu smp batterynya habis baru dikirim keesokan harinya? dipikir saya ga pernah beli barang apple kayanyaa barang baru apple itu selalu dikasih batt minimal bgt dr full. ini ga bs nyala sama sekali. hehe mau boongin saya yahh. udh cukup beli sekali aja disini.,1
rapi dan pas banget,2
alhamdulillah mendarat dgn mulus smuanya berfungsi dgn baik dan bs d mainkan d tv jg tp stik controllernya emang keras sih jd cpt pegel.,2
jamnya biasa aja saya tidak tahu kenapa bisa harga awalnya sejutaan. mungkin teknik marketingnya seperti itu.,0
produk tidak berfungsi baik toko gak amanah malah pembeli disuruh balikkin produk lagi buang ongkir aza x ! toko gak baik! jangan beli disini!,1
yg beli wiskas junior bau bangke. kucing gk pd doyan,0
saya tidak terima barangnya sama sekali. padahal gojek instan. entah salah gojek apa toko. yang jelas saya udah komplain tapi by sistem diubah akhirnya dana diteruskan ke penjual. aneh! setelah dibantu tokopedia care akhirnya ketahuan salah kirim ke rumah orang lain. dan masih dalam proses pengecekan.,0
warnanya lucu . lembut di kulit. proses pesanan cepat.,2
bukunya cepet rontok lem nya ga kuat,1
mantap sesuai cepat sampai kualitas cakep juga,2
cara bungkus nya hanya pakai plastik tipis saja. dan dililit pakai lakban bening di buka pake tangan tidak bisa pas pake gunting sajadah ikut ke gunting karena bungkus nya tipis.,4
ukuran gak sesuai jumbonya kecil,4
barang kondisi diterima baik dan aman. saran aja mohon lebih cepat proses kirim nya dan klo di chat jgn respon nya lama sekali. tks,2
paket datang kardus penyok robek. malu klo buat kado. udah banyak yg gini kenapa tidak ada perbaikan dr mooimom?,1
kualitasnya parah keteken langsung pecah,4
fast respond packingnya bagus rapih barang yg dikirim sesuai pesanan terima kasih,2
barang tidak di dobel bungkus dengan plastik atau bubble wrap sehingga hancur saat diterima. beruntung isinya masih lengkap. namun besi nya penyok,1
puas ama pelayanannya ngeladenin pertanyaan ama request an di penuhi smua ama pihak hotelnya best view pula ngadep ke zen deck nya,2
mana gak ada bubble wrapnya,0
awal nya ragu maza sih dgn harga segitu produk yg di tawarkan bs mantapapalagi sy org ny sangat selektif dlm memilih produk utk di beli begitu paket mendarat sy lgsg unboxing ternyta di luar ekpetasi sy produk benarbenar sangat berkualitas? gel nya sangat lembut sangat nyaman saat duduk duduk lama ga sakit lebar ny juga mantap? no endorse ya ini benar murni sy sebagai pembeli jangan ragu untuk membeli di lapak penjual ini sangay rekomen banget?,3
produk sesuai. harga terjangkau. kualitas sangat bagus. adminnya ramah dan responsif banget sempat ada kendala di pengiriman tapi tetap mau repot usahain pengiriman lain biar barangnya tetap sampai di rumah pembeli? packingnya juga aman bangett. makasih banyakk!,3
saya puas dengan kacamatanya. lagi pikir kalau pakai kaca asli ok tidak. harganya memang sedikit lebih mahal dibanding yg lain tapi so far kualitas bagus. ringan pula. enak dipakai.,2
menurut saya barangnha kurang bagus. sorry banget ya biasa belanja disini barangnya bagus bngt tp untuk ini kurang. celana ini sering banget aku pake karena enak dan nyaman dan seminggu aku cuci x tapi bahannya jadi jelek. gampang robek dan jadi kayak digambar ini,1
bagus kokoh sellernya ramah beut eyyy puas deh bakal repurchase lagi,3
pesanan tidak lengkap lebih dari pcs tidak dikirim,4
tidak berfungsi baik,1
agak kecewa sihjilbabnya ukuran kecil bangetgak bisa dipakai untuk dewasa.,4
pengiriman cepat . admin ramah langganan dah kedepannya,2
barang oke packaging juga aman. mantap lah,2
yg satu kuasnya diangkat sudah dalam keadaan patah lepas. brushnya nyemplung di dalam. mohon dicek kembali sblm dikirim,1
semuanya manatttaapp gan semoga sukses agan,3
sepatu nya sudah sampai.cuma tdk sesuai pesanan sy.seharus nya . dan tapi dikasihnya dan .jdi ada yg ga muat dipakai nya.seharusny ada pemberitahuan dlu.lain kali lebih teliti lagi gan.klo untuk kwalitas nya bagus.hanya disayangkan masalah nomer nya aja.,4
hadeh ini lagi lemnya aja gak rata tuh di double tapenya?,0
yg sebelah kanan ga bisa pas di telinga udh dicoba orghasilx sama ga bisa pas jadi dengarx ga maksimal,1
kecewa belanja di tempat kamu lain di pesan lain dikirim ?,4
barang datang di kasih yang rusak sungguh mengecewakan! mainan nya tidak bisa nyangap. kapok beli di sini lagi!,4
mantaab pl. ? udh langganan.keluarga sangat syukaaaa.trims ?,3
geriginya bendonya kecil banget gak kayak di gambar.,1
produk original . nyaman dipakai . dijamin termurah.,2
bahannya nyaman . nyaman di punggung. nyaman di punggung. desain ergonomis. desain ergonomis. beban tersebar merata. beban tersebar merata. gampang dipakai. gampang dipakai. bahannya fleksibel. penjualnya ramah banget. proses pesanan cepat. proses pesanan cepat. packaging aman . packaging rapi. packaging rapi. respon penjualnya top.,2
yg bener dong gan klo ngasih barang. expirenya kapan masak sebulan gak kuat sampai ada yg bulukan gitu,0
pengemasan barang baik kondisi barang jg utuh tanpa cacat berfungsi normal dan lancar respon dan servis dari seler juga baik,2
respon lambat pengiriman lambat toop kapok bgt,1
barang cakep bahan adem kantong juga lega plus ada resleting pengiriman cepat terbaik,2
baru satu hari pemakaian kabel chargernya udah gabisa dipake,4
tidak sesuai. udh belanjaa rb an nggak ada free gift yg diberikan. tidak sesuai halaman utama,1
sangat mengecewakan pesen kotak yg dateng celana stret buat renang engga bisa di pakai engga lgi bli di toko ini,4
warnanya tidak sesuai,1
kemahalan dilihat dr barangnya kecil dan tidak kokoh,1
tidak ada outer box fastener. padahal sudah di note untuk dipastikan ke komponen lengkap. barang sudah banyak goresan segel kertas sobek. padahal rencana mau pesen banyak buat souvenir.,4
asli samsung pelayanan sangat baik,3
produk sesuai pesanan,2
kecewa produk banyak yg kurang,4
game lancar kondisi box dan game cartridges mulus pengiriman super cepat seller yg super responsive thanks gan recommended bgt beli game disini,3
akhirnya kesampaian juga punya mp player. terima kasih sudah menyediakan produk ini sangat mudah di gunakan,2
buset di kasih merk ares. di pake di pod kuy hari langsung bau gosong. perdana kecewa belanja di toko ini.,4
barangnya kurang satu,4
jahitan rapi ukuran dan warna sesuai dgn foto recomended.,3
barang sesuai pesanan.udh di coba oke.packing rapih.mksh.,2
barangnya bagus dan original. packaging juga bagus full dng bubble wrap berlapis dan dilapis dng packing kardus. barang msh tersegel.,2
penjual tidak membaca catatan yang diberikan pembeli,4
kurang memuaskan pesan matrass dengan motif yg sama tapi yang datang satunya tidak sesuai dengan deskripsi dan foto. tidak ada motipnya. dan seller tidak memberi solusi sampai saat ini.,0
pengiriman laptop dr toko tidak dicek dahulu. laptop yg dikasih ke pembeli layar pecah kerdus rusak. padahal packingan tidak ada yg rusak. menghabiskan waktu saja buat klaim ke tokpedia berminggu minggu baru berhasil klaim ke pihak asuransi. ternyata toko yg sudah verified tidak menjamin pelayanan toko ini buruk respon cepat saat awal beli aja. saat dikomplen sangat lama mengulur waktu tidak mau tanggung jawab. padahal jelas komplainan langsung dihari berikutny setelah paket dibuka yg seharusny bisa langsung tuker unit langsung dr toko. trus apa gunany ditulis di deskripsi garansi toko hari . cukup terakhir beli disini thanks,1
saya minat membeli disini karena ada konfirm game ultraman evolution dengan jawaban ada donk. setelah barang sampai ternyata tidak ada. sungguh mengecewakan. terima kasih. hati hati kalo konfirmasi kelengkapan barang. tidak semua pembeli fokus ke ps nya. perhatikan permintaan game nya.,4
produk original . nyaman dipakai . pembelian ke dan masih sangat puas sukses selalu yaa,3
respon cepatproduk sampai dengan cepat,2
bagus mudah mudahan awet,2
seller tidak ramah sedikitpun. saya mau batal dulu baru nambah pesanan biar hemat ongkir seller tidak mau menerima pengajuan pembatalan saya. katanya harus check out ulang lg dgn dana lbh besar. di deskripsi produk jg ga ada aturan ini. ya ga mau lah nanti dikirim duanya sama seller rese macam gini rugi dobel nanti. tokped juga tidak bisa membantu sedikitpun cuman suruh diskusiin aja terus sama penjual keras kepala macam ini. very not recommended. kapok!,4
official tapi lama banget.,0
bagus admin garcep warna kosong langsung konfirmasibahannya adem. jahitan rapi. warnanya cantik .,2
udah di tes baterai compatibel ane pake dslr d,2
bahan dan model bagus hanya saja size terlalu kecil udah up size masih ngepas .modelnya kekinian.,2
mac hancur padahal sudah add bubbel. krn kardus cuman nempel doank di mac jd ketindih pecah,0
pesennya tosca yg datang ungu hehehe tp soal produk tdk diragukan lg memuaskan kualitas product bagus.,2
terimakasihbarangnya da nyampe,2
beli pack kg. yg dikirim cuma pack kg. kecewa.,4
produk bagus. harga ramah dompet.panjang tongkat cm ada sisi satu untuk menggosok kotoran di kaca satu sisi lagi untuk menyapu semua kotoran,2
kecewa respon tokonya lama.pengiriman sameday order sebelum jam malah di kirim besoknya di chat dari pagi dijawab malam. kapok,4
harganya bersaing. kelengkapan sesuai. plus bonus cantik. diproses kurang dr jam lightning fast. sudah dites dan berfungsi normal. thank you seller,2
bahannya adem. warnanya cantik . ukuran sesuai. terimakasih,3
ga sesuai dengan yg di posting,4
sukaaaa banget banget banget bangeeeeettt ?,3
gak sesuai ekspektasi. klo buat simpan barang yg agak berat kurang recomended. dan prosesnya lama klo prosesnya gak sampe hari mungkin sampe lebih cepat kali ya.,1
gasuka warnanya,4
terlalu tipis sekali untuk harga segitu. seperti sehelai kain jilbab segi empat tdk sesuai ekspektasi,4
botol pecah pakingnya zonk bgt,0
sudah ga layak kenapa ga dibuang aja!,0
barang dikirim tidak lengkap. nggak ada phone holdernya. jadi hp gak bisa dipasang. sudah chat tapi respon lambat. seolah sengaja dimepetin dengan durasi waktu selesai otomatis,1
kecewa bangetbarang rusak di juallain kali kalo jual barang yang jujur jgn barang rusak yang di jual ya!,0
di aplikasikan bukannya ban tambah hitam malah tambah kotor,1
bahannya jelek .pokoknya kecewaaaa aja,0
barang rapih diproses cepat.,2
pengiriman lambat dan toko gak ramah dalam komunikasi,1
nyaman banget dipakai tetap bisa gerak maksimal kualitas bahan bagus,2
barang dikirim salah pesan webcam logitech di logitech official kok bs dikirimmya headphone jbl! dan penukaran barang butuh hari kerja! sungguh lama,0
barang sesuai untuk ukuran mesin cuci tabung pas banget. terima kasih tokopedia buat seller semoga sukses terus tokonya.,2
paten mantab rapi high quality. fast respon rekomen bingit.,3
kualitas produk bagus.,2
ini pembelian ke tidak mengecewakan. belum di unboxing.makasih banget bang next order lagi.,3
waw murah bangetttt packingnya rapih produknya bagus keren mantap. sangat uhuuy pisan deh pokoknya hehehehehe,3
barang mantapppp original robot. harga juga lumayannnn okeee,2
barang sesuai thank you,2
jelek panjang dan lebar gak rata akhirnya bukan terlihat bagus malah terlihat jelek akhirnya saya copot,1
aduh parah deh kualitasnya . respons konfirmasi order sampe hari paa barang datang baru jg dipakai jam masa bolong pas bagian miss v nya .ckckckc kecewa banget! trus bahannya jg nerawang alias tipis dan pengait bagian perutnya jg gmpang lepas .hadeuh kapok beli produk mamas choice deh,0
kecewa karena penjual tidak melakukan req yang saya minta. beli gendongan ini untuk kado karena bisa req untuk ucapannya makanya saya beli disini. saya sudah minta untuk difotokan kartunya sebelum dikirim ke teman saya janjinya mau difotokan ternyata tidak. sehingga teman saya yang menerima barangnya sampai bingung ini pengirimnya siapa. setelah hari barang tiba saya wa ke teman saya dan dia menceritakan bahwa tidak ada tulisan apapaun didalam paketnya. jadi dia bingung ini dari siapa. tolong ya kedepannya setiap permintaan itu kalau sudah janji bisa dilakukan ditepati. kalau memang dari awal tidak bisa melakukan saya tidak akan beli disini.,4
barang tidak dibungkus bubble . sampai rumah pecah dech? nanya sama penjual ktnya tidak bisa claim. walaupun ada video unboxing ? ga papa itung sedekah aja ke tokonya. tapi kwalitas tripotnya bagus dan kokoh.,1
tidak recomend seller dan hati kalau berbelanja di seller ini karena seller nya tidak bertanggung jawab,1
pengiriman pertama leak sampai isi habis dikirim barang pengganti masih leak parfum habis juga dua kali dapet botol kosong,1
jamnya susah sinyal mau pake kartu apapun tetap lemah sinyal. jelek bgttt udh d komplain gada penyelesaian yg memuaskan,0
barang datang sesuai pesanan dan gambar di etalase juga penjelasan penjual. puass.aman untuk bayi ?,2
produk sesuai. material produk bagus. cocok untuk di jadikan tmpt penyimpanan masker. jadi lbh rapi dan enak di lihat gampang untuk mengambil masker.,2
airnya segar dan tekanannya pas. foto sesuai barang. worth it banget ribu memang layak jadi no terlaris,3
cepat.harga oke.sesuai pesanan.,2
tq paket na sudah sampe smoga soho sering promo ya ?,2
tidak sesuai gambar dan kecil,1
best seller! terima kasih untuk pengiriman cepat! semuanya bekerja! senang memesan dari anda. terima kasih!,2
nyesel setengah mati beli ni produk beli gara liat ulasannya kok positif semua. sumpah ini krim baunya ga enak banget kalo boleh digambarkan baunya itu perpaduan antara muntahan bayi dan minyak nyong om iya separah itu. ini yg pada kasi ulasan idungnya pada mati rasa ato gmn ya ? . pengiriman sih cepat dan bagus but sorry the product is a nightmare very pricey. tau gini gw ttp beli wak doyok yg wanginya jauh lbh enak dan jauh lbh murah. this cream is really not recommended!,4
barang oke sesuai pesanan,2
sangat amazing cool a f barang cepat sampee luar biasa,2
gk ada kotak sepatunya. beli sepatu harus nya ada kotak. ini malah plastik kresek doang,0
kendaraan menjadi kinclong kembali! mantap.,2
ga kerekam suaranya,1
maaf ya untuk produk yg ini saya kasih bintang karena begitu semprotan pertama sprayer nya langsung tdk bs dipake. sudah coba diperbaiki ya ttp tdk bisa. seperti nya kahf perlu ganti supplier botol deh.,4
whiteboard melengkung alumunium bengkok skrup hilang mutu rendah sekali jauh dari gambar deskripsi,1
produk swallow tp ukuran yg dikirim tdk sesuai deskripsi. saya tanya seller ga respon. payah,4
tidak ada rincian cara penggunaan nya. tidak ada keterangan alat pendukung utk hp dan kamera. jadi ngga ngerti saya klo di pake ke hp gmn caranya? cara tinggiin tripod nya gimn?,0
barang sampainya lama sekali respon penjual lambat mengecewakan.,4
pelayanan cepat langganan di toko ini.,2
pengiriman sesuai estimasi. kemasan paket bagus n rapi. tas gadget ditrima dlm kondisi baik tidak ada yg rusak. kualitas produk bagus. bentuk warna n ukuran sesuai deskripsi.,2
pengemasannya lama mungkin krn high order. saya kira kualitasnya yg kaya gimana gt soalnya harganya diskon ? tapi saya tau itu cuma click bait aja pas cek toko lain harganya lebih miring padahal untungnya ada cashback. produk dtg udah ga simetris mungkin kelamaan di kurir masa alamat saya dibilang negative address. kalo komplain ke kurir kemana ya? btw kualitas barang dgn harga segitu ya positive lah tebal blm dicobain buat masak. thanks seller,2
pengirimannya lumayan cepat. warna cutternya sangattt cantik dan ukurannya mungil jadi bisa dibawa kemana aja. mantappp bgt,3
bagus sekali pengiriman cepat,2
ga dipacking dikirim pke boxnya gitu aja. ? benyek parah isinya ky barang bekas jg. bnyk bgt baretnya sama ada noda apaan gitu kaya gel jorok bgt.,0
barang sesuai dgn pesanan seller responsif pengiriman cepat. terimakasih seller dan tokopedia smg sukses selalu.,2
barang sangat jelek tidak fungsi klaim tetap rusak. mendingan jangan beli.,0
kecewa beli di sini.order gunting tp tidak di kirim.kata ya kalau order untuk ke kali ya bakal dikirim nyala nya zonkkkkkkk,4
puas sekali dengan seller tineco. sangat fast response barang yg dikirimkan jg dengan quality baik. proper,3
kopernya penuh lecetlecet dan terkelupas dimanamana,4
alhamdulillah barang sesuai pesanan suaranya jelas ukurannya pas bisa dipanjangkan kabel tidak mudah putus menggunakan kabel yg lebar,2
gw pesen apa dikasih warna apa gila ni yg jual,0
beli banyak macam barang tapi produk ini tidak dikirimkan,1
pesan model love yg dtang mickey.anak we jdi ngamuk.di cat ktanya ready yg love.klo ga ada bilang,0
respon lambat,1
pecah kondisi mash di plastik bubble wrap,4
barang ny bagus. tp kirim ny lama serasa po. pdhal ikut . baru dkirim tggl . kecewa.,4
packing pengiriman kurang aman hanya dilapisi plastik tipis sehingga dpt menyebabkan kerusakan pada produk. dan produk yg saya terima mengalami lekukan pada tutup dan menimbulkan bercak sehingga tidak bisa menutup rapat. sehingga untuk ke depan mohon dapat memberikan packing yg lbh aman. agar penjual dan konsumen sama nyaman,4
barangnya ga rapih.terutama jahitannya dan masih ada benang yg ga beraturan,4
pengiriman cepar. barang bagussss.,2
produk sesuai deskripsi penjual. penjual komunikatif dan cekatan. semoga tidak ada kendala saat pemakaian. thanks seller!,2
kualitas produk bagus . desainnya cantik . warnanya cantik .,2
bahan bukan katun asli,4
wax apaan ini bau gula merah versi encer dan manis. bikin lengket satu badan dna tidak bisa kering. tidak bfungsi sesuai deskripsi komplain di diemin. bunag duit aja,0
jam digital unik ini lebih ke fungsi alaram yg lengkap. syg tdk ad fungsi penunjuk tgl.bln dan tahun. petunjuk di deskripsi sangat membantu permudah mengenal fungsi jam alarm ini. respon penjual dan pengiriman cepat. thanks.,2
barang rusak kok dikirim,0
proses pengirimannya cepat. warna sesuai pesanan hitam doff. tapi kenapa doffnya ada yg bocel ? jd nga sesuai ekspektasi deh ?,4
roti keras gak enak,0
pengiriman cepat dan buku aman,2
cepat meresap. packaging baik tidak bocor pengiriman jg cepat beli karena ntn live di tokped thanks seller,2
yg dipesan macam yg datang doraemon semua,4
real pict pengiriman cepat pengemasan rapi . worth it lah hrga segitu. pasti next order,3
barang rusak ga bisa nyala sama sekali. sebaiknya di coba dulu sebelum dikirim.,0
game tdk terlalu sesuai dgn request sya dan gamenya terlalu sedikit dan ya ini msih ditest smua dan game yg brsmlh bru downhill dan slnjtnya akan di cek lgi jdi menurut sya kepuasan pelanggan itu hrus di no kan ya,4
suaranya jernih tp kurang keras dan casnya gk berfungsi tp gpp sy punya cas sndri proses pesanan cepat. packaging aman. packaging rapi.,2
minta size yg dikirim size kebesaran gk bs saya pakaibagaimna?,1
seller busuk packing sembarangan ga niat info produk nipu. blgnya .m tp kenyataannya .m jujur dikit bos kl jualan,0
keren om barang nya,3
kecewa bangett! beli dan lgsg bayar di tanggal agustus dan skrg di tanggal september barang masih belum diterima. melakukan complaint setelah minggu dr tanggal pemesanan krn masih sabar dipikir ada kendala. skrg udh hampir sebulan masih dibilang follow up terus dan tiba status pesanan yg tadinya complaint malah selesai. ngga paham jdnya ini gimana penyelesaiannya,0
pembelian kesekian kalinya dan biasanya dikemas pake kardus tapi yang dikirim cuma pake bubble wrap dan pecah lagi. ajukan barang rusak katanya bukan kesalahan toko tapi pas dicek masa patahannya serpihannya kurang. saya coba satuin tapi ada bagian yang memang ngak ada. apa di pengiriman mereka buka bubble wrap terus diganti gitu?,0
toko tidak amanah. diminta untuk dikirim kekurangannya yaitu karet baut dll untuk penahan sticknya namun kena ghosting. tidak ada kabar dan itikad baik hingga saat ini. terima kasih,0
pengiriman cepat bgt.mantap. sukses selalu yaaa,2
recommended. barang sesuai seller gercep pengemasan mantap banget,2
buruk busuk.,0
pesanan tdk sesuai minta biru diksh pink buat anak laki lakiseller ngga bisa baca kayanya.mengecewakan sekalibrg juga ngga bagus bagus amat standar.,0
mantap? barang bagus banget seller ramah dan responsif,2
ukurannya sesuai. bahannya adem. produk sesuai dengan foto. warnanya cantik .,2
respon sangat profesional dan siap membantu dng semua pertanyaan. pengiriman sangat cepat dan kwalitas barangnya sesuai.,2
bahannya terlalu tipis,4
pengiriman cepat sampai dan baik,2
secara barang tidak ada masalah saya bicara tentang respon penjual yang sangat lambat saya sampai mengajukan pembatalan secara tiba di respon saran saya tolong responsif dalam penjualan online ini. banyak yang jual sustain keyboard jadi menurut saya jgn menyepelekan karena toko anda jual sudah banyak. customer butuh kejelasan saat membeli barangnya. dalam hal ini sya sudah bertanya lebih dari x sehari mengenai pengirimannya. saya kecewa dan kapok belanja disini.,1
produk original . ban jadi hitam kembali! mantap. bahanya kuat! ban menjadi seperti baru kembali.,3
barangnya rusak kak harus diservis dulu.,1
material produk bagus ukuran produk sesuai,2
awalnya saya memberikan rating bagus karena pada pertama kali diffuser menyala dengan baik. saya menerima produk tanggal februari dan langsung saya coba hasilnya bagus. lalu saya ikuti petunjuk mematikan dan pembersihannya. produk ini saya nyalakan kembali hari ini tanggal februari kedua kali mist sudah tidak keluar dan tombol on tidak menyala. saya mengajukan komplain di chat dan balasan dari pihak uchii mengatakan produk yang sudah lebih dari hari tidak dapat dikomplain. sangat disayangkan karena ini produk elektronik. jawaban lainnya dari pihak uchii juga sangat tidak proffesional. apakah karena saya membeli pada saat diskon lalu dikirimkan produk yang sudah rusak. harusnya lebih bertanggung jawab. kalau tidak ada penggantian minimal perbaikan.,1
barang diterima dgn kondisi baik. produknya bagus. cocok. dan sudah bbrp kali beli.,2
gak sesuai dengan gambar promo. contoh nya di gbar promo ada pcs warna yg berbeda trus pas datang barang kok ke nya semua warnanya sama semua,1
kualitas lcd sangat tipis sehingga home button jadi lebih tinggi dari pada layar. respond cepat tetapi admin tidak menjawab pertanyaan saya dengan benar,4
respond cepat packing aman barang sesuai deskripsi recommended,2
respon cepat barang sesuai! sipppppppppp!,3
dapet celana yang gak ada kancingnya sangat disayangkan.,4
ukurannya terlalu pendek,1
beli tapi paketan datang g dikasih penyok dah,0
produk bagus kualitas ok kuat dan pengiriman cepat packing aman,2
tidak mengkilap dan cepat hilang,1
tidak sesuai ekspektasi saya.bahan tipis.cuma modelnya yg bagus,1
alat linting nya patahrusak.,1
dikirim dengan cepat untuk wilayar jaksel langsung dipakai den befungsi dengan baik. recomended seller,3
jaringanya ngelek banget lelet mending pake indihome de nyesel juga beli orbit jaringan ya parah,4
warnanya kusam ternyata.,4
ini yg ke x aku pesan alhamdulillah brg sesuai pesanan n tepat wkt . terimakasih . recommended seller ?,3
bagus pengiriman cepat,2
bentuknya bagus cuman g nyimpen memory kalau mati listrik atau abis batre mesti setting ulang jam tanggal alarm dll.,1
pashminanya pendek gak seperti yang ada di deskripsi,1
seller lumayan responsif kualitas brg sesuai harga so so lah. dicek di browser ps nya kebaca mb tp kalo udah dipake save di game cuman kebaca mb. ga semua game bisa ngebaca mc nya sayangnya game game yg top yg ga mau ngebaca mc nya kaya god of war.,1
kardus bekas pk bayar.,0
barang datang dan berfungsi dengan baik dan terlihat bagus kali ada lampu birunya.,2
barangnya bagus bangett. grafir photo dan namanya presisi sesuai orderan. dikirim hingga keluar pulau jg packing sangat aman. respon seller jg baik dan pengiriman cepat.,3
pengiriman lama dan tidak ada cara perakitan box yang susah.,0
pelayanan bagus besok order lagi,3
tidak sesuai dengan apa yang dibayangkan,1
murah simpel sampai sana tinggal tukar,2
kapok beli disini,0
barang diterima sesuai pesanan,2
packing rapi barang sesuai pesanan,2
barang saya terima dgn baik dan benar dan tepat waktu,2
ngga bs charging sama sekali. boro fast charging. kecewa. udah pake kepala charger semia ngga bs charging colok ke laptop yg ngga koneksi atau charging,4
faaaassst respon bangeeettt seller bener ngabantuin. puaaaaaasssss. makasih ya. recommended bangeeett.,3
memang sih murah barangnya. tp boleh lah ya komplain. btw ini sy yg ga bisa make nya apa barangnya yg rusak ya? udh pake splitter jg ga fungsi ?,1
berat ngga tajam buat potong daun aja ngga bisa,4
tidak bisa di register call center dan team orbin tidak helpful untuk sekedar minta info gerai orbin yang buka dan no telp suruh cari di google bukannya tidak mau cari rata nomor telp tidak bisa di hubungin jadi apa salahnya memberikan info yang valid menyesal saya beli orbit call center dan team orbin tidak helpful untuk sekedar minta info gerai orbin yang buka dan no telp suruh cari di google bukannya tidak mau cari rata nomor telp tidak bisa di hubungin jadi apa salahnya memberikan info yang valid menyesal saya beli orbit,4
anjing ternyata palsu ini barang bangsat awas ketipu oi yang asli ada segel distributor nya,0
pelayanan toko sangat buruk saya order laptop disini dan setelah barangnya sampai laptop nya ga mau nyala. habis itu saya berusaha minta solusi dari seller awalnya seller masih mau respon seadanya tidak menawarkan solusi dan sangat lamban. lalu karena mikir respondnya lama banget terpaksa saya ajukan komplain . tapi setelah di komplain seller ga pernah jawab diskusi ataupun respon kendalanya. saya dicuekin selama hari sampai jangka waktu habis dan dana di refund. kalau ada yg baca ulasan saya. saya anjurkan utk order di toko lain. jangan tergoda sama tittle official store nyata nya pelayanan toko ga lebih baik dari merchant biasa. harga juga ga lebih murah.,1
alat mudah digunakan barang sesuai deskripsi packaging aman dan bagus pokoknya rekomend,3
tali senter kepala berubah. gak bagus. kecewa.,4
dijamin termurah tapi buka murahan. kualitas bahan mantap . berfungsi dengan baik.,3
harga segini kurang worth it.bahan tidak tebal. ada yang lebih murah detail dan bahan lebih baik. sorry,4
udah di chat ditulis di deskripsi udah dikonfirmasi ulang masih aja dikirim warna putih jelas jelas order full black dan pengiriman lama banget. tidak amanah,0
pengiriman lama!,0
pngiriman super cepat. pengemasan rapi. brg sesuai deskripsi,3
keren banget adminnya! dibantuin dari awal sampai akhir hehe. fast respon juga.ini gamenya bisa semua yaa,2
diluar ekspektasi! mirip banget sama yg biasa aku beli di drugstore dgn harga rb huhu. serius iseng beli gegara bnyk review yg blg bagus apalagi harga rb klo ga cocok ga sakit hati. ga taunya bagusss. cepet kering ga gumpal.,2
barang pertama yang pertama pesan sama leging dengan kode item yang sama. tapi kedua kalinya saya pesan barang berbeda bahan berbeda. kecewa sekali,4
sebelum mempercayakan penyimpanan data kalian . mending pikir dulu deh . saya baru pakai blm minggu kartu langsung tidak terbaca lagi . mana ada data yg tidak bsa di selamatkan . dan proses garansinya aja pake estimasi sebulan . yap sebulan . mending beli yg pasti aja . merk baru blum tentu terjamin kualitasnya . be carefull and keep healthy . thx,1
ahh selalu memuaskan belanja disini,3
banyakk rusakk dan lecet nyaaaa !,0
audio keluar gambar tidak settingan di ps juga sudah di ganti bukan rgb lagi tetap tidak keluar gambarnya.,1
aku dikirimin kopi langsung masukin kulkas. besok di cobain basi ?,4
thankyou madame gie barang sudah sampai dan sesuai pesanan aku suka,2
pelayanan lambat beli tgl baru sampai tgl setiap di trace selalu gagal pickup katanya lg maintenance tp ga bilang ke pelanggannya. sangat mengecewakan.,4
selang nya bolong ada titik. harusnya sebelum kirim di cek dulu.,1
kartu nya lengkap. harga kompetitif. seru bgt game nya.,2
barang cepat datang respon penjual bagus dan semoga bisa,2
byk yg hancur dikirim ke jkt,1
wooy ini gimana kirim cuma saya pesan loh coba cek dong yg dipesan,0
yg dikirim rusak ajukan komplain tp gak jelas,0
barangnya bagus tebal dapet best deal juga kmrn. mama suka aku pun suka?,3
barang sesuai pesanan. kualitas bagus baik. mantap. packing juga oke. seller ramah. pengiriman juga cepat. fast respons. recommended seller pokoknya ?,3
gampang lepas dan tidak nempel,1
lama pengiriman. atc di hari itu juga tpi gak di kirim. beberpa hr dlu br di kirim.,0
ga mungkin barang baru. jijik liatnya ada kaya kotoran cair dan ini pun baru keluar dari bungkusan. buang.,0
packing aman pengiriman cepat dan barang berfungsi dengan baik,2
produk original . kualitas bahan sangat baik. berfungsi dengan baik.,3
bagus bagus.dimsumnyamasih kedaan bgus ga penyok. dalem ya juga seger produknya rekomen bgt klo belanja disini? enak ga cape jadi makin sering masak biar hemat dan sehat dirumahmakasi yaa udh mempermudah masak ?,3
packaging aman . packaging rapi. proses pesanan cepat. barangnya original .,2
pengiriman cepat packingan double. barang mantab. lgsg di coba n maknyus. top dah,3
pertama kali pesan wood pallet respon seller gercep lsg sampe dirmh . awesome ? next aku pesan lg . terimakasih kak . recommended seller ?,3
super kecewa botolnya pecah sampe bikin tangan luka chat penjual katanya salah kurir bikin komplain susah krn ga divideoin kl liat packingnya cm pake bubble wrap tipis wajar kl pecah krn di dlm kotak agak longgar krn cm ngandelin bubble wrap dikit aja. kappk lah belanja disini lg. terpaksa nyari toko lain ato merk lain utk kebutuhan vitamin,4
selalu langganan disini. ngmpulin recehan menjadi emas.,3
aman untuk bayi . trimakasih,2
seller bertanggung jawab bahan celana adem. recommended,3
aduk ka.kenapa ya makin ke sini pengiriman barang nya makin jelek.barang banyak yg keriput kusut rusak. tolong dong ke depannya di perbaiki,0
packing tebel double bubble wrapkardus di dlm juga utuh.tp barang yg datang penyok.artinya brg sudah cacat saat dikirim.lokasi sy dkt dng tefal jd pengiriman cepatsy join tokopedia dr dan blja x sehari jd bs bedain brg rusak krn pengiriman atau memang sudah cacat.sy punya video unboxingnya.tp krn susah skali upload foto video untuk complaindan beli krn event akhir thnjd ya sudahlah.tp produk rusak jng menyalahkan ekspedisi.lbh baik tulis di deskripsinya promo cuci gudangbrg tidak dapat dikembalikan.jd kita para pembeli jg gak expect too much.dpt brg cacatterima resiko.psspt biasa admin pasti membalas ulasan dengan mohon respon chat dari kami.kenyataan mrk tdk pernah menghubungi pembeli jika produk cacat.bintang untk admin produk,1
nggak bisa jalan kereta nya. anakqu jadi kecewa,4
menyesaalllll ternyata bahan sama aja dengan yang harga rb ?,4
hati belanja disini dapet unit cacat dblg suruh ajukan komplain nti mau dituker trnyta tokonya sndiri yg blg gabs dituker official store abal ini mah. ga jelas solusinya gmn,1
aroma bikin pusing.,4
box hancur! padahal customer beli untuk kado! mengecewakan. masa bungkus cuma pake plastik tipis? toko besar tapi gak modal bubble wrap!,0
jkt bdg cmn butuh waktu semalem packing nya mntp pack nya rapi kgak d lecet suara nya enak bet buat rekaman fingerstyle akustik gatau dah mntp pokoknya,2
barang sudah sampai tujuan hanya saja sebelum dikirim mohon perhatikan barangnya terlebih dahulu.,1
ga ada hadiahnya. . saya baca pembeli lain dari beberapa bulan lalu pun.banyak yang kecewa. promo hadiah harusnya lebih jelas. supaya tidak mengecewakan,4
barang tidak berfungsi sama sekali.seperti membeli barang rusak,1
selangnya longar untuk pianika yamaha original. jadinya gak bisa dipake.,4
lampu sudah di charge ga bisa menyala sama sekali padahal baru belisaya kecewa sekali!penjual no respon!,0
hari masih bagus hasilnya. hari kedepan udah gak bagus lagi.berembun lagi.gak recomended banget,1
thankyou sellerbahannya adem cocok buat anak anak.sengaja ambil size yg lebih gede biar di pake lama,2
tidak seperti yg diperkirakan sebelumnya. lebih baik pakai aica aibon.,1
barang sesuai gambarpaking rapih?,2
bau parfum coffeenya kurang enak untuk alat nya banyak baret,1
cuman bisa dipanjangin sebelah sebelah yang nga bs dipanjangin sudah karatan karet yg dikasih mudah lepas nga dikasih kotak kondisi barang seperti barang seken nga dikasih baut sama karet kecil kalau emg ada double check dari pihak speeds knp hal sepele untuk satu produk aja bs begini kejadiannya?,1
hazecool ac cleaner pembersih ac split ac mobil,4
order emerald dikirim tosca tanpa konfirmasi. ?,4
berfungsi dengan baik. kualitas sesuai harga. penjualnya ramah banget. proses pesanan cepat. respon penjualnya top.,2
barang bagusoke cepat pengirimannya juga,2
diterima dalam keadaan dus terbuka. biasanya dus nya rapih tebel di packing bagus. sekarang diterima dalam keadaan dus kebuka sobek dan penyok dapet bonus tp lecek kelipet karna packing ga niat di untel sama barang nya kaya ga niat ngasih. jd ga berguna bonus nya padahal bagus,0
bahan jelek dan kurang kokoh,4
packaging sangat buruk sekali gan. penyok dan isolasi sebagian sudah terbuka seperti habis dibongkar.,0
terlepas dari apapun alasan seller katanya barang sudah keluar kasir atau apalah udah dikirim katanya ternyata baru dikirim setelah hari transaksi dilakukancukup kecewa dengan pelayanan yg sprti itu karena saya butuh untuk tugas kampus.,4
bahannya enak gak gerah dipakainya.,2
packing tdk dikemas dan asal kirim lgsung pdhal kondisi dusnya sudah rusak. mgkin karena harga barangnya murah rp... jd tdk dikemas rapih.,1
sampul gue yang dikasih ga bagus ada bagian peyot. padahal gue beli buku baru.,0
barang dikrm beda dgn yg pesan,4
mantap barang ori packing oke harga promo muraj sering sering aja promo ya,2
seller responsif sekalii.kaos kaki nyaman bgt dipake terima kasih,2
baru dibuka ternyata robek.,1
harganya terlalu mahal untuk kualitas setipis itu tapi gpp deh semoga nanti lebih murah,4
fast respon pengiriman cepat,2
jahitannya rapi. warnanya bagus .,2
sedikit ada kendala tapi semuanya sudah normal kembali makasih respon toko percakapan baik?,2
bagusss ngga pernah mengecewakan packingnya aman banget. kemasan bar sekarang ?,3
pembelian yg ini sy kecewa krn lampunya nggak nyala jg cetekan yg tdk buny,4
kurang bass tapi harganya terjangkau. proses pesanan cepat.,2
parah padahal di note sudah di kasih kalau chip di bagian belakang desain dan kalau bisa ga ada logo bcaflazznya ga diliat sama sekali kayaknya notenya hadeeeeeeeeeeeeeeeeeeeeeeh ? penjualnya jg kaga ramah mo ngasih tau sekedar negor langsung ngomong return aja seolah olah complaint karena mau direturn atau di ganti duitnya padahal dikritik biar lebih baik kedepannya bukannya minta maaf udah salah malah sok ga butuh pembeli sumpah kesel bgt ama ini penjual sombong parah,0
orangnya ramah. voucher dikirim via email. gak lama transfer langsung dikirim. mantap gan. makasih ya . bakal jadi langganan nih.,3
saya beli item ini tetapi pompa elektrik ini tidak bisa di charge. sehingga tidak bisa di pakai. pihak penjual tidak ada respon ! tidak bisa membantu ! saya sangat kecewa. not recomendded !,0
pakai lem ini hati. pastikan penataannya balon sebelum dipasang kalau nda ga bisa dicabut. bisa dicabut tp resiko pecah. mantul tingkat kerekatannya.,3
produk bagus sesuai pesanan. fast response. pengiriman cepat hr,2
sangat tipis bisa di terawang. bagusan leging ibu di pinggir jalan ini mah. sangat tidak recommend. over price! nyesel bgt gw.,4
pengiriman cepat harga murah. bahan sesuai harga,2
gak mempan,4
jumlah barang yang dipesan dan barang yang sampai tidak sesuai,1
bahan menyerap keringat. ringan dipakai,2
barang bagus pengemasan aman dapat berfungsi dengan baik,2
senang sekali. karena sekarang untuk produk ini packingnya tidak dilakban lakban lagi. sudah dimasukkan plastik per pack.,2
barang udah sampai maaf baru konfirmasi. sesuai review di yt barangnya rekomended buat yang mau menekan cost.,3
baru dipakai bulan sudah rusak,4
suka sama box nya ciamik dehhhhhhhhhhhhhhhhhhhhh,3
datang dlm keadaan gagang bengkok pecah. gak niat banget packingnya. minimal digulung pakai kardus bekas lah biar gak rusak produknya. belanja di official store kok seperti belanja di toko biasa. gak sempat difoto barang langsung dibuang masuk tempat sampah. sebagus apapun produk yg dibuat kalau pengiriman dan packing tidak aman tdk ada gunanya.,1
brg diterima dlm keadaan baik. belom dicoba mudahan sesuai harapan,2
jahitan rapi. potongannya rapi. warnanya cantik .,2
jelek sekali packingnya.hand body saya pada tumpah.,0
barang pecah dikotak tidak diberi himbauan barang mudah pecah,1
kecewaaaaaaa.botol pecah! ngenes bangeett,4
ga teliti membaca requestku minta nya lemon knp yg dikirim summer linen?,0
pengiriman lambat polllllll! ga pantes jadi official store.,0
barang sesuai pengiriman cepat makasih ?,2
barli rutin tiap minguu pcs yg kiriman terakhir semua pada rusak kendor pada bagian baut nya cuma ada beberapa yg bisa digunakan bahaya bocor gas dari bawah bis menyambar karena pada bocor di tanyakan pada penjual tapi sayangnya ga mau tau cuma jawab ga ada garansi! costumer lagi yg dirugikan krn penjual yg ga mau tanggung jawab dari barang yg dijualnya cuma pengen cuan tapi ga mau tau keluhan costumer nya. padahal sudah saya percaya tiap pengambilan pasti ke toko ini tapi sayang nya ga ada pelayanan yg bisa memuaskan costumer nya,0
sering goyang katanya sih bahan nya dari aluminium ternyata plastik kecewa saya beli tripod ini,4
chat tidak di balas kuota yang di janjikan gb nya tidak masuk hancur la parah parah,0
lamaa pengiriman,4
barangnya original . packaging aman .,2
lama nympe,0
lampu indikator tdk bekerja.,4
baru dipake x charger indikator udh ga nyala. udh ga bisa dipake. gimana ini? sampe sekarang belum ada tindakan nyata pengurusan garansi,1
maaf br review skr barang sesuai lsg dipakai gk ada masalah.seller nya cepet ngerespon nya yg pasti remote nya keren recomended banget.tks,3
saya tidak menerima produk sama sekali dari kurir dan kurir tidak menelfon saya kalo barang sudah diantarkan dan dititipkan di siapa karena saya belum menerima paket saya saya mengajukan komplain,1
jamnya berfungsi normal. ukuran sesuai. keren banget modelnya.,3
parah banget sih responnya komplain barang kurang disuruh via wa sudah wa disuruh lagi lewat marketplace ampun dah sejelek ini pelayanan sekelas official unilever,0
sangat kecewa sekali tidak profesional sama sekali. sy beli dikirim cuma . dan tdk ada info apapun dari penjual,4
saya nyesel pake yg same day. rugi dikirimnya lama,1
barang yg dikirim hrsnya di cek dulu konsumen kan byr bukan gratis. masa paku rivert nya yg sebelah ada tutup penahannya. yg sebelahnya nggak ada tutup penahannya jadi copotlah klo di pake. gimana sih.,0
mengecewakan sih seller kurang friendly,4
kecewa banget masa yang datang cuma tripot nya ada ngga ada ring light nya tripotnya pun pada patah?,0
mantap ori,2
busa doank tidak saya rekomendasikan,0
kapoooookkk lah!,0
seller fast respon. pengiriman super cepat,2
baru mau nyoba varian micelar water nya . semoga cocok kayak varian micro essence nya loreal ini . dapat harga diskon pulak . makin cintaaa . pengiriman juga aman dan tepat waktu . terimakasih tokped dan loreal ?,3
barusan saya tes untuk ambil sampah di sungai dekat rumah untuk kekuatan daya cekram si alatnya masuk akal untuk harga segini. untuk ambil plastik mudah tapi untuk ambil sampah kain atau sampah yg udah kekubur agak sulit karena kurang kuat cekramannya,2
sangat kecewa beli pcs dan kemasan semuanya bolong sperti d gigit tikus,4
dikasi bonus gratisan hair mask serie expert tapi uda expire barangnya pas dipake bikin kepala ketombean. kl ga niat ngasih gratisan mending ga usah sih drpd bikin rusak rambut orang,1
tengkyu sesuai banget pesanan nya?,3
hati beli produk nya. jangan sampai kecewa. berharap dapat hadiah nya malahan zonk. niat belanja di official store nya malah dikirim dr toko cabang . ga dpt deh hadiah nya.,0
bagus dan sesuai pesanan,2
jahitannya rapi. ukuran sesuai. modelnya cantik . warnanya cantik . nyaman dipakai . bahannya adem.,2
overpriced. analisanya kurang dalam. kualitas hard cover kurang bagus .masa begitu sampe lgsg penyok,4
jeruknya udh busuk dikirim yg gk busuk gk ada lagi airnya pilus keras,0
kecewa _ th.anakku umur bln gk muat kain gk halusgk melar tipis kecewa pokoknya,4
barang datang dalam keadaan terlipat. gak bisa sama sekali dipakai,4
material produk bagus. ukuran produk sesuai. warna produk sesuai.tapi sayang karetnya kurang baik krn masih bocor saat test simpan air,4
tidak pernah mengecewakan hasil terbaik. untuk ngirim kartu selembar aja pake kotak tebal. terima kasih sukses selalu.,2
barang original mantapp,2
butuh cepet di kirim lama di respon pun lama yang jual amanah bratherjujur nyesel gw beli di toko ini,4
kecewa nih beda bentuknya sama yg mini mochi produksi sebelumnya jd sempit n kurang cantik yg baru,4
mantap sekali sangat recommended respon seller bintang baru pesan tadi malam hari ini langsung datang,3
segel beda seharusnya segel sein seperti yg kecil. seller kurang paham instruksi seperti barang repack,1
barang tidak sesuai gambar yang ditawarkan,4
mkkasih admin daper harga murah paketan sama cdr n redoxon,2
kiriman sudah sampai sesuai pesanan,2
oke mantap pengiriman cepat seller ramah fast response. produk sesuai harapan. thanks,2
beli dikirim cuma komplain no respon gak solutif rugi beli disini kapok ?,0
packing rapi.barang sesuai produk.fast respon chat.pesanan jam sampai.top markotop,2
dipakai sekali saja sudah rusak tidak mau menyalamaaf saya ksh bintang,4
barang cepat sampai dlm keadaan baik,2
bahannya tipis dan ukuran xl nya kekecilan terlalu sempit utk dipakai,4
kirim paket ga ngotak. resolusi arbiter tokopedia useless. ?,0
nggak recomended saya sdh tes wtnya katany jarak km ini meter saja sdh gangguan,1
seller responsif barang cukup baik dan sesuai harga. bisa dilihat antar sambungannya kurang pas saran saya beli warna gelap agar sela sambungan matras tidak tampak. overall saya cukup puas kok. thx seller ?,2
service mengecewakan.,4
recommended seller.udah order yg ke kali,3
kameranya berfungsi untuk kualitas gambar tentunya sesuai harga ya seperti kamera anak sejenis. sayangnya kabelnya kotor sekali seperti bekas sudah coba dibersihkan juga tidak bisa.,2
blm dimainin barang udh cacat mana no angkanya ada yg pudar lagi parah dah,0
minta yg bentuk ikan eee malah diksh yg bentuk donat. kucing sy gak mau yg bentuk donat. kecewa sy.,4
mantap bgt.aroma rasa bkn sekedar isu.mantul dn mempesonarasa pas di lidah dn irit d kantongmakasih gan.,3
mantap sesuai ekspetasi proses cepat sipp lahhhhhhhhhhhhhhhhhhhhhh ?,3
pengiriman cepat dan aman. barang sesuai deskripsi. bagian ujungnya terbuat dari plastik tapi cukup kokoh. perakitan mudah cuma modal obeng. tips jangan dikencengin dulu semua bautnya kecuali kalau sudah fixed dgn ukuran kaki mesin cuci. recommended. ?,3
barangnya tidak ada di kemasan,0
keren sampai langsung pasang jepitannya kelebihan satu lemari gampang dirakit warna sesuai kualitas ok kokoh. mantap mantap,2
barang lama sekali sampainya!,0
ini bagus banget. kualitas mantap,3
pelayanan sangat buruk no debat!,0
ujungnya sedikit robek dan rusak tapi secara keseluruhan baik,2
brg sesuai pic.kurir sll yg terbaik sudah langganan?,3
barang yang diterima cacat pada analog untuk komplain tetap dilayani tetapi dari saya sendiri tidak kirim kesana karena ribet dalam ongkir dan pengiriman nya. lain kali tdk apa apa di buka segelnya untuk di cek analognya sehingga tidak perlu masalah complain dan kirim balik sana lagi terima kasih,1
murah meriah tp bagus.nyaman dipakai.tulisan jg terlihat lebih rapih.,2
admin ga niat kerja. komplain tidak selesai. sudah minta bintang. ya sudah kasih bintang . kasihan bosnya punya karyawan yg tidak ada empati sama komplain tidak pernah update perkembangan komplain,4
pengiriman super duper lamaaaa! not recommended.,1
pengiriman agak kurang cepat tidak sesuai dengan estimasi di toko tapi barangnya ok sesuai specs dan tidak mengecewakan,2
sukaa sekaliiii. sellernya juga responded banget. terima kasih ya. sukses untuk seller,3
tidak ada lapisan pelindung sama sekali entah itu plastik ataupun wraping. dus yg diterima dalam keadaan penyok ember banyak lecet. pengiriman sangat lama dari hari minggu sampe nya hari rabu padahal masih sama jakarta. padahal beli nya di toko official resmi. lebih bagus beli di toko yg biasa. sebelumnya saya beli ditoko yg biasa buat hadiah hari sampe harga lebih murah packing bagus. ini toko resmi malah hancur mana buat hadiah lagi. tutup aja tokonya?,0
barang ga sampai sudah ke ekspedisi juga ga adaudh minta kasih ulasan sajasmoga yg nerima tuh barang berkahbesok besok ga lagi beli disini,1
kualitas bahan sangat baik.,3
kecewa banget barang lecet dan ada noda di sampul depan belakang pengiriman lama banget pake kurir antaraja hih. buat adminnya kalo barang jelek gini jangan dikirim jadi malas mo baca bukunya,4
maskernya agak kecil tdk sesuai harga.,4
jelek jgn beli disini.kecewa.harga murah emang murahan bahannya.nyesal penjualnya,0
barangnya original . berfungsi dengan baik.,2
barang yang dikirim tidak sesuai walaupun tidak ada seharusnya warna jangan satu warna,1
nyaman ga licin mantebbb,2
gk ada tambahan bublenya yg ada banyak koran nya.,1
barang telah sampai dengan packaging yg bagus,2
kapok saya beli kembang api di toko ini bilang nya,1
harga termurah kualitas dan layanan teratas! recommended product from recommended seller!,3
pengiriman cepat namun saya baru sempat susun dua minggu setelah barang sampai tapi ternyata cube kurang sekitar piece cube polos jadinya lemarinya tidak kokoh berharap penjual bisa mengirim part ke kuranganya supaya saya perbaiki bintangnya. ketika barang berudi terima saran saya harus ada tabel verifikasi jumlah part dan asesoris nya di sini tidak ada cara pasang tidak di berikan dengan jelas. jika ini merek resmi bisa di komplain ke lembaga perlindungan konsumen indonesia,1
pengiriman cepat datang sesuai pesanan dan dibungkus dengan rapi. terima kasih y barang sdh diterima dgn baik.,2
kecewa banget baunya ga sama waktu nyoba punya temen terlalu banyak alkohol nyesel banget beli lagi hadeh asli nyesel banget buat pelajaran aja,4
ban jadi hitam kembali! mantap.,3
awalnya salah kirim judul dulu jadi lama bolakbalikin yang salah kirim dulu. semoga kedepannya ga kejadian lagi ya ke customer lain,1
bahan tipis sekali dan cepat habis,4
repeat order terus,3
kualitas barang dibanding harga nya hanya so so lahh.pelayanan minus sbgmn layaknya kesombongan seorang raja apalagi pengiriman barang seenak jidat macam tidak ada lagi produsen consumer goods lain di tata surya ini! no wonder nilai valuasi perusahaan anda sudah turun lebih dari dalam tahun terakhir ini. semoga makin jeblok dan gulung tikar kmdn pulang kampung. semoga!,0
alatnya sering mati sendiri kak,1
toko langganan karena pengiriman sangat cepat. terimakasih,3
pengiriman cepat adminnya responsif buku kualitas bagus banget.,3
barang bagus seller ramah.,2
cantik banget,3
barang yg dikirim tidak ada dilist barang yg surah ditulis tapi dianggap ada. padahal yg bikinnlist penjual sendiri. dia yg menginkarin sendiri,4
masak barangnya yang di kirim rusak. gak bisa di gunakan. dan orangnya gak ngerespon chat sayadan saya minta ganti gak mau yaudah deh biar tuhan yang iklaskan,1
salah kirim barang tidak sesuai diskripsi,1
nomor seri terdaftar. barangnya original . berfungsi dengan baik. packaging aman .,2
mantab barang nya oke punya,2
gak ada bintang tidak sesuai iklan di iklan bisa nambah tekananpressure.hasilnya nol besar.lebih kenceng eksistingnya.,1
kualitas barangnya bagus banget gampang dipasang dan berfungsi dg baik. packing aman. very recommended!,3
barang sesuai dan bagus,2
ga guna sebelum dilapis ini hrusnya dilapis kardus lah minimal.,0
packing rapi pengiriman cepat. seller responsif. produk bagus dan ori. recommended lah pokoknya,2
barang sebenarnya sudah sampai tadi sore cuman baru ta unboxing dan mainkan malam ini. sukaaa! recommended ni toko ?,3
tidak direkomendasikan buat tembok lamatembok lembab ganti warna beda dari warna asal isi juga kurang dari label dijamin tidak memuaskan! harga gak pernah nipu,1
kondisi barang agak kotor sulit dibersihkan,1
cakep banget. tp salah pilih size mash kegedean di anak tp anak super happy. thanks,3
barangnya mantap berkualitas kokoh bergaransi seller ramah pokoknya mantap banget,3
halo penerbit haru bukunya sampai dengan cepat. tapi pengemasannya sangat kurang. mohon menggunakan bubble wrap supaya tidak terjadi kerusakan dalam pengiriman. sangat disayangkan pengemasannya tidak ada pengamanannya. jadi buku yg saya terima sedikit kurang baik. terimakasih.,4
nyaman di kulit proses pesanan cepat packaging aman ? packaging rapi respon penjualnya top,2
barang penyokkkkk.ga bisa di ganti krn tdk unboxing record,1
tdk sesuai ekspektasi,4
barang sesuai keinginan pengiriman cepat,2
barang tiba sesuai pesanan tinggal dipake masak deh. terima kasih ya.,2
warnanya lucu . lembut di kulit. gampang dipakai. sepertinya bakal langganan disini bner puas dg pelayanan dan semuanya barang ori bagus sucses terus yaa ?,2
paket tlh diterima dgn keadaan baik. kemasan rapi dan rajin. terima kasih semoga sukses.,2
kecewa gw belanja di sini gak amanah seller nya gw pesen yg di kirim cuma gak seberapa sih harga nya tapi gak jujur yg jual nya moga berkah aja dah lu dagang dari hasil gak jujur?,4
pengirimannya cepet banget aku pesen kemarin hari ini udah sampe. barangnya juga aman no damage samsek. mantappp?,3
sungguh menyedihkan. beli pcs tapi barang pecah pcs sdh komplain garansi minggu nggak beres,4
ga ada packing bubble nya,0
sangat tidak puas dengan pelayanannya barang yang dikirim bukan yang saya pesan,4
warna tidak sesuai dgn permintaan,0
barang mantap?,3
kaos kaki sangat tipis saat sudah transaksi respon penjual sangat lambat proses pengiriman,0
kasi bintang ya yg sebelah kanan gak terlalu berfungsi dengan baik. lain kali di cek dengan baik.,1
respon cepat. barang sesuai deskripsi. busa cukup tebal. semoga awet.,2
harga murah respon penjual cepat dan ramah. makin sukses ya. trims,2
sedotannya kuat. harganya murah. mudah dibersihkan. kabel listrik panjang.,2
produk sih bagus hanya seller tidak teliti mbaca pesanan salah ukurannya jadinya saya yang susah,4
pengiriman nya hampir minggu. agak kecewa,4
harga murah lucu cepat kirim . sukses ya,2
ternyata tipis bahannya,4
tdk dpt hadiah,4
beli cashew dikirim almond beli dikirim cm gak berkah dagangan mu .,0
ga sesuai permintaan.udh jelas dikasi keterangan orderannya dan di chat biar inget eeh.malah barang yg datang warna tdk sesuai dengan jumlah warna yg diinginkan. pengen cepet ngirim aja ini lapaknya. klo ga punya stok jgn di approve.,0
kecewa sama barangnya suara yang di keluarin ga bisa gede padahal udah paling maksimal,4
tidak menerawang. mudah dibentuk. jahitan rapi. bahannya adem. nyaman dipakai. modelnya cantik . warnanya cantik .,3
tepat waktu dan sesuai pesanan,2
saran aja buat temen temen yang beli disini jangan buang box nya simpan terus biar kalo baru beli terus rusak bisa di claim garansinya,1
yg dipesan lain yg dikirm lain !,0
pengiriman cepat kualitas sangat bagus gak ada yg cacat packingan sangat kuat dan rapih kokoh bangetgak nyangka gede banget. tks sukses selalu ?,2
parah pesan warna hitam atau biru dikirim kuning semua buta warna apa seller nya? udah gt lama banget diproses nya,0
barangnya bagus! kualitas product bagus. harga terjangkau. recomended.,2
tidak recommended hanya memikirkan untung tidak memikirkan keluhan konsumen,1
beli disini puas banyak di lebihin. pngiriman cepat pokonya mantap ?,3
kurma medjol palestine emang fave aku bgtt. legit ga trllu manis bijinya keciiil dagingnya jumbo cocok utk ibukku yg kebetulan diabetes. tp baru pertama beli disini. makasi ya ka pengiriman cpt hri aja. makasi jg tokped dah gratis ongkir semoga allah swt memberkahi kalian,3
sdh diterima dg baiktdk ada yg bocor. pengiriman cepat,2
jahitannya rapi. ukuran sesuai. bahan agak panas tp masih nyaman dipakai sesuailah dengan harganya. trims ya seller.,2
original pengemasan dan pengiriman standar. siiiipplll,2
barang tdk bs di pake ring tune jg g bunyi.kecewa,4
build quality kurang ok,4
penjual amanah responsif. kabel berfungsi baik. pengiriman cepat. terima kasih.,2
build kokoh. kualitas bahan bagus. bisa nahan beban hp. proses pesanan cepat.,2
untuk barangnya sangat berkualitas akan tetapi pengirimnya yang agak lama terima kasih.,2
pembelian keranjang kargo kucing ke ga pernah ga puas beli di sini harga terbaik seller fast response dan packing nya juara. aman banget pake kardus segala. badabest lah dapet bonus pula,2
pengiriman sangat lama diluar estimasi yg tercantum,1
barangnya bagus,2
penjual kualitas terbaik ini tanpa harus bertanya progres barang sudah langsung di kabari via chat kepada pembeli. luar biasaaaaaaa pertahankaannn,3
kainnya adem lembut tipis nyaman lah klo buat tidur terimakasih,2
brownis nya penyek. untung ga ancur. sangat kecewa sama pengiriman nya antaraja. lelet dan bikin brownis saya penyek. tokped hrs nya blacklist tuh antaraja,4
ujung buku rusak. padahal sudah mahal beli buku import,4
saat di unboxing barang terlihat bagus tpi pas baru di cek dengan seksama sticknya hancur dan bautnya hilang padahal packingan menggunakan kayu dan tidak ada penyok ps baru di coba banyak game yg tidak mau serta dalam waktu mnt ps langsung mati sendiri saat saya coba cek masalahnya ternyata kipas ps tidak menyala saat saya tanya ke penjual ternyata ps hanya di cek sekedarnya saja dan setelah saya komplain saya disuruh mengembalikan ksana untuk di cek dan ongkir pp saya tanggung sendiri sangat miris saya sangat percaya dengan toko meskipun ada ulasan yg buruk tpi saya tetap percaya dan tenyata barang yg datang sangat tdk memuaskan,1
terimakasih barang sudah sampai dengan selamat,2
frame kacamata nya kurang bagus tipis sptnya gampang patah ngakbseperti kacamata pada umumnya,1
tidak sesuai dengan foto,4
selalu puas belanja disini udah ketiga kalinya beli disini. pengiriman cepat respon cepat.,2
dikirim bor nya kurang satu. terus bukannya tinggal ngirim yang kurang saya harus ngirim balik kotak. buang ongkir. sengaja dibikin repot.,0
penjual kurang teliti memberi saran kpd pembeli. hasil embossed nama berwarna putih kontras sekali dan jelek perpaduannya. minta nomor diembose pun sdh tercatat tapi penjual juga lalai mengkomentari shg hasilnya pun jg tdk diembosed. mengecewakan. saya ga bisa ksh foto krn ada nama nya tercetak.,4
cocok buat warm tone. hasilnya awet. cocok buat cool tone. cocok di kulit kering. cocok di kulit normal. cocok di kulit kombinasi.,2
barang palsu bukan hot wheels original. made in china bukan made malaysia spt diskripsi,1
buruk sepatu bukan kulit kelebihan ongkir tidak kembali,0
kurang bagus kualitas nya kemaren beli ditoko sebelah harga sama kualitas lumayan yg ini boros dan bikin kamera jadi over heat,4
super bintang buat store ini . bahkan libur barang dikirim sangat recommended,3
kecewa .minta ganti alamat mlh gk bisa,4
kecewa bgt sudah packing nya kurang aman expedisi juga asalasalan. produknya cacat ada bekas baut nya udah dibuka padahal brg baru. trus di body nya ada bekas lecet dan tombol power nya patah pula lagi?,4
sangat berguna. bermanfaat dan lancar digunakan di swiss,2
pengirimannya sangat cepat baru pesan kemarin langsung datang esok harinya. barangnya bagus semoga kualitasnya juga bisa awet.,2
ini pembelian kedua tapi saya kecewa. pas beli pertama kali suka banget parfumnya makanya order lagi tapi wanginya gak konsisten beda sama yg sebelumnya terus kemasan jga keliatan kayak luntur gitu tulisannya pas dipegang cat botol parfumnya luntur ke tangan,4
alas kandang nya oke banged.tebal dan bahannya bagus.pengemasan dan pengiriman jg cepat ?,3
kemasannya memakai plastik mudah mangap rawan bocor tidak sebanding dengan harganya,1
buku palsu,0
produk diterima kondisi baik. pengiriman cepat dan packing rapi. respon penjual oke,2
penjual sangat fast respon dan dari proses sampai pengiriman juga cepat. pelayanan dan produk sangat memuaskan.,3
raknya bagus simpel walau masangnya agak susah pengiriman cepat. recomended,3
celana yang datang tidak sesuai dengan gambar di gambar motif kotakkotak yang datang polosan semua,1
enakk banget isinya banyak saosnya mantap. seller ramah. thank you!,2
mantap barang cepet sampenya seller positive respon harga pass kualitas oke rekomen banget pokoknya,3
sory yah pesanan ga sesuai minta xxl di deskrisi lebar panjang . yg datang lebar panjang nda muat boss.,0
paket sampai barang sesuai pesanan bisa dipakein di scph. bisa untuk boot hdd internal cuma mesti konfigurasi ulang di chip matrix nya. terimakasih. semoga awet,2
mohon maaf produknya tidak bisa dipakai. sudah install sesuai dengan petunjuk tp ga bisa juga. insya allah ikhlas,1
barang sesuai pesanan. namun utk saya pilih xl agak kegedean. mungkin lebih tepatnya l.,2
ada garansi resmi. barangnya original . baterai awet. fitur mudah digunakan. penjualnya ramah banget.,2
order hitam. dikirim biru. ditanya tidak ada respons sama sekali.,1
build kokoh. kakinya gampang diatur. berfungsi dengan baik. berfungsi dengan baik.,2
sudah sampai kak. okey barangnya warna bagus kualitas bagus dan tidak berbau anti slip juga kayak nya . thanks lah ya.,2
proses konfirmasi lama. chat gk di balas.,1
layanan seller sangat jelektidak ada pemberitahuan di deskripsi toko atau di deskripsi produk kalau order diatas jam di proses besok karena alasan overload penjual telat memproses order.konsumen tidak mungkin memahami kasus overload ? seharusnya kalau overload produk tidak di munculkan atau toko stop terima orderan.jangan konsumen jadi korban overload sellersaya order dengan ongkir reguler tapi hasilnya sama dengan free ongkir. ini namanya bentuk penipuan ke konsumentokopedia sebagai platform harusnya berhati hati dengan seller yang tidak memberikan pelayanan terbaik,0
pelayanannya oke,2
harga terjangkau. rekomended. warna sesuai. pengiriman cepat cm hari sampe fast respon dr seller kondisi barang utuh bagus warna nya cantikk banget kurirnya jg baik. nelp smpe x mastiin alamatnya. tq seller fotonya gada. adanya video. jdi aku ss dr video.,3
barang bagus pengiriman cepat sayang packaging seadaadanya. pesanan untuk menambahkan bubble wrap juga tidak diindahkan. respon juga tidak bagus.,1
barang dah sampe suka banget sama barang nya kurir juga ramah ?,2
mantap pengiriman instan. seller fast respon,2
sangat presisi dan pas,2
respon kurang brg tdk sesuai deskripsi dan tdk ada solusi tdk ada respon akhir dr si penjual,4
respon penjualnya top packaging aman ? proses pesanan cepat kualitas bahan bagus,2
setelah dicek tidak utuh gb. kok bisa ya. kemana sisa gb nya masmba?krn lagi butuh yaudahlah cukup tau beli disini. pertama dan terakhir beli disini.,0
pesanan jenis ikan yg dikirim bulet. hadeuuuh.,0
pda pecah lilin y pekejing y ga aman,1
kiri pembelian ke saya beli pcs. yg kanan pembelian pertama. warna dan kualitas berbeda. pembelin ke bahan tipis warna tidak secerah pembelian pertama,1
pesen kabel data. sesuai deskripsi tapi lagi barang lain. packing aman. pengiriman cepat yang nyiapin barang kurang teliti. overall ok lah.,2
kenapa pesananya ndk sesuai ukuran yg di pesan. klo stok kosong ya di ubah.,0
barangnya bagus sesuai deskripsi banyak batu filter penuh mudah dipasang ? semoga awet. dan pengiriman cepet banget. seller recomended ?,3
beli pcs. yang satu normal tanpa kendala. yang lagi stuck house cartridge nya gak mau ke tengah. step nya sama dengan yang normal ikutin manual.,1
salah beli barang tp toko tidak ada kompromi sama sekali. padahal barang masih disegel kecewa dehhh.,4
mantab barangnya kokoh kualitas okmau pesen satu lagi,2
puas bangat obat nya fres n cepet sampe paking ok tq,2
barang yg dikirim tdk sesuai harusnya cat kuku yg datangnya eyesedo,4
barang sampai dengan selamat fungsi insya allah berjalan dengan baik tinggal penggunaannya masih belum mahir barang oke mantap?,2
material produk bagus. kualitas produk bagus. produk sesuai. produk berfungsi dengan baik.,2
bagus pengiriman cepet banget bakal jadi langganan nih,3
suka banget sama strap maskernya. lucu bagus bangett. recommended bgt. bakalan jdi langganan sihhh,3
cocok di kulit kering. aplikator mudah dipakai. packaging rapi. packaging aman . respon penjualnya top.,2
bahannya ga enak,4
mantap sekali broooo penjual ramah sabar dan jika ada masalah pasti ditangani. arigatooo?,3
kecewa dengan pelayanan toko ini dan nyesal denga toko ini paket lama datang dah itu paket tidak sampai di tempat tujuan. kalau boleh saya sarankan kepada pembeli lainnya jangan pesan lagi deh barang disini mereka tidak bertanggung jawab,4
maaf pembelian yg ke kali nya kecewa. saya pesan x dus isi malah d kirim dus isi jd kurang,4
penyok packingnya juga kurang aman,0
ini sih bukan m asli mengecewakan udah beli tp gini,4
bagus buat harga rb an. bahan lumayan halus tidak kaku. tidak terlalu tipis tidak menerawang. sepertinya nyaman dipakai.,2
nunchuck nya ga berfungsi.mohon diperhatikan kembli barang yg dikirimkan.agar pelanggan tdk kecewa,4
mantab dikardusin satu dan di babblewrap lg.murah lg.,3
parah bener gan barangnya. melenceng jauh dari alat yg merk lain. tempat baterai sudah berkarat. karena murah jadi ya masih cukup kl bintang . no komplain mahal di ongkir baliknya. anggep saja apes.,0
kecewa jahitanya gak rapih trus itu peganganya amburadul.,4
tidak bisa maksimal hasilnya tetap saja ada yang pecah,1
lumayan buat dipake hari tp ga ada certificatenya,2
kesel ama durasi pengirimannya doang overall barangnya bagus kok,2
pesanan saya tidak sampai ke alamat! saya mau uang saya kembali! saya belum menerima pesanan saya,0
aftersalesnya parah. penjual ga baca chat dan ga bales lg janji tinggal janji,1
ada kesalahan di mc dan hardisknya. gak bisa digunain jd nya psnya. masa gak ke isi game atau mc nya ngeblank. padahal belinya bkn dgn duit yg sdikit dan harus beli kabel lagi karna salah kirim udah gt isi game sndri jadinya. kecewaaaaa sumpah,4
isinya cuma gr diskripsinya kg. udah terlanjur beli bungkus. tolong dong jangan suka nipu alus model gini. kagak berkah tau! parah nih sellernya ngasih duit haram ke keluarganya.,0
barangnya bagus banget. semoga aweet. kalo aweet gua bakalan beli lagi dimari buat cadangaan,3
produk ok packing bagus pengiriman cepat,2
respon dan pengiriman cepat prduk ok harga juga relatif murah thx ya,2
harganya murce bgt drpd jajan yg enggak enggak mending jajan emas untuk ditabung. seller gercep dekat dr rumah jd kayanya bakalan langganan ini. terima kasih,3
kelengkapan sesuai. game nya seru. gaming terbaik. untuk kesekian kalinya beli dsni yang tentu aj selalu memuaskan memuaskan dan memuaskan. intinya seller responsif seller yang ramah komunikatif bgt dah packing jg rapi bgt proteksi untuk pengiriman sangat terjaga barang yang sesuai original dong pastinya proses pengiriman yang cepat terus dapet lagi bonus tumbler nya luar biasa sekali thanks yh gan. buat lo pada yang mau beli dsni langsung aj gk ush ragu sangat recomended sekali tidak akan mengecewakan. perfect mantap top markotop the best of the best. sekali lagi thanks yh gan sukses selalu dah ?,3
barang tdk diterima. pengembalian dana tdk diterima. dan saya disuruh urus sendiri ke toped.,1
herbal lengkap dengan harga oke sudah langganan. ini foto kalo sudah saya masak jadi tim ayam obat,2
tolong di cek lagi untuk baterainya gan baterai bekas dikasih pantes gak mau hidup suaranya,1
merek kereta nya beda banget sama di gambar yg dijual. merek yg dijual keluaran china. dan bukan merek thomas train set tapi thamos train set. rel kretanya juga gk bisa rata stabil. kalo nyari kualitas mending cari yang lain. saya aja ketipu sebenrnya. gk liat review dulu. mgkn kalo penjualnya ngasih barang yg sesuai gambar saya bakal puas.,1
minta warna hitam doff malah dikirim warna warni semua.tanpa konfirmasi,4
pesan yg datang parah,0
barang yg dikirim beda jauh. jepitan jemuran. hilang udh uang sy gak kembali,4
toko penipu.tipu harga. tipu merk. semoga dapat karmanya. amin,0
kecewa. kok brg rusak dikirim. di chat lama responnya sampai batas waktu otomatis habis. padahal sdh langganan lama ditoko ini.,4
barang sesuai build qualitynya cukup oke respon seller jg cepat overall selalu puas belanja disini. thx,2
pelayanan ga bgt deh. saya pakai ekspedisi gojek instan dari jam pagi ternyata baru di proses pihak toko jam sore.,0
barangnya sesuai dgn yg ditawarkan bagus,2
bahan jelek mudah patah .baru dua x pakai saja sudah patah jarumnya dan pegangannya keras sekali sungguh sangat merepotkaan dan membuta kerja lebih lambat .lebih baik beli yang agak mahal tapi lebih berkualitas,1
kata teman yg terjun di dunia musik barangnya kurang memuaskan. mohon diperbaiki lagi produknya. thx,4
produk sampai dengan baik dan dikemas dengan rapi dan kedap. sesuai deskripsi dan tanpa cacat. harga produk yg ditawarkan wajar. response seller juga cepat dan pengiriman juga relatif cepat. terima kasih dan sukses selalu.,2
barangnya cepat sampai terimakasih,2
respon chat cepatrecomended sellerpacking rapi,3
barang sampai dengan aman,2
proses dan respon nya lama,1
istimewa. ane akan langganan trus ama toko agan. ? barang ber kualitas. packing juga di perhatikan keamanan nya. barang tidak ada kerusakan dalam bentuk apapun.,3
puas sekaliii dpt harga flash sale. semua berfungsi sesuai deskripsi. disfuser bbrp tetes aja harummm,2
sendinya ga seret sama sekali ! lossssss ga bisa buat jadi stand ! meyesell banget !,0
buku bagus baru cek sekilas dalamnya tapi gaada masalah sih keknya. b karena detail covernya agak rusak gitu. ya itu aja sih keluhannya,2
hasilnya tahan lama. desainnya mewah.,2
beli warna ungu kenapa warnanya jelek ya ungu pudar,0
not recommended seller,1
sesuai dg deskrip yg jual packing bagus dan tidak ada cacat nanti sy mau pesan lagi.,3
sangat kecewa.barang rejectan di jual.pelayanan sangat buruk.kya ga butuh uang.respon buruk parah.kalo barang ga ada bisa konfirmasi dlu.gak asal kirim yg dibeli apa yg dikirim apa,4
sangat kecewa barang rusak. reseler jualan tdk amanah. klo jualan amanah ya kak biar berkah.,4
seller tidak responsive pesan dan pengajuan pembatalan selisih menit malah ditolak pengajuannya. padahal udah chat pengen ganti tipe barang sama alamat pengiriman tapi gak diwaro. payah,0
flash disknya sudah sampai dengan selamat. packingnya aman bgt rapi dan game aman bisa dimainkan. kayaknya dapet bonus game jg di dalamnya. terima kasih kak! kelengkapan sesuai gamenya seru!,3
penjualnya cukup baik namun untuk berikutnya tolong dibungkus dengan kardus supaya aman dan diberikan tanda bahwa paketnya dilarang ditimpah dan dijemur berlebihan mengingat isinya itu film kamera,2
wae keren. alatnya berasa jadi pengrajin rokok. matap seler ramah pross cepat pengiriman juga cepat.,2
buku kondisinya kurang baik ada sobeknya dan juga audio rusak mesti download sendiri.,1
payungnya bagus. tapi warnanya seharusnya yg ungu tapi yg dtg pink. btw terima kasih buat hadiah pembelian pertamanya. kualitas product bagus. recomended. material bagus.,2
review jujur ya. yg kasih bintang mungkin biar masih dpt garansi kali ya. buku nya fotokopian nya gk bagus. dapet cd begini lagi. kalo mau sekedar ambil buku cliff boleh lah tapi kalo buat kenyamanan baca mending cari yg lain.,4
yang dipesen putih yang dateng kuning. admin udah pastiin yang dianter putih tapi nipu tetep yang dateng kuning. min mending jujur bilang stok kosong daripada barang diganti yang beda jenis.,1
barang sudah diterima dalam kondisi baik. packing aman. makasi,2
ada harga ada kualitas. maaf terlalu rentan bahan nya. ga bisa dipasang ring perasan nya,1
sangat amat kecewa tidak layak jual,4
wo thanks banget untuk kartunya sangat amat menolong sekali buat backpackeran dikorea,2
dari segi estetik bagus banget tapi cengkramannya kurang jadi kalo di pake kadang suaranya geter meskipun bisa dipake. dengan harga segitu sangat worth it apalagi designnya yang elegant.,2
rgb mati dari awal datang penjual gak respon barang gak lulus qc sepertinya yg dijual. hati hati kalau beli ?,1
barangnya buwaguusss. sesuai pesanan. angin nya kencang. seperti angin puting beliung. laptop ademmmm benerrr,3
dabest lah pokokmya pengiriman ke lampung cuma hari. prosesnya jg gercep banget! puas teruuuus ngga pernah kecewa sm original source dari dulu mantap?,3
kualitas bagus sampainya juga cepat terima kasih,2
packing oke.sdh sering beli disini.sippppp.,3
bagus bisa nempel di kayu,2
penjualnya ramah . respon penjualnya bagus.proses pesanan cepat.,2
barangnya udah kami terima terimakasih gan,2
puas banget murah tapi ga murahan. gradasi warnanya elegan. melebihi ekspektasi saya.,3
selama saya berbelanja di tokopedia. ini adalah pesanan dengan layanan tercepat yang saya terima. biasanya estimasi waktu pengiriman ke darah saya hari. tapi paket business is fun hanya hari. the best.,3
terima kasih telah menjual seruling yamaha ori dan barang cepat tiba dalam keadaan baik.,2
bagus banget,3
packing cm kresek tipis jd dus nya rusak gini. kurang recomended cara packing aplg buat produk yg mudah rusak gini. hadehh kecewa,4
pengiriman lama. kemasan tidak bagus.,4
tidak dipotong sesuai permintaan,1
sangat mengecewakan dan tidak profesional.niat membeli layar hp yg terkirim speaker i phone,4
sama sekali ga bisa dipakai pas dicolokin ke laptop bisa nyala abis masukin cd cd tidak terbaca pas mau dikeluarin cdnya ga bisa skrg cd saya masih didalem external cd ini hadeehh jadi nambah urusan,4
barang ok. worth the money. pengiriman ok. yang jelas itu amiibo card sesuai dengan layered armor yang didapatkan. jadi ok. dont be afraid.,2
rugi sudah bayar instant delivery yg mahal tapi ternyata order tidak dicek dan tidak lengkap. pesanan yg seharusnya praktis dan cepat tuntas menjadi berteletele krn harus kirim ulang. sangat kecewa. siasia belanja mahal disini.,4
awalnya seneng karena barang cepat sampai dan bagus ternyata belum sampai sebulan sudah rusak ga bisa dipake lg ?,4
barang diterima dalam kondisi rusak juga di alami beberapa pembeli lain. complain di reject oleh seller tapi tokopedia menengahi dan bisa retur. tapi sayangnya saya dalam situasi tidak mudah mengirim barang. jadi apa boleh buat. sangat tidak recommend beli di toko yang cenderung tidak amanah,1
build quality kurang bagus terdapat retak sehingga air keluar dari sela retakan dan air yang keluar tidak maksimal,1
banyak yang tergores seperti bekas.habis itu bagian bawah kayunya patah!,1
spray tdk sesuai gambar.semprotannya spt mainan pistol anak aja,1
harga cuma rb kurang barang pcs tp alasan trlalu byk ga mau ganti. toko ini kurang ajar,0
biasa disinfectant klo di nyalain api menyala yg ini tidak ! jd ragu!,1
tidak sesuai dengan kapasitas yg tertera di boxnyakecewa pokoknya.kalo bisa gue balikin .gue balikin dah,4
kualitasnya bagus. berfungsi dengan baik.,2
bahannya plastik semuaga seperti yang lain yang agak melamin dan berkilau,4
seller ramah n reapon cepat packing rapi thanks seller.,2
terimakasihbarang sdh diterima dan sudah dicoba rasanya enak.,2
slalu ok belanja disini,2
bahan nya tipisjahitan kurang rapi,4
ga suka barangnya,4
tolong diperhatikan barang yg akan dikirim layaktidak.pesanan yg sy kirim sudah sesuai dari warna dan size tapi barangnya kusam seperti sendal bekas,1
packing good ?,2
barang yang dikirim kotor dan bekas double tape sudah terbuka dan ada rambut deskripsi padahal baru bukan bekas,1
baru pake sekali per nya lepas terus ampas,0
satu dr humidifier diffuser yg sy beli saat saya mulai pasang hari ini di kantor setelah bbrp saat mengeluarkan bunyi yg luarbiasa brisik. waduh sy shock dan kecewa bngt while produk lainnya type sama works well. butuh kebesaran hati penjual utk menukar item yg tdk sesuai spec ini.,4
kecewa berat sama pedagang.warna yg dibeli kosong dikirim tanpa konfirmasi.pdhl sy sudh minta d cancel.sudh dikirim baru bilang warna habis.pdhl harga lumayan mahal.dikirim warna senada pcs.emang sy mau buat seragaman.,4
barang sesuai deksripsi pengiriman cepat dan rapi terima kasih.,2
produk sesuai pengiriman cepat packing aman recommended seller?,3
saya tidak menerima barang,1
barang yang di gambar itu sudah saya bereskan ulang . lem balon nya gak ada . sudah dikomplain ke pihak tokopedia biaya nya sudah kembali ke saya tapi tetep ada rasa kecewa karna penjual lagi tidak menginformasikan ketersediaan barang dan saya lagi perlu banget . maaf dikasih rate segitu .,4
alhamdulillah sudah sampai sabuknya keren cepet nyampenya pada hal baru kemaren sore pesannya .,2
kecewa sekali dengan kualitas botolnya baru x semprot langsung copot seperti itu. terpaksa saya pindahkan isinya ke botol eceran. sayang sekali padahal wanginya enak.,4
jelekkkkk putuss semua talinya,0
barang nya lama dikirimnya,4
bocor! paket basah jd tinggal bublrwrap terikat isolasi aja plus liquid. rasa nya mau gak mau tidak enak. untuk yang lainnya botol kaca aman,0
sebelah tidak bisa diputar.,1
pelayanan cepat dan memuaskan,2
lamaaaa bgt hampir hr. kaya preorder. barang d proses stlh hari itu pun blm d kirim. barang sampe kurang. di komplain awal nya d terima. ga lama d cancel komplain nya. ga ada penjelasan.,1
barang sampai dengan selamat jumlahnya pas motifnya bener bener random jadi pas untuk dijadiin bingkisan. bahannya tipis tapi bagus ?,2
ini seller tidak berkualitas. jawab lama dan barang yg dikirim tidak semua nya dan bertahap x kirim.buang waktu nunggu. padahal sebelum pesan bilang ready stock. dan ongkos kirim yg dibayar sameday ternyata dikirim berhari kemudian. tidak recommended seller jangan buang waktu anda dengan seller ini,1
pengiriman cepat aman banyak bubble wrap. harga pun lebih murah daripada competitor. mantap.,2
barang datang bungkus plastik segel kantong kopi nya udh terbuka semua tidak ada aroma kopi sama sekali kecewa!,4
dijualnya barang yg udah mau expired. pantesan aja koq murah.,1
kecewa kaca lampu yang kecil nya ga ad satu.,4
sesuai pesanan mantap,2
ternyata bukan oriharga sesuai kualitas ya rb bahan plastikharusnya dikasih keterangan di deskripsi,1
ga tau dmn kendalanya tp barangnya sampe ke rumah lama bgt. molor hr dr estimasi sampai.,0
ukurannya sesuai anak saya bahannya bagus anak saya suka. makasih ya,3
proses cepat jahitan rapih?,2
sumbu lilin kecil. nyala susah dan api kecil. jelek.,4
gps adas gak berfungsi. jawaban penjual bertele. jt cm kamera biasa mahal,0
katanya fit to l ternyata fit to m. gambar juga ngak sesuai dengan poto,0
sesuai dengan deskripsi penjua. sudah dites fungsi dan beberapa fiturnya dan berjalan dg baik. kualitas suara tidak mengecewakan. harga yg cukup menarik itupun masih diberi bonus kecil. recomend jd best seller in toped!,3
beli pieces dgn catatan warna yg berbeda tapi datang dgn warna yg sama kesemuanya,4
bagus pengiriman rapi cuma ga sameday ya kayanya kemarin saya minta same day. tapi suka sama sellernya sesuai ekspetasi,2
saran saja kepada pihak penjual untuk cek terlebih dahulu barang yg mau dikirim jangan barang yg gak sesuai dikirim.makan waktu saja.,1
maaf agak kecewa. saya pengguna baru dari farhampton. awalnya saya beli tester rb isi . tester farhampton buat saya jatuh cinta langsung saat itu beli yg ml. ternyata pas sampai ketahanan dan projectionnya kalah jauh dari testernya. walaupun wanginya sama. dan tenyata saya cuma jatuh cinta sama testernya saja. wanginya tetap ok,4
barangnya original . ada garansi ibox. imei terdaftar di kemenperin. masih ada greenpeel. barangnya mulus. sinyal aman. berfungsi dengan baik.,2
kecewa keterangannya yard tapi yang datang yard,4
packing tdk ada sudah tau pengiriman jauh tp tdk dilapisi pelindung. sisi sudut barang rusak,4
mendarat dgn selamat dan ikannya bagus,2
secara overall ok banget,3
wajar lah harga segitu mah baguss,2
saya sangat kecewa belanja di toko ini. respon penjual cuek. tanggapan lama. begitu datang barang tumpah basah. satu minggu baru datang. tidak tau di kirim nya lama atau di pengiriman nya lama.,4
kecewa parah,4
celana semua tidak seperti orderan. minta nomer dan malah dikasih dan .,4
lampunya sering error padahal terhubung ke wifi saklar hidup tapi dihidupin di hp gak mau nyala,4
barang tidak sesuai gambar,1
pengiriman cepat packing rapi dan aman jumlah sesuai dgn yg diorder. terimakasih seller,2
besok tolong diperhatikan lg untuk masalah warna di catatan pembeli pesan warna hitam list silver malah dikirim warna silver list hitam. kecewa berat!,0
material produk bagus. ukuran produk sesuai.,2
kurang lengkap. eyeliner milky white nya tidak ada,4
sangat jelek krn kiriman tidak lengkap,0
proses pesanan cepat packaging aman ?,2
benar benar mengecewakan. pelayanan lambat sekali,4
ok guys mantap berfungsi dengan baik,2
kaget pas dateng ternyata bahannya bagus kualitasnya bagus padahal harganya murah wk,2
ada bagian yang sobek,4
yeay paketan sudah sampe lama tapi baru sempet review semoga dipakenya nyaman dan enak karena belum sempet dibuka,2
sangt bermanfaat kamera bisa digerakan putar kirikanan naik turun ada mengirim suara audio. gambar kamera juga bagus.,2
respon cepat dan ramah. recommended ?,3
oke sih ini. bahannya enak buat dipakai. tebal tipisnya jg perfect buat sy ga ketebelan ga ketipisan,2
barang tidak dapat di operasikan . sudah menghubungi customer service belom ada response,0
barang tidak sesuai no ya besar tp nyatanya kecil,1
bagus kencang sayangnya ada yang patah .,2
cepet nyampe karena pake yg kiriman sehari mic nya ga bsa dpake. chat ke penjualnya bilang nya itu cuma bonusan. so. emang klo bonusan harus dkasi yg rusak.,1
bagus bgt topi nya nnti mau bli lgi ahh,3
ribet pemakaian gk di saranin beli,1
barang rusak setelah seminggu. respon penjual buruk. katanya garansi chat saja tidak dibalas. garansi bohong ! pikir lg deh klo mau beli disini.,1
pesan dikasih ar colouring book nya cuma dan lg diganti ludo pengemasan paket sangat buruk hadiahnya di tekuk?,4
pengiriman lama. cuma penjualnya responsif. blm bisa kasih bintang,2
kurang cm sih dari pesanan. panjang sebelah sama agak kurang rapi jahitan bawahnya. diperbaiki lagi kedepannya. thanx,1
botolnya kurang proper mudah sekali tumpah,4
gk di kirim. uang gojek hilang dehhh,1
tidak menerawang. nyaman dipakai. bahannya adem. jahitan rapi.,2
kurang bagus buat kamera mirrorless masih goyang goyang,4
bagus kotaknya harga nya murah. pengiriman cepet.,2
ukuran sesuai. bahannya tebal. modelnya kekinian. jahitannya rapi. nyaman dipakai si kecil. packagingnya rapi.,2
barang sesuai pesanan. tp seller luar biasa responnya cepat n barang sdh sampai lebih cepat dr estimasi. sukses selalu n sehat selalu y gan. terimakasih,2
barang bagus .tapi sangat mengecewakan sekali pesan rok hanya di kirim yg lg entah kemana .gk ada responnya lg .yg jelas tidak ada etika baik buat buat ngirim rok sy yg lg .main curang sy merasa di tipu .dan sy sangat sangat kecewa. saran sy barang bagus tolong imbangin dengan kejujuran biar berkah.salam jujur jngan main curang,4
produk berfungsi dengan baik. produk sesuai. udah dipake. makasih yaa,2
cakep bangetttt mulus sesuai ekspektasi. thank you ya,3
seller fast respon nice packing kardusbubble wrap game udah pasti lancar jaya.,2
warnanya cantikbaunya tidak menyengat harga terjangkau pengiriman cepat packing aman.,2
tidak berfungsi untuk aki normal padahal baru beli langsung di cas led indikator nya ngga jalan,4
barang sampah. bilang authentic ternyata barang kw. saya beli box sudah saya tanyakan kepastian katanya authentic. saya pakai baru berapa jam sudah pahit. barang kw semua.,0
di minta warna dusty sma abu abu di kirim abu abu ama pink,4
brang nya kurang item beli yg dtng,1
saya nanya baik ga niat komplain jg tp dijawabnya kok gini bgt sangat ga ramah sombong sekali,0
pengiriman lambat sampe sekarang dana saya belum dikembalikan harusnya penjual info kalo barang tdk ada atau uang dikembalikan. samoe skr ga diaksi parah,0
bukunya original bagus tidak ada cacat. sayangnya saja respon dari penjual lama sekali bahkan tdk di respon.,4
barang lucu dan unik pengiriman barang jg cepat.,2
ngeliat review nya yang bintang satu kebanyakan bilang semprotannya rusak ternyata bener saya kebagian yang semprotannya rusak juga mohon untuk pihak kahf sebelum produk di kirim dilakukan pengecekan terhadap produk nya terutama di bagian semprotannya cukup kecewa dengan produknya,4
top bgt ?,3
green screen sudah nyampe bahan cukup tebal mirip ntah sama dengan positiveie bag yg bagus warna hijau cerah oke lah buat green screen,2
respon sebenernya cepet tapi pas sampe barang nya ada penyok dikit tp g masalah. pengajuan komplain krna sleting g bisa ternyata banyak lem tembak pada nempel nutupin jalan sleting dan akhirnya benerin sendiri. untuk kuncian sampai sekrang g bisa. padahal kode,4
kualitas produk bagus . jahitan rapi. potongannya rapi. desainnya cantik .,2
ada satu yang salah dong pengirimanya gimana kurang teliti,1
barang tidak d kirim komplain tidak d respon,1
cocok buat bersihin layar hp yang cepat kotor karena kena keringat garagara main game atau dipakai telepon. cairan pembersihnya bening dan setelah disemprotkan bentuknya jadi semacam embun gitu dan engga berbau. bentuk alatnya compact dan sekilas mirip vape tapi mungkin ukurannya agak awkward untuk disimpan di saku kecil engga besar juga engga. pengirimannya juga cepat. overall puas belanja barang ini di sini.,2
innalillahi. gan klo jualan yg jujur. agan jual kg knp yg dateng yg gr .gw apal bangt kantong gr sama kg . dah sering beli . gr ya tagih di akherat yaa gan . makanan kucing aja paki bohong jualan nya. nauzubillah. terakhir gw belanja di toko ini . ngga berkah loo gan rizki nya dg cara nipu kaya gini. biar diterkam kucing loo nnti di akherat nya.,0
mevvah bro thx u fast respon dan fast delivery .recommended ?,3
barangnya sudah sampai cepet banget. recommended lah. tengkyuuu,3
terlalu ringan .ada suara glodak glodak saat di hidupkan .ga proper sbg penyedot debu baik setara penyedot debu murmer .hanya design saja yg dijual,1
produk ada yang cacatbolong dari pabriknya pengemasan kurang aman barang ada yang pecah karena bantinganbenturan.,1
to be honest ! barang rusak tangkai patah dikirim saya salah juga pas buka ga di video unboxing. but overall sangat sangat mengecewakan sih kualiatas barang ini toko padahal sudah di kasih notes waktu pemesanan harap di check dulu min barang sebelum dikirim. kapok sih klo saya !,0
beli pepsodent paket pcs tapi yg dikirim di complain malah minta video unboxing. gue tau isinya kurang karna gue buka paketnya! wey kalo gue tau isi paketnya kurang udah gue buat video dari awal!,0
barang ngga sesuai. minta warna hitam yg dikirim warna biru. pas chat tulisannya all ready stock ujungnya bilang barang yg diinginkan habis lalu main kirim yang tidak sesuai dgn permintaan,0
celanany ga masuk k kaki anak saya.padahal pesannya udh d naikan ukuran.,4
parah respon nya butuh hr sejak order baru dikirim granola nya jg ancur semua,0
material dan packaging nya bagus dan rapih tapi halaman di bukunya banyak banget yang kebalik. halaman yg harusnya ada di awal malah ada di akhir buku jadi ada yang harusnya di tengah buku malah di akhir buku jadi bacanya pindah pindah bingung dan ga nyaman.,4
pesenan sy g di respon giliran sy cancel langsung di respon dan di kirim. dan juga bicaranya ngajak ribut. kapok sy belanja sprti ini. jika msh ada toko ky gini lagi berhenti sy pake aplikasi tokped,4
beda sekali kwalitas nya dgn penampilan foto.,1
barang udah sampai dan diterima sesuai pesanan. top markotop gan. mantap lah pkk nya gan. thx u gan. ?,2
udah banyak kali restock dan selalu kembali ke dr soap aja pdhl diluar sana banyak juga handsanitizer yg lain tapi yg trpercaya hanya dr soap deh ?,3
mantap donk. produk original.,3
percuma jg kasih buble warp dikasih brg reject pabrik ga bs kasih pot.pula rese,0
produk berjalan dengan lancar dna sangat membantu bila bepergian keluar negeri,2
produk dan layanan bagus serta terpercaya,2
tidak dikrm eksp dan toko gak bertanggung jawab.,1
pesanan di terima dengan baik.maknyoss,2
packaging rapi shg lilin datang tetap utuh response penjual cpt,2
produk yang saya terima kondisi motor sabliziernya kurang baik al hasil video bukannya jadi mulus malah unstableized,4
warna ga sesuai.,1
kaos kakinya sesuai dengan deskripsi.,2
barang sesuai deskripsi,2
proses cepat pengiriman juga cepat dapet promo juga thanks seller,2
tidak sesuai ekpetasi.,4
proses cepat pengiriman cepat packaging sangat aman barang terjamin tdk ada bocor.,2
lama pengirimanya,4
barangnya sudah ga enak lagi udah beda rasanya,4
beli tgl . pesanan selesai tgl dan.mouse rusak tgl gak bisa komplain dari toped lagi. admin ditanyain gmna cara klaim garansi sangat tidak membantu chat hari ini bales besok.da dibales gk di jawab lagi,0
kurang kuat.lem nya lemah,0
transaksi cod gampang kirimnya cepat sampe packingnya rapih smoga produknya cocok nih.,2
baru datengbaru di coba malah udah copot yg bagian kananudah coba di perbaiki trus coba di pake lagi masih copot juga,1
ga sesuai dengan banner nya katanya free teflon tapi teflon tidak dikirim sangat kecewa,4
packing rapih.pengiriman juga lumayan cepat.,2
nyaman dipakai . kualitas bahan bagus . bahannya adem.,2
barang asli nya tak seindah yg difoto,4
cepat dan packing amanah bgt.kualitas susu sdh terjamin enak dan bermanfaat.thanks.,2
kualitas barang jelek.penguncinya sudah patah saat baru dibuka.,0
sedih bgt belom ada bln waxingnya udah rusak dan gabisa dipake lg padahal baru dipake x. dr awal dtg tutupnya penyok dan ga terlalu kedap udara jd pinggiran tutupnya rada basah. trus selama bln lebih disimpen di suhu ruang trus tutupnya selalu rapet tp pas mau dipake lg taunya udah banyak semutnya pas dicoba pake spatula teksturnya jg mirip madu jd rada cair dan gamau lengket lg katanya kalo cair buang bagian atasnya aja ini mah ampe bawah semua teksturnya kayak madu berarti dibuang semua dong? sedih bgt mana masih banyak lg sayang bgt,4
cepet bgt pengiriman ny cma shari nyampee? masker ny enak bgt d pake mudahan jerawat ku g muncul lginyaman di kulit. proses pesanan cepat.,3
uenak bangetzzz?udah berulamg kali order,3
sesuai harganya build quality nya kurang bagus. material bodi nya dari plastik jadinya kurang kuat nahan beban hp yg agak besar kadang bisa jatuh tripod nya kalau hp nya di posisi nunduk. setelah tahun pemakaian batang mount nya patah. note di foto saya pasangin tripod nya dgn holder merek lain holder bawaannya kurang bagus.,4
polanya kurang pas. negativean pas tapi lengan terlalu kecil.,4
saya sangat kecewa . barang belum sampai . kok sudah di selesaikan . tolong di lacak yang betul .,4
sudah nga secepat dan serapi dulu,4
barangnya original . desainnya modern .,2
cinta bangettt sama produk ini. rambut jd lembut dan wangi bangettss. always pake shampoo ini mah exp dan packingan mantap,3
respon dan pengiriman cepat. barang sesuai pesanan lengkap dan tidak ada yang patah atau pecah. hanya pengemasannya yang sangat tidak aman,2
puas barang cepat sampai dan sesuai yg di harapkan,2
respon cepat gosend ke pamulang cepat dapat diandalkan tepat saat dibutuhkan kualitas okeee bgt untuk harga segitu hasil juga cukup memuaskan thank youuu,2
barang sesuai gambar sipp,2
pertama transaksi semoga berkah dan next order lagi ?,3
selalu puas.mantab,2
kecewa sekal,4
barang originalaseli dan aman,2
sy terima package makanannya sudah rusak dan terbuka . apa bekas ini ? sangat kecewa,4
tiba tiba patah dasar baut patah ane lem aja moga masih bisa terpakai. mo di balikin rugi di ongkir terima nasib aja,4
barang di terima banyak yg bocor keluar dan banyak yg kosongbarang tidak sesuai deskripsi,4
barang datang aja gak sesuai ukuran,4
satu lobang tali sepatunya besar sekali seperti lobang di tusuk dua pulpen sepatunya tidak di cek pada saat mau di kirim.,4
kirim barang tanpa diperiksa lg tidak bisa.di pungsikan colokan kabel cas ggk di bisa masukkan kelubang utk cas nya jd ggk bisa ngecas ?,1
paket dikirim kurang hati aja yg beli disini memang murah tapi seller tidak respon banget tidak mau di komplain mending beli ke seller lain !,1
mantap barangg cepeatt sampaii barang bagus penjual nyaa fast respons banget packingan oke banget aman sampai di tempatt. barangnya kerennn bangettt,3
puas banget ?,3
puas banget ? barang sesuai harapan kualitas bahan bagus dan kokoh.response penjual sangat baik cepat .terima kasih banyak gan?sukses selalu ya.,2
lacinya sering macet tidak terbuka otomatis,4
mending cari penjual lain klo mau beli pet cargo masih banyak seler lain. dr seller berat di markup kg. asli nya berat cuma kg dr ekspedisi. dg alasan dimensi. padhal barang nya masih wajar karena dalam bentuk blm di install kecil ringan. saya pernah beli di seller lain gada masalah dimensi sampai kg lebih.,1
ada satu kurang kabel satu. jadi tolong lebih teliti lagi dalam pengiriman nya,1
sukaaaaaaaaaaaaaaa dan lucuuuuuu,3
jam nya mati tidak bisa di hidup kansudah di tekan tombol onoff komplain tidak ada respontolong jgn jual jam matirusak atau di cek dahulu sebelum di kirim,4
udah tambah buble wrap tetap aja tipis packingan nya.,1
tapi ga dapat bonusnya huhu,4
barang sampai dan sesuai harapan.,2
udah pernah beli ini sebelumnya dan udah abis. jd skrg beli lagi makasih ka,3
chat tidak dibalas pengiriman baru diproses ketika masa aktif sdah habis kacaw?,0
mantap pengiriman luarbiasa cepat.barang oke,2
pesanan tidak sesuai. mmg sperti ini atau adminnya saja yg krg jeli trhadap jenis parfum yg dipesan.,1
bahannya beda dari orderan yg warna coklat dan baru di pakai sekali langsung robek,4
positive seller fast respon fast delivery rapih tidak cacat positive product diterima sesuai gambar serta deskripsi. recommeded seller!,3
pengiriman cepat packing aman,2
thanks barang udh sampe cepet bgd tp maaf blm coba barangnya dan blm sempat fotokurir juga oke thanks gan moga bermanfaat,2
persediaan stok buat kakak sekolah selalu joyko pilihannya barang original. terimakasih buat pelayanan yang diberikan terbaik deh,2
jumbo ternyata setelah di buka ukuran nya cuma setengah kardusnya. ?,1
barang yg saya terima dari hanya kondisi masih bagus dan layak pakai,1
saya pesan hitam yang dikirim warna kopi. next please lebih teliti lagi kalau warna hitam nya gak ada please di info.,4
barang cepat sampai bolamnya awet dan terang banget tokonya baik kurir baik jangan ragu beli di toko ini.,2
uda biasa blanja di abbot baru kali ini dateng penyok semua.ga tau ini promo gara emang abisin stok penyok atau toko cabangnya yg bermasalah yg uda pasti ngga bakal belanja lagi di toko cabang d.,0
gila.pengiriman cepet banget.dr surabaya ke bogorfast respontbarang oksesuai bangetpacking rapi.recomended seller euy?ma kasih gan.thanks toped,3
barangnya palsu atau gimana?kok lengket?saya pernah beli tefal saus pan tapi engga lengket.jangan mau beli produk ini.lapor tokopedia aja mending ya?,1
beli pd gosong semua?baru apa bekas nih? biasanya beli ga gini. untung asuransi hari.,1
barang sesuai deskripsi bagus murah packing dan lainnya rapi recommended bgt deh,3
ga sesuai ama yg di fhoto pas nyampe lilunnya kecil. buanged ukurannya,1
cuma nambah gatel aja kasian liat kucingku,4
pengiriman lamaaaaaaaaaaa banget hampir seminggu,4
barang yg di pesan sesuai dan packing rapi,2
barang sangat berkualitas sebanding dg harga kelengkapan banyak sudah dapat tas panduan yg jelas dan buku moderator tebal. box kartu juga tebal. mantappl,2
over price dgn kualitas barang yg tidak kokoh dan melorot . untuk seller ini saya review jujur ya jgn sembarangan bilang gak jujur! harga anda sama kualitas gak sesuai. yg gak jujur adalah anda sendiri yg membujuk saya via chat merubah review dengan iming free gift saya tolak krn itu membohongi diri saya sendiri. berarti gak semua review itu asli mgkn sebagian bujukan seller untuk merubah review spy terlihat bagus pdhl mgkn kasusnya sama dengan saya kecewa dgn produk yg over price!,0
bahan bagus hanya di bagian jahitan mudah lepas,2
warna tidak sesuai dengan keinginan padahal sdh dichat,1
barang amat sangat mengecewakan tidak layak pakai. jangankan untuk menahan beban kg untuk menahan beban nya sendiri ajah gk mampualias gk nempel,4
gak nyesel beli di sini sudah harga terjangkau kualitas bagus rekomendit banget deh pokok nya buat beli disini dan juga lengkap lagi. happy belanja di sini.,3
palsu tapi bisa dipakai dan harga terjangkau ?,2
hadiah gak di kirim toko offical tapi gak amanah kapok dah,1
penjual ramah barangnya bagus sesuai dgn pesanan packing rapi padahal cmn pesan .,3
admin ditanya respon cpt dan ramah barang cpt sampesampe dgn rapih.tata cara install lengkap dijelasinsisanya dipandu.sangat sangat membantu dan baik adminnyarekomended bgt. next pasti beli disini lg. puas bgt,3
barang robek krn jahitan tdk rapi selebihnya baik,4
mengenai barang sdh sesuai. respon sangat lambat. saya minta dikirim pake sameday jam. barang baru diantar dan keterima di hari ke cat transaksi sebelum jam siang. packing barang saat pengiriman sangat seadanya. tidak rekomendasi deh klw buat yang barang pengen buruburu diterimadipakai.,1
bagus ori banget dan cepat pengiriman barang nya thanks,2
barang mantap,3
barang ok sesuai pesanan,2
kecewa sudah di tunggu hampir sebulan barang gak sampe malah return,4
rendangnya lembut n enak.bngett. pengiriman cepat. rekomended deh?,3
barangnya mantabs bingittokonya recommended banget,3
pinggiran buku sobek mungkin karna packagingnya,4
sayang banget analog kanan sama tombol arah ngga berfungsialangkah baiknya di tes dulu sebelum kirim,1
sellernya responsif banget semua pertanyaaan dijawab pengiriman sameday nyampenya juga sameday mantep rekomen deh ni tokonya,2
beli obat diikrim dus kosong maksdya apaan nh mau tipu konsumen apa masdya,0
desain ergonomis. gampang dipakai,2
untuk kualitas ternyata sama dengan merk china lain p juga yang harga nya rb an bahkan lebih bagus merk lain di rb an. lalu untuk pengiriman lambat sekali dari official store pesan tgl sampai tgl sehingga saya tdk sempat menggunakan pada zoom meeting dan harus memakai hp. cukup kecewa dengan produk dan pelayanan logitech. kalau utk keyboard nya dan mouse nya emang cukup bagus bbrp model nya tapi sy kapok beli disini karena barang akan hanya di proses bbrp jam sblm pembatalan walaupun pesan nya di hari biasa.,4
mic speakernya rusak suaranya terlampau kecil banget nyaris gak bisa dengar. hmm not worth it. gak di cek dulu sebelum kirim!,0
tali tas nya mau putus,4
pengiriman lambat seminggu baru sampai. bagi yang membutuhkan cepat lebih baik beli di supermarket langsung,1
barang dah sampai sesuai pesananharga murahnamun pengiriman agak lambatmungkin karena toko nya tutup selama beberapa hari. gak masalah. makasih gan,2
keren sdh tiba kartu remi nya packaging aman .,2
lcd kamera lepas dari posisinya. semoga lebih teliti dalam memelih barang sebelum dikirim atau dicek,4
mantap sesuai deskripsi. terimakasih,2
pesanan sudah diterima bagus dan sesuai thxxxxxxxxxxxxxxxxxxxxxxxxx,2
lampunya terang. pancaran cahaya lampu yg baik. produk original . langsung pasang tinggal liat cahaya mlm gmn!,2
bagus banget bahan nya juga adem ini bakal jadi langganan saya order baju tidur untuk suami ?,2
sdh pembelian berulang lumpianya enak packingnya bgs penjual responsif dan pengiriman cpt.,2
barangnya agak ringkih dan kecil dan saat masang perlu hati krn besinya agak tajam krn saat kita masang kmrn jari kami sempat tergores ?,4
barang bagus sesuai deskripsi tinggal setting sesuai kertas petunjuk. pengiriman cuma sehari pdahal jktsby. kalo mati bakal ke reset ulang. mantap,2
penyok parah banget gk layak jual dan sobek parah. padahal udh sering beli dikasihnya jelek banget. gg bang,4
nggak sesuai yg diiklanin airnya loyo.,4
menggunakan bahan alami. aman buat kulit bayi. nggak lengket. nggak memicu alergi. melembabkan kulit bayi. tanpa bahan pengawet. packaging rapi. packaging aman . respon penjualnya top. proses pesanan cepat. penjualnya ramah bange,2
barang sesuai gambar dan deskripsi namun tali nya kependekan.,2
barang yg dtg gak bagus.plastik busa gt dan bagus kualitasnya bs dilihat di gambar saya ya,1
respon seller ok.packaging rapih. pesanan sesuai. kukisnya enak teksturnya pas hanya masih kemanisan mnrt sy. kalau dikurangi sedikit manisnya lebih ok ?,2
ckup bagus.terimakasih,2
tidak dikirim lilin nya padahal sdh beli,1
padahal order siang tapi pesanan baru dikirim di hari esoknya bukan di hari yang sama. gak rekomended tokonya !,1
kamera yang saya beli baru dipakai hari sudah layarnya rusak. dengan harga yg cukup mahal barangnya tidak bagus mutunya.,4
beli pcs tapi yang rusak,1
pengiriman lama banget. dari order tiba di tujuan hari. padahal order tempat lain hari sampai,0
bintang karena packing ga pake bubble wrap walaupun sampai dengan selamat tanpa ccd. penjual fast respon proses barang sesuai dan terdeteksi sebagai xbox controller colok langsung pakai tanpa perlu config,2
fast response diproses dikirim langsung dikemas dengan baik rapi sangat aman pengiriman sangat cepat harga ekonomis murah pesanan lengkap sesuai kualitas produk sangat baik lentur melekat kuat trusted seller produk penjual sangat direkomendasikan terima kasih.,3
barang sampai terlalu lama padahal masih dalam kota. casing mudah lepas. jujur mengecewakan.,4
pemasangan mudah karena aksesoris pembantunya lengkap produk juga sesuai ekspektasi,2
kualitas produk diragukan dan sudah komplain tapi jawaban kurang membantu,4
barang pecah bagian atas kecewa,4
proses kemaskirim lama seller ditanya hanya jawab mohon sabar mohon tunggu. tidak kasih kepastian kapan kirim. hrs nya dijawab bisa tidak. end up barang di pickup sendiri ke gudang kurir krn perlu.,0
jelek banget gak bisa di pakai ini mah maskernya berbulu bisa dilihat foto tsb,0
barang tidak sesuai gambar.bukan original. kaitan plastik semua.di gambar kaitan stenlessbesi,1
ukurannya pas. cepat menyerap. tidak membuat lecet.,2
wanginya kurang enak.,1
deskripsi produk tdk jelas usb tdk cocok di hp samsung,4
recommended seller buat pelapaksesuai pesanan.to markotop,3
kecewa sekali masa sekelas pg packingnya kayak gini cuma dilapisi plastik bening udah tau pembalut wanita yang sifatnya privasi pengirimannya juga lama,4
pengiriman cepat packing aman respon penjual baik harga oke lg promo. terima kasih,2
barang tidak ada komplain tidak direspon.pelajaran buat yg beli disini cek hati saat datang,1
plastik yang uk. x itu tebel bnget bagus. yang uk x agak tipis. pengiriman cepat lumayan. thanks,2
ujung kabel colokan dari gagang telepon ke pesawat telepon sudah tidak bisa terpasang sempurna.,4
produk ok sesuai gambar,2
not recomended seller gara ini toko . surprise buat ultah moment yg penting hancur gitu aja . parahhhhh .nyesel bangetbanget belanja ditoko ini !,4
packingnya cukup oke ada segelnya jadi aman. kelengkapan elemennya juga ada,2
saya beli mohon maaf sebelumnya sudah saya minta tolong untuk mencoba tes fisik dulu sebelum kirim. tdk tahu d coba atau belum tp sepertinya tdk d coba. alhasil ada yang cacat. ujungnya pembeli harus return. itu hal yang merepotkan pembeli. maaf saya beri b,1
jauh dari warna difoto,4
barang tidak sesuai,4
pengiriman lama banget kurirnya gagal pickup terus.setrikanya ternyata besar dan lumayan berat. packingnya tipiss cuma bublewrap selapis.kualitas strikanya jg kurang menurutku soalnya ga terlalu panas jd lama setrikanya,1
bahan nyaman adem. hepi harga worth it dpt diskon,2
tidak diinfo dent dent ny. tidak memberikan kejelasan msalah battery. cukup kecewa tpi mesin jalan dengan baik. batt capacity tidak .beset kanan bawah pesok bag monitor atas dan bawah.,4
ga ada kartu garansi alasannya kalo resmi ga ada kartu garansinya. aduh boong bgt temen saya sales samsung dan ttp ada. dari awal dus udah letoy bgt dan robek. ini bukan krn kurir soalnya logika aja bubble wrap tebel kok dus robek sedangkan bubble wrap ga robek sama sekali. ga ada headset casan ga di plastik kertas bawaan semua cuma pake kertas tipis kaya hvs glossy. bener kaya kotak bikina sendiri. saya udah chat penjual jg ga ada penyelesaian. hpnya sih ga ada lecet baret atau apapun. smoga awet dan bener asli,1
udah langgganan banget belanja imboost disini semoga laris manis jualannya ya kak. terima kasih ?,3
salah size.minta xl dikirimnya s ?,1
kecewa karena pengiriman yang lama. katanya garagara pembatasan pengiriman karena covid. pesan tgl baru diambil untuk dikirim tgl dan saya terima tgl . masih bisa dimaklumi. tapi eh pas udah diterima ternyata cuma dpt kotak padahal pesan .,4
mantap tajam. kualitas produk bagus. produk sesuai.,2
mantap gan barang sudah sampai dengan aman makasih gan ?,3
tadiinya mau pesen beda model tp g bisa kata selernya. terpaksa pakai dah mau gmn lg,4
senang banget ada home servicenya!,3
alhamdulillah seperti biasa repeat order di sini free ongkir rasa enak harga murah dan pastinya gurih mantap krupuknya,3
udah repeat order x disini. so far puas ?,2
fast respon next bakal order lagi disini thank you,3
ukuran sesuai. nyaman dipakai si kecil. bahannya berkualitas. proses pesanan cepat. empuk buat jalan. modelnya keren .,2
diluar ekspetasi banget sambelnya gak seger agak bau gada pedesnya malah manis packaging nya sih bagus,1
yang penting keluar suara deh. soal kualitas suara maaf ya mungkin mirip sama mainan anakanak berbentuk handphone.,0
packing rapi barang lumayan.,2
murah banget. kualitas bagus. nyaman dipake,2
produk tidak ori kwtidak bekerja dengan baik.dikirim pgp tidak bekerja di hp saya lenovo n advan.cuma jadi bangkai.after sales burukrespon seller kurang.no recommended.,1
barang tidak sesuai gambarmengecewakan,4
sudah ke x beli disini . barangnya asli dan penjualnya baik sekali . terima kasih kak . ?,2
barang sudah sampai?,2
gak fungsi walau udah di charge seharian. apes aja ini mah,4
dapat kain microfiber fungsi mau dicoba dulu kalo buat sekarang ? biar tokonya joss ?,3
pengiriman cepat packaging rapi produk sesuai pesanan kualitas produk sesuai harga,2
bahan panas ga menyerap keringat motif printan nya agak buram,4
pengiriman lama barang sesuai harga tlg qc nya lebih di perbaiki ada bolong bks jarum di jahitannya ada garis putih di kerudung abu yg lbh keliatan,0
barangnya tidak berfungsi boxnya sudah kebuka,1
bagus bgt sumpah.harga juga murah bgt,3
saya belum terima barang sampai tgl pdhl diperkirakan sampai tanggal . status pengiriman sudah sampai di pembeli padahal belum minta update hari jawaban sama aja. saya minta uang saya kembali aja.,1
salah satu unitnya kedip harus di ketok dlu baru nyala ntar kedip lagi malahan gak nyala harus di ketok lg lampunya. satu unitnya lagi perfect tidak ada masalah. thanks,4
fast response pengiriman cepat packing aman dan rapi buku ori harga bersaing,2
alatnya eror,4
kendaraan menjadi kinclong kembali! mantap. kendaraan menjadi kinclong kembali! mantap. senang banget bisa di pasangin di bengkelnya. senang banget ada home servicenya.,3
kata penjual biru muda ternyata biru tua. tidak ada kemasan kotak hanya plastik biasa. kain jilbab juga susah dibentuk sehingga tidak rapi. tidak sesuai ekspektasi saya,4
barangnya oke dan harganya jg terjangkau. packingnya rapi bgt. jempolan sellernya,2
cepat sekali pengirimannya. sudah di coba produk sesuai deskripsi praktis dibawa kemana skrg sudh gk lagi layar hp yg kotor dan brminyak.,2
bahannya nyaman . nyaman di punggung. beban tersebar merata. desain ergonomis. gampang dipakai. penjualnya ramah banget. bahannya fleksibel.,2
bahan tipis jelek,0
overall semua oke seller respon dan pengiriman. tapi untuk talinya kurang kuat baru beberapa kali pake sudah putus. next agar dibagusin lagi ya.,2
bukunya sampai dengan selamattt tapi sayang banget di beberapa sudutnya ada sedikit damage,2
pc warna pink. lampunya copot. di chat complain gak dibales. kecewa sedikit,4
gak bisa di pake kecewa jadi barang sampah deh,4
tidak sesuai harapan barang sangat kecil jadi susah buat dimainin,4
maaf kak kok sy pesen celana yg warna abu malah dapet kaos dalem ya mohon dibantu dong ka soalnya sy g enak ke sepupu sy tdnya mau ngasih celana malah dtgnya kaos dalem,1
kali ini kecewa kurang puas beli mukena dsini packing standar banyak noda kotor di bawahan mukena bagian atasan mukena bnyak benang keluar jd kurang rapih bahan seperti panas karna kasar bahany warna pinky tidak soft seperti gambar maaf pinky seperti warna taplak meja hajatan selera sih klo sya ga suka beli saat flash sale ukr sih besar cukup untuk orang bb kg.,4
packing aman produk sesuai. kualitas produk bagus.,2
bahan tipis seller ramah ekspedisi cpt,2
busanya kotor,4
gak ada sablon di box nya harga mahal pula,0
produk ada goresan ga rapi dan ada kotoran di pinggirannya. kiriman cepat smpe.,1
bagus alatnya harga sesuai dengan kualitasnya tp msh masuk akal dibanding merk yg lain dengan harga diatas kualitasnya sama seperti ini untuk seller juga responnya cepat tanggap. mantap ?,3
mantap .dislorikin aja .bro,3
bahan dan konstruksinya tidak kuat mudah patah.,1
bagus banget lilinnyakata kakak ini lilinnya sultan,3
mantab produk sesuai deskripsi material produk krg rapi packing aman dan pengiriman cepat thx seller,2
barang tidak sesuai gambar kualitas seperti harganya murahan. kapok belanja disini lagi.,1
barangnya gx sesuai sama yg d gambar,1
order ke dua dan mantab,3
terimakasih recommended seller,3
warnanya cantik ? bahannya adem tebalnya pas! jahitan rapi. ini keren banget si harga terjangkau kualitasnya oke. pelayanannya okee,3
pesen hitam dikirim putih.parah. mau direturn ngga keburu soalnya barang tsb buat kado ultah hr ini. makanya saya pake same day. padahal sdh sy ingatkan loh tolong dicheck dulu sebelum dikirim.,0
order minggu sampainya rabu lambat nya minta ampuun di tanyain baru info kalau overload orderan itupun baru selasa dikirim ga ada konfirmasi awal kalau overload orderan. ga tanggungjawab.,0
selucu itu dapet free photocard juga dongggggggggggg ? happy ?,3
admin cekatan barang sampai tepat waktu paking rapi ?,3
baju nya tipis. model celana nya juga gak sama dengan di foto.gak real fict mnurut saya.sablon nya licin sekali cuci dijemur lengket dan lepas. nyesel belanja di sini gak sesuai dgn expektasi saya,1
kencang dan nyaman. aman untuk aktivitas. dijamin termurah.,2
dari kaca plastik yang saya pesan rusak. itu berarti barang yang saya terima adalah barang cacat. toko ini tidak bisa dipercaya dan hanya menawarkan ganti rugi sebesar ribu per item barang rusak atau sekitar dari harga beli saja. itupun melalui proses yang berbelit belit. jadilah toko yang bisa dipercaya,1
kurang puas sama dompetnya,4
bahan nya tipis.nyesel beli .harusnya test dulu hahaha.maaf ya.cuma bisa kasih bintang,4
keras sekali. sampai tangan sakittt . yg dijual paket bagus. yg dijual lepasnya beda bgt. nyesel beli banyak.,1
mengecewakanproduk encer jadi harus mengecat berkali hingga xmemang harga menentukan kwalitas!,4
celemekny dah datengpacking hanya diberi kertas amplom coklat pengiriman cepat,2
repeat order! seller komunikatif pengiriman cepat fast response.,2
paking rapih kondisi barang datang mantap. kualitas sesuai harga. joss,2
pertama pake normal baru menit volume suka kecil sendiri liat riview disini jg banyak masalah barangnya. . nasib barang promo,4
jangan belanja ditoko ini ! penipuan ! yg dikirim barang murahan dan gak mau diganti selisih harga !,1
kualitas main amat buruk.,4
tidak berfungsi.,0
tripodnya berkualitas. produk sesuai deskripsi. packingnya aman . cuma sayanggak tau kenapa bagian tengahnya gak bisa di pasanggak ngait di aluminiumnya malah lepas terus gak bisa nahan beban hp.paling bs di lem dlu bru di pakai.thanks tokopedia dan toko yg terkait.smga lancar usahanya? overall bgs.,2
beli brg sale pengiriman via grabsend tapiii dimintain biaya parkir sm driver nya aneh bgt!,0
barang tidak datang dana gk kembali,1
pesan tanggal maret jam pakai pengiriman instant sampai nya tanggal maret. padahal sudah bayar mahal dikirimnya keesokan harinya. bukan salah pengantarnya driver gosend nya sudah mengantarkan paket dengan baik. tapi durasi proses dari toko sangat lama. padahal butuhnya tanggal maret makanya saya pilih pengiriman instant. saya juga sudah tanya pihak toko jika paket bisa dikirim hari itu juga atau tidak jawabannya bisa. tapi kenyataannya paket saya tidak dikirim pada hari itu juga. kalau tidak bisa dikirim hari itu juga ya bilang. saya juga sudah ajukan cancel pesanan juga tidak ada respon dari penjual. pelayanan sangat sangat buruk. tidak recommended. semoga lebih baik lagi kedepannya.,1
mon maap pemesanan ke ini rasanya beda dg pemesanan pertama yg luar biasa enaknya. yg ini lebih pahit drpd sblmnya. lagipula pada pemesanan ini saya menemukan rambut di dalam kopinya mohon dijaga kualitas dan rasanya meski bnyk pesanan ya. tks.,4
pesan yg datang karung sbagian banyak yg bolong ga bisa buat beras lagi.,4
sangat kecewa tidak seperti dulu. pakcing sangat buruk. box kayu hancur. beli bh untuk jual lagi. gak ada yang bagus. retur kena biaya lagi. terpaksa kami jual tanpa box kayu.,4
pengiriman dan baramg sesuai yg diharapkan,2
pengiriman cepet banget bahan dan kualitas bagus banget ?,3
suaranya bagus jernih tapi buat discord kayaknya kurang deh untuk rekam audio padahal bagus. worth the price.,2
pedes nya over dibanding isinya yang dikit. yang gak kuat pedes over not rekomended,1
packing hanya pakai selembar plastik kresek kertas basah semua,1
beli barang yg dikirim beda tinggi. tdk sesuai pulak pdhl sdh klik ukuran dan hrg nya pun mahal. jd penjual yg jujur lah biar hslnya pun berkah,0
saya bru pakai hari tp sdh berbulu dan kelipet.,4
kecewa kali bru beli aja udh lepas halaman pertama . ntah buku asli atau g nih . packing jg kurang .,4
admin cs nya ga nyambung ditanya apa jawab nya apa,0
barang tidak sesuai dgn yg di gambar bukan plastik keras dan sepertinya tidak bisa utk menumpuk sepatu.bingung cara merakitnya.plastiknya mudah meleyot.sangat tidak puas.,1
gimana ini ya saya beli celana dalam hitam grey pink kok ukuran nya beda beda yang pink paling gede grey kecil banget,1
yg black metalic produk jelek. disemprot x sudah mampet. tidak bisa digunakan,1
pesan warna putih. karena yg putih kosong dialihkan ke hitam. ee yg datang merah maron. pusiiing. kayaknya ngak siap melayani,1
baguus banget puaslah dengan carote. ditunggu promonya lagi. makasih ya,3
bisa dimainkan dan aman sellernya juga oke akunnya juga gk pernah antri selama ini oke aja,2
brg dtg dengan kondisi stick nya ga ok kenapa penjual ga d periksa dl yak. trus minta tukar tp ga mao tanggung bersama ongkir nya donk. emg penjual ga mao rugi. ya mao ga mao byr uang xtra utk ongkir sana sini tukar stick. smoga kedepannya bs lbh baik,1
produk sesuai deskripsi dan normal no minus wow diluar ekspetasi semua fitur berfungsi baik. packing aman harga terjangkau seller agak slow respon?,2
talinya gak ada satu jadi gak bisa diikatkan dibagian belakang jadi keliatan gak pas,4
saya order hitam pcs dan abuabu pcs. yang datang justru sebaliknya hitam pcs dan abuabu pcs,4
pengiriman cepat packing rapi dan aman kardus packing tebal plus bubble wrap. barang sudah dicoba dan semua berfungsi dengan baik. thank you so much seller ?,2
jujur kecewa karena yg di kirim bukam choco brown tapi yg di kirim malah sunny gold,4
pengirimannya sangat lama belum dikirim statusnya dibuat sudah dikirim. adminnya balasnya template kecewa sekali belanja di official store,4
penipu ini penjual nano apanya basah becek sudah mahal,0
barang nya robek dan penyok di chat ke penjualnya malah bilang wajar karna produksi masal. trus tulisannya pake capslock semua tanpa bilang maaf krna produksi masal ini malah kebablasan capslock. kan sebelum di kirim harus nya di cek dulu. mana posisinya kebalik yg bagian dalam diluar ngebaliknya kan susah kaku.,0
saya beli tapi duanya gk bisa digunakan di colokan dirumah saya sudah sy coba di colokan yg berbeda tapi tetap tidak bisa masuk,4
lumayan barang berfungsi lucuuu,2
barang tidak lengkap,1
bagussss. selalu repat order.,3
bagus bangettt bahan lumayan teball sukaa padahal murahh tapi kualitas lumayan lahhh tapiii sukaaaa,3
kenapa pesan ukuran xl dikasihnya s !,0
kurang teliti saya pesan hitam dan merah yg dikirim hitam semua,0
sudah dua kali belanja d tolong billy buat saya kecewa pengirimannya lama sekali hari. padahal hanya wilayah jakarta tidak sampai luar kota. minta tolong dong pilih kurir yang cepat,4
disuru pilih aromanya tapi yg dikirim gak sesuai. coba donk klo dagang online yg sesuai pembeli. pembeli adalah raja. belinya pake uang kok tdk minta,0
bahannya tipis agak kasar. pengiriman cepet.,2
sangat kecewa sekali,4
terima kasih untuk menjual travel pouch set dgn berbagai ukuran dan bahan bagus tidak bau plastik. barang cepat tiba dan dalam.keadaan baik. terima kasih.,2
makasiii bgtttt aku sukakkkk,3
gak sesuai gambar sudah benyek kemasan plastiknya polos gk ada print mnya sesuai gambar,1
pampers nya yaampun di packing asalasalan sampe kebuka danpampersnya pun sobek jujur kecewa banget,4
mobilnya bagus bgt pengiriman super cepat harga terjangkau ?,3
barang nya cepat sampai dan nyampe di tangan aq dalam keadaaan baik tulisan nya juga jelas banget dan berwarna jadi ga bosen liat nya,2
kancing nya baru bbrp kali pake copot kurang kuat,4
yg direquest dgn yg dikirim beda warnatanpa ada konfirmasi,1
tertera harga aslinya rb. kirain barangnya kualitas premium lah minimal ternyata yg dateng barang kualitas rendah packing nya juga asalan. payah.,4
produk diterima dengan baikk sayangnya box banyak yang penyok kalau bisa tambahkan opsi tambah bubble wrap tidak apa tambah biaya agar buyer menerima box dalam keadaan sempurna,2
mantap barang sesuai pesanan,2
packingnya parah cuma di masukin ke dalam kantong plastik hitam tidak ada kardus dan tidak di lakban cuma di ikat biasa aja biarpun pengiriman cepat tapi packing sangat mengecewakan. barang belum di test semoga bisa berfungsi dengan baik,4
sangat sangat mengecewakan gak bisa di cas powerbank. dan kata nya garansi malah ongkos kirim kita di suruh tanggung sendiri. ya rugi parah lah ongkir dari batam itu kesitu belum lagi kenak pajak . ditanya solusi lain gak respon,4
sesuaiproses n pengiriman cepatresponsifrecommendedbarokahterima kasih,3
barang nya rusak yah ada harga ada kualitas,4
umpanya gx jalan ?,4
terima kasih barang sudah diterima. cukup bagus bahan n designnya. nyaman dipakai.,2
pengiriman lama kemasan penyok parah,4
lemah tidak kuat berdiriapalagi utk posisi menunduk sedikit saja sudah mau jatuhtidak kuat menahan berat hp,4
selalu terdepan. response sangat cepat. barang dikirim sangat cepat. sukses selalu.,2
kurang bagus kurang klop,4
pengiriman cepat banget pokonya the best sukses selalu ?,3
modelnya keren . jahitannya rapi. potongannya rapi. ukuran sesuai. tidak kaku. nyaman dipakai. bahannya lembut.,2
so far kualitas dan bentuk pellet paling bagus dari smua toko yg pernah saya beli. packing oke dan pengiriman juga cepat recommended lah pokoknya ?,3
pengiriman lama sekali diconfirm tdk dibalas pdhal online. negative service.,0
buat xiaomi t cocok. tombolnya empuk bentuknya keren,2
barangnya original . suaranya jernih. desainnya modern . suaranya bersih. nggak kresekkresek.,3
mantap sesuai. respon cepat. semoga awet,2
bintang karena proses nya yg lambat bukan karena barang nya. pesan kamis pake pengiriman hari barang datang minggu siang. bukan kesalahan kurir status on proses nya dr kamis sampai ke sabtu malam baru samapi d kurir. tanpa info apapun dr seller. saya sudah baca kebijakan terlambat covid toleransi hari tp ini dr kamis sampai ke minggu brp hari ya?,0
bad service pengiriman same day gosend melewati batas estimasi jika tdk mampu melayani pengiriman sameday gosend sebaiknya di non aktifkan agar pembeli tdk bayar lbh mahal ongkir,1
barang sdh diterima dalam kondisi baik semoga bs berfungsi spt yg diharapkan pengiriman cepat tks seller,2
agak kecewa sih.di gambar bisa tarok tas aslinya mleot klu beban berat.gantungan baju nggak bisa lah kecuali gantungan ukuran kecil.bahan nya tipis .tp gitu lah,4
mau cancel ganti tgl pengiriman aja byk cincong,0
bagus lembut,2
nyaman dipakai ? bahannya enak fitting buat lari banget. kekecilan sebenernya tapi tenang ada garansi hari bisa tuker size produk original ?,2
di gambar kelihatan besar tapi kenyataannya kecil sekali kaya mainan sampai sekarang bingung untuk makainya buat pakai apa tanggung sekli kecuali buat naro benang mungkin berpungsi nyesel banget telah beli kotak ini!,0
kecewa pesen barang yg dikirim cuma ga amanah banget semoga berkah aja deh,4
nyala tapi item putih. dari customer service cuman bilang diotak atik lagi kak padahal uda sejam putar kabelnya dicolokan tvnya. could have been a better service.,4
mantap. pengiriman nya cepat banget. barang oke semua dan berfungsi. kondisi mulus ? mantap. cahaya nya juga terang banget. top markotop,3
auhh bgt sma yg d gambar mentang pngguna baru dpt grtisan eh dpt nya daster rban d loak?lucu tokped apa toko nya nih gak mau rugi.gak smpet foto sya ksihkan sma nenek sya.ampunn dah.,0
produknya bagus dan berfungsi dengan baik,2
baru sekali pake pas dicuci robek ?,4
tokopedia dabest. thankssssssssssssssss,3
mudah copot di dasbordlemnya kgk kuat,1
alhamdulillah barang datang dengan kondisi baik tidak penyok tdk retak atau patah dan barangny sesuai dgn foto bahan produk jg bagus. seller fast respon thanx.,2
menggunakan bahan alami. nggak memicu alergi. tanpa bahan pengawet.,2
joooosssss gandooosss.pengiriman rapih cepat,3
tidak sesuai gambar,4
baunya sedikit sevenarnya segar tapi lebih kuat dibanding disinfektan lainnya. jadi lebih awet tapi ga kuat di hidung,2
respon seller cepat packing aman pengiriman cepat dan barangnya bagus ?,2
jelekkk sepatu nya gak,0
bagus sesuai harapan penjual nya juga ramah. trimakasih pelapak ?,2
sesuai dengan pesanan,2
deskripsi diameter depan filter keliru sehingga ketika saya pasangkan lenshood ataupun lenscap gak cocok,4
selalu puas dan langganan pengiriman super cepat top pokoknya?,2
barang tidak sesuai dengan di foto leggingnya jg ada yg sobek,1
lumayan tapi kalau dipake jalan jauh suka lecetpas jepit jempol dan kaki telunjuk terasa sakit,4
nyaman dipakai . jamnya bagus banget. warnanya cantik . produk sesuai dengan foto.,3
pengiriman cepatt barang sesuai pesanan harga terjangkau. joossss,2
kualitas barang mengecewakan. tidak menampakkan nama besar onemed.,4
parah pake banget.kalengnya aja udh gimana bentuknya.peyot super parah.tolong packing lbh di perhatikan! mengecewakan,4
lampu nya mengecewakan tdak nyala semua,1
sesuai ada kendala awalnya tapi terselesaikan dengan cepat dan tanpa repot,2
mantab. respon cepat. pesanan tidak mengecewakan. rekomended buat belanja spare part. terima kasih atas kerja samanya,3
cat nya mantap pengirimannya cepet. ?,2
bahan tipis. kayaknya ga bisa di pakai,4
seller sangat slow respon. pengiriman lama. baru kali ini ada yg sy kasih bintang . bukan krn barangnya tapi respon sellernya,0
barang bagus packing rapih mantap. biar bintang yang berbicara,2
karungnya super tipis tidak sesuai di gambar,0
barang yg diterima dalam kondisi baik pengirimannya lebih lama dari estimasi awal tp overall ok karena seller bantu informasikan kenapanya. thank you!,2
awal saya chat seller sudah kecewa karena seller sangat tidak ramah. ketika barang datang saya kecewa melihat pengemasan hanya menggunakan kertas bekas lapis dan plastik. buku yg ada di dalam pun dalam kondisi kotor.,4
pesan yang satu setengahnya mati.,4
barang yg di datang tdk sesuai pesanan proses komplain sangat lma dan berbelit belit,0
barang bagus sesuai dekripsi.tapi sayang packingnya kurang rapi dan ada beberapa yang rusak yasinnya.,2
as always gapernah gagal belanja sini thanks ggs,3
seller bertanggung jawab keren!,2
bahan bagus,2
berfungsi dngn baik playanan toko ini sangat bagus saya saran kan belanja ditoko ini gak bikin kecewa pelanggan best of the best lah toko ini,3
nyaman banget dipakai. kualitas bahan bagus. tetap bisa gerak maksimal.,2
barang dtg tidak sesuai yg dikasih tahu admin nya ! bilang rice cooker liter ! ternyata barang yg dikirim liter,0
produk sesuai deskripsi. semua fitur berfungsi baik. awalnya takut ya karena ulasannya kebanyakan pada penyok tapi ini pas sampee aman kok gaiss aku checkoutnya sama bubble wrap dan sampe dengan aman barangnya juga baguss lumayan kokoh harganya murah lampunya juga terang. makasiih seller seneng bangeet,2
bahan ny sih bagus cm sayang pesen nya datang ny . d chat ke seller ny jg d d baca boroboro ada penjelasan. seller g asiiiik g bs d ajak komunikasi,4
lagi musim hujan. tidak dibungkus yang aman dan rapat. jadi air hujannya masuk,4
yang kids bener yg besar beda bahan dan sangat tipis. padahal yg besar pesan yg ada katupnya tapi ini kagak.,1
barang bagus sesuai harga. pengiriman cepat pesen malem pas paginya sampe,2
obatnya cocok buat doggy yg berjamur . sdh beli beberapa kali,3
pelayanan ramah. fast respon. cuma packing nya kok mohon maaf kerdus nya lecek lecek gitu ya. kurang rapih. overall oke lah. trims,2
model dan warnanya maniskwalitas bahannya bagus.,2
bagus original suara lumayan semua touch control nya berfungsi dengan baik batre lumayan awet.,2
kirim barang yg dikirim salah kata maaf pun nggak ada. barang lama sudah diterima barang baru kirimnya lama. ongkir juga nggak tanggung jawab. official store koq pelayanannya kaya begini bikin kecewa banget !,4
packingnya sangat jelek barang yg diterima kotaknya sudah peot peot karena rencananya barang ini untuk hadiah.,4
percuma tambah packing klo kardus susu tetap penyok. cara kemas tuh jangan ngepres sama kardusnya biar ketika kardus ketekan kemasan susunya tidak rusak langsung.,1
. pesan abuabu yg dtg pink. yakali bapak pake pink . kalo mmg abu abu habis ada loh fitur chat untuk konfirmasi ke pembeli bersedia ganti warna atau tidak. kardus rusak barang lama dijual kembali . penjual tidak meminta maaf atas kesalahan yg dilakukan dan tidak memberikan solusi atas kekeliruan yg terjadi . penjual prosesnya lama banget beli jumat pagi diproses senin alasannya sabtu minggu libur. kayak pns ya. . barangnya gak nyaman banget sakit kalo dipake terutama di bagian panggul. kesimpulannya not recommended seller at all!,0
lampunya mati sialan,1
barang ok sesuai pesanan pengiriman ok,2
barang sesuai deskripsi makasih seller,2
amat sangat disayangkan pelayanannya sangat buruk. barang sdh seminggu lbh masih statusnya menunggu kurir pick up pembungkusnya jg sangat tdk layak. pembalut wanita dibungkus dengan plastik transparan saja tanpa box? sangat mengecewakan,4
untuk barang dengan harga yang cukup mahal saya berekspektasi tidak ada air bubble pada pinggiran lobang home button dan kamera. saya sudah coba beberapa kali untuk memperbaikinya tetapi sepertinya bukan salah pada pemasangannya.,1
barang tiba dengan cepat sesuai standar pengiriman. tapi untuk kondisi buku ada cacat di tepi buku. tapi gapapa,2
brg sudah sampai dgn cepatcm sehari. tp sy kecewa krn sy minta warna di mix tp yg dtg cm wrn hitamnext cb dichek permintaan pembeli ya kakckp sekali sj belinya deh,4
langganan bulanan recommended? i,3
jelek yg pasti jauh dari ori. mousepad jd ga bs dipakai kl di charger jd getar parah. barang ga sesui foto kayak barang lapak sebelah yg harga rban. padahal sebelumnya pernah beli disini dan baguspersis spt foto yg ada indikator di ujung charger. makanya order disini lg walaupun sedikit mahal ternyata barangnya tdk sama dgn order sebelumnya,4
suara yang dihasilkan oke dan jelas. tidak terdpat maslah. mkasih,2
cepat pwngirima.tp sayanng beli buku tp ada buku yang sebagian halamannya kepotong sehinggaa buku tsbut jd tidak bs dipakaii.sy sudah keburu konfirmasi penerimaan tanpa melihat bukunya dl.stlah konfirmasi dgn penjual alias japri jawaban kurang memuaskan.,4
baru dibuka dan ditutup lagi sudah patah. kualitas jelek banget,4
barang sudah sampai dipacking dengan aman dan dpt hrga promo lg thanks seller,2
bahan sangat tipis dan mudah robek karena lem nya sangat lengket. sangat sulit di buka karena antara lem dan bahan yg tipis menempel. akhirnya ga jadi pasang di buang ke tong sampah,1
saran dikasih logotulisan more di silikon nya terus untuk indikator charge dikasih lubang biar keliatan jelas ngecasngga. overall puas sama barangnya.,2
obengnya ngga bisa kepakai kualitas rendah,1
keren banget dengan harga yang murah banget dapet kualitas yg bagus pelayanan seller juga responsif,3
kecewa berat salahnya dimana ini packing atau memang kemasan produknya yang hancur. gak sangka sekelas pronas bisa seperti ini,4
obeng bintang nya kurang nyaman untuk dipegang. ujung obeng bintang mesti diratain dlu. ada sisa potongan.,1
kualitas aroma tidak sesuai ekspektasi,4
pesanan cepat sampai d tujuan barang tiada kendala,2
defect dikit di ujungnya tp gpp,2
kecewa krn barang di dlm box ketika dibuka sudah pecah. botol pecah dibagian bawah sehingga isinya tdk ada yg tersisa.,4
sedih kirang pensil alis tolong lebih teliti lagi,4
suaranya mantap . packaging aman . barang mudah digunakan.,2
baru kali ini masak nasi porang tanpa berasa karet praktis pula cuma diseduh air panas. mantaabbb,3
jelas udah pilih varian biru dan di catatan juga ditulis warna biru. eeehh. kok ya tanpa konfirmasi dikirim warna putih. ya sudah lah. males komplen. ?,0
produk berfungsi dengan baik. seller sangat komunikatif dan informatif. dari proses pemilihan paket yang sesuai kebutuhan sampai dengan cara penggunaannya dipandu! pengiriman sangat cepat padahal menggunakan yang bebas ongkir dari jakarta ke surabaya. alatnya kecil dan praktis tapi sangat fungsional. nggak hanya untuk nonton film tapi juga live channel dalam dan luar negeri waktu pertama tanya hanya nyari buat netflix nba tv dan amazon prime. dapatnya lebih!. tapi jangan lupa ya kerja alat ini benar tergantung koneksi internet kita. dia makin oke semuanya kalau internet kita top juga.,2
semoga cepat awet barang sesuai,2
ukuran sesuai. bahannya tebal. packagingnya rapi. respon penjualnya top.,2
keren banget sempurna,3
sori to say review jujur ini bikin kecewa pelanggan sih. barang habis tapi tidak dikonfirmasi dulu sblm dikirim. min mon maap kan ada teknologi chat di aplikasi ya knp kok ngga konfirmasi dulu di chat? saya sudah terlanjur klik pesanan selesai tidak bisa ajukan pengembalian dana. pembeli yg lain silakan dicermati kalau mau beli disini ya hati. makasih.,4
pengemasan cepat pngrimn cepat.produknyq beda kualitasnya yg ini kapasnya tipis bgt dan gmpng bocor.klihatn nerwang gx rata kpasnya d tgh gx ada kapasnya.pnts murah yahh.kemasn jg bolong.biasanya sya beli gx kya gni amet.maaf ksh bntang,4
packagingnya payah. saya pesan kaleng yg satu pecah. dan tidak mau diganti. csnya minta bukti foto dan video sudah saya kirimkan tapi tetap minta terus dan akhirnya mereka menyudahi komplain saya secara sepihak.,0
pengiriman super cepatbarang sesuai pesannya.,2
kecewa sih pesannya l iya l tapi berasa. itu celana xl kecil amat heedewhh bikin kecewa sama ini toko mana bahannya tipis juga.,4
layanan sangat memuaskan seller rekomended,3
saya beli allhamdulillah barang sampai tujuan dan sangat memuaskan,2
kalkulator nya mati satu tolong kak sebelum di kirim barang di tes dahulu,1
mantaps barang respon pengirimannya harganya juga murah ?,2
packing buruk. kertas sampai pada sobek bungkusnya.,0
celana nya nyaman tapi kalo bisa sakunya ada .kiri dan kanan agar balance kalo simpan sesuatu di saku. tks. sukses maju terus,2
cover buku gak bagus lem nya kualitas buruk sehingga cover dengan bukunya lepas kualitas tulisan seperti fotokopi. tidak rekomended untuk beli di sini.,1
thankyou sesuai pesanan pengemasan jg cepat.,2
rasanya hambaaarrrrrrr,0
proses pesanan cepat. respon penjualnya top. packaging rapi.,2
ukuran sesuai. bahannya berkualitas. nyaman dipakai si kecil. modelnya keren .,2
ganti bintang jadi bintang aja lah. pelayanan sangat buruk. sampe salah warna hal yg fatal sekali,4
mantap kalau di cium aromanya sedikit ada perubahan dari yang sebelumnya.,3
mending ke toko lain.,1
warna tidak sesuai pesenan,4
bolong dikitt.lama lama bisa lebar nih.orderan kali ini yaa agak kecewa,4
bahannya tebal. warnanya cantik . tidak licin. ukuran sesuai. modelnya simple . bahannya adem,3
barang diterima dengan baik dan di packing rapi sesuai deskripsi ada jahitan kurang rapi di bagian kaki tp no probs,2
selalu the best bgt deh. anabul ngga usah di train aja langsung tau ?,3
barang bagus berfungsi dengan baik seler ramah pengiriman cepat,2
yang dateng sangatsangat beda dengan yang di foto,1
mantap.wangi.udah beli beberapa kali. aman juga untuk hewan.,2
sesuai yang dipesan. terima kasih,2
maaf tp sablonnya bener ga layak?,0
barang datang dng dus yg tidak layak bangetbuat kado jd malu dgn kondisi mengenaskan,4
charging awal dkrim tp indikator ga nyala dgnti charging baru tp seluruh ongkir dibebankan k konsumen.,4
recommended seller ?,3
dipenjualan tertulis obeng magnet bohong obengnya ga magnet sama sekali akan sulit untuk yang baru belajar jika tidak memiliki alat yang lengkap .kecewa parah,4
produknya bagus n sesuai dgn pesanan sya seller mantul makasih skss selalu,3
barang ga sesuai sama permintaan. pdhl udh chat dl an untuk memastikan pesenan motif dan adh di ok in. tp .alah yg dtg tdk sesuain.,1
tidak ada mc gb seperti deskripsi iklan di paket yg saya terima hanya ada r sama charger plus adapter micro sd tulisan happy box mau komplen terlanjur klik terima barang. dan komplen pun akan percuma karena mc barang kecil ujungnya saya yang disangka pura ga terima,1
kualitas produk bagus. produk sesuai,2
rasanya tidak sesuai ekspektasi bener kecewa. yang emak hanya valrhona chocolate sisanya gak enak semua. intinya kecewa,4
bahan tipis jahitan y kasar pokok y sy k cewa,4
untuk harga sgitu bolehlah dan penjual juga menjelaskan cara pakai dengan jelas dan teliti,2
kondisi barang rusak karena packingnya asalasalan,0
dikirim tidak sesuai pesanan proses lama sekali.,1
ini enak bangett packingnya juga bagus bangett. terima kasihh. recommended bangett dehh ?,3
trm ksh brgnya sdh smp pengiriman cepat kmrn pesan hari ini sampai double bubblewrap penjual responsif dlm qa kurir oke lah via cod.,2
flash yg simple pengaturannya harga terjangkau buat pemula oke lah. sayang saya sudah pro hehehe,2
jangan mau beli gaada efeknya sama sekali. ada efeknya pas basah doang jadi item kalo udah kering sama ajeee! sarung tangannya juga bekas?,1
sangat buruk menanggapi respon pembeli n katanya ada garansi tapi ada kerusakan malah tidak direspon ?,4
pesen warna putih loh yg dateng item ?,4
mantep banget bahan adem harga murah langsung dipake anak saya.thanks seller,2
kecewa sama anter aja! jadi basi kopsus saya karena sameday tapi nyampenya malem,4
gak bisa dipake bunyi kemeresek,1
ipad ketiga yang dibeli di seller ini dan selalu memuaskan. bisa mengakomodir pembelian yang mendadak dan minta dikirim langsung besokannya. highly recommended.,3
produk telah sampai. tapi pas sampe malah ada yg cacat di bagian analog kanan ada yg pecah,4
agak kecewa pesan biru atau hitam datang yg warna merah,4
bahannya nyaman ? penjualnya ramah banget nyaman di punggung packaging aman ?,2
tas nya kurang bagus . how how,4
terpercaya orifast respondditunjukan caranya sampai akhir pokoknya the best deh recommended banget,3
mantabh surantab. customer service nya very very reliable. kartu nya dahsyat signal tetep seteroooong dibawa ke pelosok korea. makasih yah kak,2
belom bulan udah gak nyala baterai udah diganti tetap saja gak nyala. kecewa udah x di kerjain logitech,4
cantiik kertas kadonya. packaging ok dan deliverynya juga ok. mantab lah dan bakal langganan di toko ini,3
barang emang harga aslinya sekitar an tapi seller sok sok an bikin diskon yg dari rb di diskon rb.olshop emang keras,0
hati ternyata di foto display adalah varian yg ada bonus harga berbeda,1
lumayan biar pelayanan ala kadarnya. tapi di saat main kadang layar loss signal dari wii console nya. trus kenapa harus beli hardisk yang begitu besar kalau isi game cuma gb,1
kecewa padahal udah batalkan pesanan karena ada masalah produk tapi masih aja dikirim entah gak mau ribet sama sekali atau admin cuma terima pesanan langsung kemas? big no buat sekelas official store. poin plusnya produk yg dikirim sesuai dengan yang dipesan,4
baru di pake sekali udah robek sol nya,4
bahan bagussesuai pesananpacking rapirecommended seller,3
bahannya adem. jahitan rapi. tidak menerawang. mudah dibentuk. warnanya cantik . nyaman dipakai.,2
besar sekali ukurannya jadi nggak kepake longgar pas saya pakai,2
pelayanan top bgt.exp lama.stp beli maling slalu ke toko ini.the best seller,2
padahal masih segel oriontp kunci yg seperti difoto tidak ada dalam kemasan!coba komplain harus sertakan video unboxing sama kurirya gak kepikiran sampai situ.setahu saya klo produk baru masih segel ya harus jaminan komplit!terpaksa harus beli kuncinya sendiri kecewa!,4
bagus banget sisirnya mudahan awet,3
roll diambil . nampak dari potongan sudah mencong mencong. jualan yang benar jangan hanya ingin untungnya saja,0
packaging aman dan bagus. barang sesuai deskripsi.,2
seller jelek ga recommended mending ga usah belanja disini,1
bagus barangnya ga cacat pelindungnya tebel pengirimannya cepet banget,2
gatel di tenggorokan jgn beli deh loenyesel gw beli,1
baguusss sarungnya,3
produk yg bagus walau datang nya telat banget tapi gak kecewa lah sama produk dengan harga yg sangat murah,2
lucu tasnya murah sesuai harga sih kualitasnya. pas juga dianak saya,3
mengecewakan sih pesan lebih dr item dikirim hanya setelah komplain dikembalikan hanya php saja. selain itu respon pengiriman lama pesan tgl diterima tgl,4
bahannya luntur agak lebih tipis dari yg tempat lain.,4
barang bagus sesuai deskripsi anakku senang banget! harga murah pengiriman cepat,2
bagus. sesuai deskripsi,2
bahanya jelek harganya sdh mahal,0
berfungsi sebagaimana mestinya mantapp,2
biasa aja.harga lebih mahal dri toko sebelah,1
barang minggu baru nyampe itu pun saya harus x ke jne pedati urusin baru barang sampai. evaluasi bos! biar nggk gini lagi. cape ribet urusinnyanggk dpt apa,1
packing super aman dan rapih. per kaleng per kardus yg di lapisi bubble wrap tebal pada kaleng nya lalu kardus dijadikan . awalnya sempat ragu aman ga pesan susu pakai jasa kirim reguler karna biasa pakai instant dan ternyata alhamdulillah ga penyok sama sekali pesan kaleng. sukses selalu seller.,2
penjual bisa menjaga kualitas barang dan pengirimannya yang cepat. ini kali kedua pesen disini. terimakasih ya,3
baru pake hr ud robek ?,4
barangnya ok kemasannya tidak ada rusak. joycon ungu sebelah kanan sempat tidak terdeteksi namun setelah re insert joyconnya dua kali akhirnya berfungsi. so no issue there! harganya bersaing sellernya fast response terima kasih!,2
mantappp. maaf ga sempet foto produknya. makasih bonus pouchnya ka. semoga sukses selalu,3
seller ramah responsif orderbayar langsung dikirim pengiriman hari sampai kain bagus green screen berfungsi sangat baik terima kasih,2
barang tidak berfungsi. sangat buruk sekali,4
jangan beli di toko ini udah etikat baik ngasih penjelasan colokan mic di soundcard nya gak berfungsitapi pesan yg berkali cuma di read gak ad tanggapan bener. mbak atau mas tolong jualan yg amanahtransaksi jualbeli akan berkah dan sah kalo sama saling menguntungkan.saya bener gak ikhlasgak akan berkah jualan anda mksh.,1
agak kecewa beli pcs di ksh yg exp bln semua.,4
bungkusannya ga kuat pecah ?,4
bagus. berjalan baik dan cukup silent. kokoh dan muat untuk laptop inch,2
customer servis. pesan same day delivery baru nyampe besoknya itu pun malam. ketika di komplen cuci tangan ga mau tau. really negative. ga akan beli barang lagi di tokopedia.,4
produk sesuai pesanan baik bentuk maupun warnanya semuanya berfungsi normal,2
tolong pengiriman punya rasa tanggung jawab ini paket habis berenang di comberan mana dan gak yakin isinya apakah masih bisa di pakai atau masuk bak sampah,0
produknya bagus pengiriman cepat fast respost. saran aja bagi pembeli klau buka pelastik pembungkus kaca jamnya pelannya. overall this store are positive. thank you,2
bagus bgt bukunya. suka. makasih,3
beli kemasan baru di kirim kemasan lama ! bintang kontl,0
sampe cepet .makasihh yahhanak aku seneng bangettt.,3
barang bagus packing rapi dan sesuai,2
pengemasan okepenjual responnya bagusharga bersahabat pengantaran cepat puas belanja di sini,2
udah berkali beli disini adminny bener sopan sangat responsive sempet salah ukuran langsung bisa retur buat ganti ukuranny proses mudah cepatt! emg the best atalon!,2
barang sesuai pesanan dan pengiriman cepat terima kasih yaa,2
barang tidak sampai mengecewakan sekali,4
barang yang sudah berlubang model persegi pun bisa nya di kirim ke buyer nya. untuk model bulat warnanya berantakan. jelek sekali,4
kameranya bagus banget pengirimannya cepat penjualnya juga ramah banget suka banget belanja disini,3
karet filternya kurang,4
mantap dapet harga yg miring. pengiriman sehari kemudian lgsg sampee! packing aman dan rapih. expired juga masih . makasihhh,2
beberapa hari yg lalu saya pesan pcs bolt salmon tapi hanya dikirim bolt salmon dan nya tuna. harga beda rupiahan sih tp bukan masalah beda rupiahnya cuma lebih ke kewajiban memberikan barang sesuai dgn yg dibeli konsumen aja biar konsumen ga rugi. janji bakal dikirim salmon dipesanan kali ini tp tetep dikirim tuna klo barang kosong seharusnya konfirmasi bukan asal kirim aja. ok makasih deh ka. semoga konsumen lain ga mengalami seperti ini.,1
sdah sampai. brang normal sesuai deskripsi. pengiriman cepat.,2
topinya bagus bahan nya,2
baguuuus sesuai dengan pesanan. semoga sukses selalu.,2
pengiriman telat sehari tapi barangnya bagus,2
mantap barangnya,2
psan warna pink yg di kirim warna biru .bikin ank sya nangis gk maw pakek,4
barang bagus sesuai harapanpouchnya mantap cukup bagus.service seller ok buanget.terima kasih barang sesuai iklan,2
penjual gk respon bgt parah,0
makasih. penjual responsif. barang diterima dengan aman. semoga awet,2
barang pesanan sampai cuma tidak sesuai dengan yg saya pesan komplain tidak ditanggapi dibales cuma sekedarnya di telp tidak diangkat di wa gak di bales dr pada lama nunggu balasan dr agan ini mending saya jual aja tu liquid. br kali ini belanja di tokopedia nemu seller yg kyak begini.gak lagi deh belanja disini percuma di deskripsi gede ditulis jgn sampai kurang isi keterangan soalnya bkl_an di kasih random ehhh ini malah seller nya sendiri yg salah begitu minta maaf pun gak.mending dikasih nic pesannya nic. tp produk sama lah ini seller salah ngirim produk yg dipesan. kalo saya siy kecewa berat belanja disini krn barang salah kirim taunya bakalan susah di retur.saya juga lg liburan gara begini saya sibuk ngurusin beginian nunggu masalah ini cepat kelar. sorry to say not recommended seller,1
puas banget admin ngejelasin detail bgt. trus pas dipake gak ada kendala sama sekali pokonya top banget deh,2
bagus pelayanan cepat tanggap sopan dan sangat jelas,2
mouse kurang bagus pointer nya gerak gerak sendiri .,4
pisaunya tidak tajam sama sekali,4
produk original . nyaman dipakai .,2
tak seindah yg dibayangkan,4
pelayanan tidak baik. terdapat page flickercrash di kindle yang dibeli. setelah di complaint pihak penjual bilang itu hal yang normal dan disetiap kindle memang memiliki page flickercrash. namun di deskripsi produk tidak di jelaskan tentang hal itu. di complaint baru di jelasin kalo itu normal. hati hati dalam memesan. minta deskripsi secara rinci dan detail sebelum membeli karena ini produk elektronik yang butuh di cek devicenya dan lainlain.,4
barang mulus packingan ok kelengkapan barang juga ok tinggal kendala di tv sendiri wkwkwk untuk masalah psnya rekomendasi lah bagi yg mau beli ps disini.,3
bajunya kok gak sesuai dg fotonya. bahkan mereknya gak ada digunting,1
kurang suka bau karetnya sangat menyengat,1
qc oh qc . lensa dalamnya pecah katnya udah cek qc picking asal padahal udah nambah buble wrap. perbaiki pelayanan!,0
seller tidak jujur. saya beli macam barang salah satu stok kosong tp tidak diinfokan. tapi lgsg kirim yg satunya. pdhl sudah nunggu. pikir penyelesaian gampang ya buyer bisa tinggal minta refund. tapi saya rugi waktu dan ongkir.,1
entah sudah berapa kali saya belanja dari frayday tidak pernah dikecewakan sama sekali. bahan adem dan tahan lama d,2
pesen ini tp stok habis kecewa,4
brg tdk saya terima entah nyasar dimana. kurirnya bloon,0
kualitasnya sangat jelek sebanding dengan harganya. baru minggu saya pakai sudah robek dengan sendirinya.,0
produk sesuai dengan deskripsi. pengiriman cepat . seler ramah . barang ok. mantap tetimakasih admin,2
barang sesuai deskripsi seller fast response. delivery cepat,2
bolong coy. packing parah bgttttt. lakban semua jadi robek ketika dicabut,1
udah yang ketiga kali buat disini best banget asli cepat gak ada obattt?,3
barang yang dikirim mantapp. bahannya tebal dan tahan air. cocok utk di air. seller juga fast respon. thx u,3
untuk respon penjual bagus tapi kondisi barang biasa aja bahkan agak rusak bagian tombol dan kadang mati sendiri saat menjalankan game,1
suka.anak jd seneng meronce.sesuai pesenanyabarangnya jg bagus. mksh,3
packing rapi kualitas produk ok pengiriman sangat cepat respon seller ok,2
sellernya aneh. jawabnya apa. yg dilakuin apa. ga singkron . ribet,0
lucu bgt warnanya. recommended harga murah tapi ngga murahan. next bakal order lagi,3
promo yang ditawarkan marketing s payah alibinya free gimmick hanya berlaku pada toko di wilayah tangerang sedangkan barang yang di tawarkan di toko tangerang tidak ada free gimmick tersebut tapi kenapa dicantumkan di toko cabang aneh sekali,0
proses pesanan cepat.terima kasih,2
bahannya tipis dan jahitannya kurang rapi,4
oli ny palsu pantesan murah kecewa lah,4
respon penjual cepat dan ramah,2
spesifikasi barang kurang lengkap dipakai dewasa ngga bisa hanya sampai leher,4
mantap langsung sampai ?,2
baru satu hari sudah mampet dan sulit dibersihkan.sepertinya kurang recomended produk ini,1
qualitas jelek sekali. bau seperti cat. pad ya bergelombang,1
ga amanah toko nyaawal nya bilang ready ukuran nyasetelah transaksi bilang kosong stok nyacoba bilang dari awal kalo ukuran yg di ingikan kosongpembeli bisa pindah ke penjual lain.pengiriman nya juga lelet,4
sesuai dengan pesann dan barang cepet sampai sesuai pilihan pengiriman,2
barangnya ada yg sobek diujung nya jadi macet ketika dinyalakan,4
kualitas bahan mantap . dijamin termurah. berfungsi dengan baik. semoga awet. tks.,3
akhirnya bisa punya koleksi juga walau cuma . next lebih banyak lagi koleksi bt nya. thank you,2
warnanya agak kurang sesuai gambar tapi overall bagus.,2
tokonya terbaik sii ini mah. udh x order disini setiap anak ultah selalu pesen printilannya disini. skg anak ke ultah pun belinya disini. mantap,3
minta yg biru di kasih toska,4
cacat gaming,0
pesan item brg yg di kirim hanya item brg brg kosong tdk di infokan,1
udah ngikutin prosedur penggunaannya lemnya nggak bisa lengket. masa habis di lem udah kering udah dikasih lakban kaya prosedur sandal yang dilem bisa ditarik. menjengkelkan,0
noise banget suranyaa gabisa dipake,0
cepat tiba n kemasan bagus. barangnya juga bagus,2
beli dikirim doang. balikin duit gw penipu!,0
berat barang di deskripsi kg. padahal berat asli barang dari kurir saat diterima cuma kg. jadi ongkir sangat mahal dari kenyataan dan harus mengajukan komplain dll untuk bisa dapat refund ongkir. merepotkan.,0
sayang banget tidak bisa ditukar resleting rusak negative quality maaf saya kecewa.,4
pesen jam terus jam kurang barang udah sampe karena pake gosend instant. dapet potongan gosend instant rb jadi cuman bayar harga refill instaxnya doang? thankyou kakk,2
bocor dari sambungan karet ke keran dan bocor dri tengah tempat drat karna gk rapat mau di rapatkan gk bisa karna terasa sudah mentok,4
pesanan sdh diterima dengan baik,2
td nya sy request utk cancel mo ganti pbyran nya pake gopay dr ovo td nya krn ada cash back tp nggak dicancel sm toko tetap diproses aja. sgt mngecewakan.,4
saya senang produknya dipaketkan dengan rapi dan tidak ada cacat. recommended!,2
kualitas bagus pengirman cepat dan pelayanan cukup baik. terima kasih,2
dapat bekerja dengan baik dan nyaman di kuping. bassnya mantaap.,3
barang sesuai deskripsi mukena nya tebal toko nya sangat rekomended ?,3
brangnya ringkih baru dateng uda pecah part padahal kemasan uda oke next time di cek dlu sebelum kirim,4
sudah kali ganti kartu. sinyalnya tidak ada terus. sekali sinyal ada ngak bisa telp dan menerima telp.,4
bulu mata jadi lentik. packaging rapi. packaging aman . proses pesanan cepat. aplikator mudah dipakai.,2
barangnya sesuai deskripsi.semoga berhasil byee bye .rambut rontok. respon bagus dr reseller. good .,2
tertulis dapat hadiah. taunya bohong loh. g dapat apa. bonusnya gk datang!,0
bagus banget keyboardnya. packing sangat aman karena double kardus. warna juga keren.,3
produk bgs packing bgs pengiriman cpt,2
recommended seller. fast respons kualitas barang cukup sesui harga. terimakasih,2
barang bagus.pengiriman standar.packaging rapi.,2
pembelian kedua puas dengan barangnya. produk all in one. suka sekali dengan produk ini recommended untuk anabul ?,3
tidak sesuai deskripsi tidak sesuai gambar ada bbrapa tombol yg tidak berfungsi mau retur mau ganti dg model lain yg ada backlight ga masalah nambah biaya tp respon seller biikin kecewa!,1
tolong d perhatikan sblum d kirim pak order cream custard yg datang cream poundcake.,1
sayang banget dicuci pake mesin cuci langsung hancur?,4
kurang cocok utk bayi kulit sensitif. bbrp kali pakai kulit bayi jd beruntusan.,1
jangan beli produk di sini. tidak beres agen nya,1
packingnya cuma kardus aja jadi ada bagian laci yg pecah,4
jahitan rapi.,2
barang sesuai deskripsi dan pengiriman tepat waktu. sesuai harapan. terima kasih!,2
toko tdk kooperatif pesanan duplikasi di minta cancel tapi tetap saja dikirim. maaf terpaksa saya kasih bintang kwalitas barang biasa saja.,1
box nya gak di rakit,4
kurang responsif barang sampai tidak lengkapada tulisan refund komplain hanya disuruh bersabar ditunggu sampai hari itikad baik tidak ada juga pengembalian dana nya,4
yg micro ini sering rusak coba di tingkatkn lg kualitasnya,4
seller ramah dan informatif proses dan delivery cepat packing rapih dan secure. thanks for the sample bonus.,2
barang tidak sesuai deskripsi,1
piyama kualitas ? seller responsive prosesnya cepat pengiriman juga cepat sampainya di manado. semoga next order bisa sebagus ini yah. terima kasih.,2
yaampunnn. mentang rp. x nih yah krna penguna baru. baju sih baju tapi gimna mau dipake lobang lehernya itu kecill amed anak yg tahun pun gak bisa pakai. padahal mah lumayan lah bahannya walaupun tipis.,0
toples ada yang penyok belum dipakai semua dr pcstapi gpp msh berfungsi.,0
barang sesuai packing aman cepat sampai.,2
barang bagus motif nya jg cantik. respond penjual cepat,2
seller sih ok pengiriman cepat. barang import mungkin waktu cek produksi kurang teliti. kepala sapu sering lepas karena tidak bisa terkait sempurna. mau saya coba lem nanti.,1
pihak toko tidak jelas di minta barang a yg datang barang b dan pihak toko merasa benar ada barang yg ga di kirim pengambalian hari katanua sd skrg juga blm,0
recommended. komunikasi lancar. instruksi jelas. gamenya gampang diinstall. kapankapan ke sini lagi. terima kasih!,3
kualitas barang cukup bagus sudah sering belanja di toko ini kemasan sederhana,2
pesan celana tidak sesuai dng yg dipesan.kecewa.,4
silica gel nya lembab packing kurang rapat dan rapih. seharusnya di packing dengan rapat,1
pengiriman barang cepat dan kualitas mantap sesuai dengan harga .,2
bahan jepitnya bagus awet dipake gak mudah rusak,2
barang tidak sesuai dengan pesanan.sy pesan warna hitam ukuran l di kirimnya hijau ukuran xl dan sy pesan warna hijau ukuran m di kirim nya ukuran l tingkat kan pelayanan bossemoga di pesanan berikutnya sesuai ya,1
tiap belanja pasti ribut karena sampai lokasi hancur buat pembeli lainnya karena seller tidak mau bertanggung jawab dan menyerahkan pada asuransi spt pd screenshoot jika saat terima uda diraba kemasan hancur kembalikan langsung pada kurir daripada saat dikomplain jawabannya spt pd screenshoot ini. asuransi katanya ribetnya tuh klaim asuransi.,0
maaf kepada seller hanya bisa memberikan bintang disebabkan barang yg dipesan tidak sesuai dgn yg diterima pesannya kepala gesper yg hitam polos sesuai gambar dgn kode namun yg di terima bermotif jadi tidak sesuai harapan. mau ajuin komplain juga malas karena saya anggap gak terlalu penting. semoga kedepannya seller lebih baik lagi dalam pelayanan.,4
barang yang sampai berbededa dengan do foto,1
kecewa dan sangat tdk puas dgn pelayanan.sejak tgl setelah order barang saat itu status masih menunggu konfirmasi jadi artinya belum diproses oleh penjual. saya melakukan pembatalan karena saya ingin mengganti produk yg akan saya beli di toko yg sama. saya konfirmasi penjual melalu chat sampai x untuk minta proses pembatalan. sampai malam hari sebelum tidur status masih menunggu konfirmasi yg artinya pesanan saya belum diproses. tp kemudian tgl juli pagi penjual mengubah statusnya menjadi diproses. yg artinya penjual tidak berkenan melakukan pembatalan. dan status diubah jadi menunggu kurir masih ditanggal pagi. tapi sampai tgl barang belum dikirim dan status masih menunggu kurir. status pengiriman tidak terupdate. penjual menyalahkan pihak provider pengiriman.barang baru dikirim setelat saya lapor ke pihak tokopedia.,0
udh kecil diisi ga full banjir minyak. jdi kira isi nya stgh lbh dkit dr tempat kecilnya. ga lbh dr sendok makan. maaf ga worth utk hrg segini.,1
barang original berkualitas pengiriman cepat.,2
bahannya jujur kurang puaswarna sih oklah,4
barang sesuai dengan deskripsi dan berfungsi dengan baik paketnya dikirim dengan rapi. terima kasih,2
talinya bagus,2
bahan bagus kualitas bagus sesuai harga,2
tajam. kualitas produk bagus. produk original. produk sesuai.,2
udah bbrp kali beli disini di app ijo oren puas dgn barangnya. hanya saja di pembelian terakhir ini kecewa sih. saya beli oyster cement dengan asumsi warnanya abu muda seperti dove grey cement hanya saja lebih mulus teksturnya sprti di katalog. sudah saya cari referensi foto ulasan juga blm menemukan foto realnya. jadi saya order saja. ternyata pas datang hasilnya jauh lebih kuning dari bayangan. lalu saya bandingkan dengan dove grey cement saya dari pembelian sebelumnya tnyata beda banget photo attached. mgkn lain kali seller kalo foto produknya disetting dulu lightingwhite balancenya supaya akurat netral warnanya antar produk. seller jg kurang komunikatif sblmnya pernah minta foto produknya yg lebih jelas zoom in tidak diberikan. bagi customer selanjutnya pls note oyster cement sprti ini ya. plus point packing rapi pengiriman cepat,4
x pesan sdh mints tolong dikirimkan dgn nota dan di iyakan penjual namun x pesan juga nota tidak di berikan,1
barang jelek mudah hancur.dipakai ngebor langsung rontok mata bor nya.kaya nya cuma dri besi biasa l sesuai harga,0
ernyata tebel bangat. pengiriman cepat packing aman kualitas barang oke. kereenn banget. thanx,3
paket sudah sampai dengan selamat pertahankan kualitas pelayanan dan harganya. thanks seller dan tokped .,2
alhamdulillah ? barang diterima dengan sangat baik ? packing aman ? semua sesuai pesanan ? suka banget sama mie sedap ? apalagi ada varian laksa singapura ?,3
kaki mainan robot hulk pecahrusak. mohon dicek sblm kirim brh,1
modelnya keren luarnya tebal tapi dalemannya cukup tipis entah akan lama atau tidak bertahannya,2
maaf saya kasih bintang . karena paketnya tidak sampai ke saya langsung. sempat nyasar ke tempat lain karena penerimanya sama dengan nama saya untungnya penerimanya langsung menghubungi saya. tapi pas saya ambil ternyata isi nya cuma box sesuai foto padahal saya pesan box. si penerima mengaku tidak mengambil box sisanya. alamat bisa tidak sampai ke saya karena label alamatnya tidak dibungkus pakai lakban kertas bening jadinya berdebu kena air bisa pudar kan.,1
produk top markotop bangeet deh selalu ada promo ikan sehat dan cantik cantik dan delivery cepat sekali dan seller recommended banget,3
barang nya gak saya terima tibatiba saja ada nama penerima nya . kecewa banget jadi nya walaupun si grtis dari penggunaan pertama tokopedia tapi kalau begini kan jadi males buat gunain tokopedia,4
ancuuuurrrr bubukkkk remukkk tak berbentukkkkkkkkkkkkkkkkkkllkl,0
buat gonta ganti main sehari ga usah beli yg ratusan ribu. mending buat belanja dapur ? proses delivery cepet ? mantab,2
pelayanannya sangat buruk,0
bagus. berfungsi dengan bagus. mantap.,2
paket telah sampai.sesuai hargalah,2
beli abon srundeng tapi salah dikasih srundeng semua jd ga jadi dpt abon krn klo retur hrs ngirim brg yg salah ribet.,0
ga sesuai pesan adult dikirim kitten kaleng pd penyok.diretur mahalan ongkirnya,1
cepatt nya ga ada ahlakkk fast respon barang besttt moga cocokkk,3
tidak pengaruh,4
produk mengecewakan! kecewa! awalnya sih oke. tpi setelah seminggu pemakaian entah kenapa g bisa di cas sudh saya coba berkali kli tetep g bisa di cas. saya sangat kecewa dengan produk ini. kwalitasnya kurang bagus,4
mantap selalu ok sesuai produk deskripsi,2
material produk bagus. produk sesuai. kualitas produk bagus. produk berfungsi dengan baik.,2
sesuai deskripsi. packing positive.,2
produk tidak sesuai pesan laminasi tapi dikirim tanpa laminasi tulisan buram prosesur pemesanan sangat ribet,1
paketan nya sudah hari belum sampai jg penjual d hub tidak bisa,4
penjual responsif gercep ada spidol ga nyata langsung dikirim. thank u so muchh,2
produk sesuai respon cepat pengiriman cepat,2
beli baru hari pake stik yg nya malah eror suka mencet sendiri kecewa dah,4
kondisi box mika lilin sudah seperti di foto dan lilin juga ada cacatnya. semestinya dibungkus pakai bubble wrap bukan hanya plastik tipis pun plastiknya tidak dilem sama sekali. cara seller package barang harus dibenarin lagi lebih baik pakai kardus box daripada kardus mie instan selapis saja untung barang yang dibeli tidak ada yang rusak. saya benarbenar kecewa si dengan servis toko ini bakal mikir berkalikali untuk belanja disini lagi.,4
barang tidak sampaikembalikan uang saya!,0
seller helpful banget barang sudah diterima dengan baik dan sudah di tes ?,2
minta black dikirim transparent black kecewa banget gasuka warnanya lain kali ecommercenya teliti dalam menanggapi costumer,4
barang ok pengiriman cepat packing aman,2
top bgt,3
pesanan cepat diproses packing rapi sesuai pesanan. juragan mantab. ? selalu repeat order kesini.,3
selang beda dengan yg di produk pianika original yg spare part selang ini lebih lembek mouth piece nya juga ada pecah di bagian pinggir.,4
sangat kecewa baru buka dari kotaknya sudah ada pegangan karet kepalanya patah ke dua saya mau ngecas batrai pengecasannya konslet untung tidak terjadi kebakaran sangat kecewa berbelanja di sini,4
kecewa barang pas sampai gak bisa dipakai,4
harga murah kualitas baik,2
barang diterima kusut.packing tidak rapi,4
diphoto ada penjepit buka tutup .pas dikirim nggak ada,1
padahal gw uda kasih note warna merah dan gw udah chat kepenjual juga yang dateng malah warna ungu! error nih yang jual kesel gw,0
overall keren. paking aman seller ramah n fast respond jga ?,2
respon pengiriman cepat produk ori dan expired masih lama. semoga berhasil mengatasi rambut rontok dan tipis. awet juga untuk pemakaiannya,2
bahannya kurang kuat sehingga pada saat mau pasang ke quick mount malah patah mekanisme penguncinya,4
barang sesuai deskripsipenjual ramah dan fast respon,2
berfungsi dengan baik fast charge jalan,2
dipakai untuk mindahin tabung gas kg sangat seret susah maju karena rodanya tidak jalan bobot tabung gas terlalu berat.not recommended utk tabung gas kg.mungkin untuk yang lbh ringan bisa lancar rodanya berputar.,1
alhamdulillah barang sampai di tgl . isi dusnya instruction manual book kartu garansi stiker boya tas kecil boya seperangkat mic batereinya jack adaptor kayaknya untuk koneksi ke amplifier.,2
alhamdulillah pesanan cat sudah sampai diproses dengan cepat ditanggapi dengan baik.,2
untuk jepit ke mejanya loss. ga bisa ngunci. sudah di coba dengan seal tape. tapi terlalu longgar sehingga tidak bisa nge lock. untuk boom arm nya bagus. sayang jadi bingung pakenya karna ga bisa ngelock,1
kecewa !,0
gampang dipakai. packaging aman . proses pesanan cepat. gampang dibawabawa. tapi syg pas baru nyampe dibuka udh patah,2
bahan jelek. panas. tipis,0
komunikasi dan response seller cepet banget packing rapi dan aman! recommended deh?,3
bru dipakai kali alat sudah rusak. penjual tdak bsa menganti,4
produk diterma dengan baik pengirimannya juga luar biasa cepat dicoba juga pas banget untuk nintendonya.,2
aplikator mudah dipakai. desainnya lucu. warnanya pekat.,2
ada busa yg telurnya kempes,1
pecah gagang seller ga mau tanggung jawab sampe akhirnya tokopedia yang memutuskan bisa direfund,0
aplikasi banyak yang gak bisa kebuka. cm bs youtube aja. wirelles keyboard arah atasback dan angka tidak bisa. kecewa tidak dilakukan pengecekan dlu sebelum dikirim. niat mau nonton bein jadi tidak bisa. remote mi boxnya jg tdk bisa.,4
pie susunya jamuran duh parah bgt sih jualan,1
barang sudah diterima dalam keadaan cacatseperti ada yg nyobeklain kali packingnya jangan cuma kresek doankitu jga cma lapis,1
suara yang dihasilkan jernih.kalau ditambahkan kit giga bass tambah glerrditambah lg preeamp mic tr bisa buat karaoke,2
sepertinya kurang cocok di kucing saya. pemakaian sudah masuk minggu belum ada perkembangan.,1
exp dekat padahal udah beli banyak buat di jual lagi. ini pengalaman klo harga miring mumer harus waspada .,1
bagus balonnya merekat di dinding atap. seller responsif langsung kirim sesuai pesanan pagi pesen siang sampai bahkan pesanan ada yg dilebihin.,3
pengiriman cepat. barang sesuai gambar. kualitasnya oke. recommended.,2
alhamdulilah jilbabnya bagus nggak nerawang dapat diskon juga dari tokped makasii seller,2
dikirimnya lama plus batrenya cuma mah alias tdk sesuai pic.,1
tidak sesuai ekspektasi suara mic tetap kecil ga ada perubahan,1
bagus barang sampai cepat,2
karungnya banyak yg bolong ga sesuai pesanan,4
beli pcs pcs tidak berfungsi barang disegel service dan pernah bongkaran komplain dipusat resolusi tidak dtanggapi.,4
kecewa si packing nya ga bagus ga di kasih bubble wrap juga padahal sudah di tulis di note pemesanan.,4
keren bener cepet kirimnya ga sampe menit bayar langsung pesanan dalam perjalanan packaging juga rapih ?,2
payah pesen beda warna tp malah datang satu warna. padahal sudah di beri keterangan.,0
barangnya original. mutu terjamin sni. gampang dipakai. hemat listrik. modelnya keren. hemat listrik,2
meja laptopnya begitu dibuka kardusnya sudah pecah diujungnya dan ada retak juga dibagian bawah trus mejanya juga hijau kusam seperti barang bekas pakai seller dikomplain menolak penukaran barang dengan alasan buktinya kurang malah diarahkan utk menggunakan asuransi dr tokopedia dgn proses yg ribet harus ada bukti pemusnahan barang jg pas sy lihat lagi ulasan ternyata banyak juga yg dapet mejanya pecah dan rusak dan mereka semua pada kecewa saran kalau jualan yg jujur kl memang yg dijual barang bekas atau ex display bilang saja tulis di deskripsi yg jujur tolong tokopedia lebih selektif terhadap toko yg seperti ini packing barang juga terkesan asalan cuma pakai kardus tipis saja ga pakai bubble wrap sama sekali semoga ga ada lagi customer yg tertipu seperti saya,1
sudah pake rutin bulan g ada hasil. payah,0
mic ga berfungsi,1
mantab?bahannya adem. ukuran sesuai. modelnya cantik . warnanya cantik . jahitan rapi. tidak menerawang.,3
pengiriman sangat teramat lama sampai sangat mengecewakan,4
busa gak rata motongnya ada busa yg telurnya kempes,4
penjual cepat tanggap. barang cepat sampainya. terima kasih,2
mantaaaapppsudah tersumet dengan sempurna,3
tidak berfungsi dengan baiksuka mati sendiri,4
kecewa lah.gk ada penyelesaian.di chat kg di bls di wa kg di bls. lari gitu aj sampah.,0
penjual sama sekali tdk memperhatikan catatan pembeli.malahan menyalahkan pembeli.,0
beli datangnya barang gk sesuai foto ketajaman biasa yg jual goblok selamat makan uang haram,0
barang nya sdh di coba tapi tdk bisa berpungsi dgn baik nggak bisa conek dgn iphone sy.,4
alhamdulilah barangnya sudah sampe ukurannya juga besar sesuai yg di gambar mudahan bermanfaat buat kegiatan belajar mengajar kami di pesantren,2
terbaik sihhh iniii. pesanan ny superr cpt sampe nya. d proses ny cpt bgtttt. br psen hr itu bsk ny ud sampe lagi ? pengemasan amann bgt juga ya. ? thx seller kurir ?,3
mantappp responnya juga memuaskan. sudah dicoba dan dipasang presisi dan nyaman. cas juga responsif,2
emang rasanya kaya basi apa gimana ? kok gini amat kaya bau tong sampah,0
janjinya dapat kaleng kecil dan kaleng besar tapi yg datang adalah kaleng kecil kecewa bangetttt,4
desainnya mewah. aplikator mudah dipakai.,2
barang di kirim tidak sesuai gambar yg di pesan.,1
barang yg sampai tidak sesuai pesanan,4
barang tidak bisa di atur echo. sudah di putar tpi tetep tidak ada effect. tombol joga tidak bisa di pencet. pokoknya mengecewakan.,4
moon maaf ya gan tadi paketnya sy buka ternyata ada bungkus seperti sudah di buka dengan siletcutter krn sobekannya rapih dari ujung ke ujung dan bungkusnya di posisikan terbalik dan ketika di buka jadi berantakan semua isinya. saya pesan kg bungkus yg rusak kg bungkus. saya sudah sering pesan dan sudah kali kejadian seperti ini. tp kejadian yg sekarang yg paling parah dan maaf tidak bisa saya toleransi krn menurut saya sudah kelewatan. dan saya selalu kasih bintang setiap selesai transaksi namun yg skrng ini mohon maaf saya kasih bintang supaya ada perbaikan di kemudian hari.,1
jahitan rapi. warnanya cantik ?,2
pesen white silver yg dikirim white red. kecewa ga sesuai pesanan,4
kualitas barangnya mengecewakan,4
bagus cepat packaging aman ?,2
tidak sesuai dengan pesanan tidak dilaminasi namun sudah di refund hanya biasa laminasi.,4
bagus dengan hrg segitu cuman trnyata kecil aku kira agak gede,2
agak cacat dikit spongenya kirain pas nyampe bener mulus gak ada cacat nya,4
mantaaaaaaaaaaaaaaaaaaaaaaaaaaaaaaaaaaaaaaaaaap barangnya original ?o,3
ga ada gunanya atc ini tetap ga dikasi bubble.bikin rugi aja.,0
busa doankgak ada mika bwt pelindungnya,0
banyak masker yg jahitanlemnya lepas,1
untuk barang nya lumayan bagus wkwk ada harga ada kualitas ga masalah respon barang nya juga cukup bagus sensitif nya,2
barang nya sampe dengan baik tapi buku bukunya sangat mahal mungkin bisa di kurangin sedikit saya suka banget dengan bukunya dan sepertinya saya aka beli buku lagi di sini terima kasih,3
alhamdulillah terimkasih seller tas nya bagus bnget anak saya suka dan langsung dipakai sekolah. seller ramah dan proses pengirimanya cepat bikin puas pembeli. saya doakan sukses selalu untuk usahanya semoga semakin maju.,3
wanginya segeerr nyaman buat baby saya klo lagi bapil. packaging rapih seller ramaah. thank you sukses terus yaa,3
top seller. responsif dan btgg jwb,2
kunci bagian depan kendur alias tidak kencang dan respon seller sangat tidak memuaskan.,1
parah prosesnya lama banget semoga ini bisa jadi pelajaram buat team logitech,1
selller aneh ditanya katanya uda berangkat tp tokped ga update ternyata sepertinya memang gagal pick up tp ga bilang yang jujur kalo paket belum dipick up malah bilangnya sudah berangkat,1
pesanan ga lengkap chat ga di bales. toko bagus karyawannya rusak. buat jelek citra jadinya amal deh.,0
kecepatan pengiriman baikpacking rapipesanan sesuaitx seller,2
lilinnya udah rusak banget goldnya.,1
saya baru pakai ini krn habiskan stock yg sebelumnya. yang skr kualitasnya buruk krn cair beda dengan yg sebelumnya tdk cair. pdhal di awal saya suka produk ini. disayankan saja kualitasnya turun krn dicampur cairan,1
proses cepat produk berfungsi dgn baik,2
kurang ya jamnya harusny dijelasin display jam gk selalu hidup harus di idupin dulu.,4
makasih. barang sudah mendarat dengan selamat,2
cepet nyampe seller oke,2
bahan terlalu tipis,4
barang nya jos berfungsi dengan baik kualitas oke jadi membantu saya banget cuma awal pakek bingung kok gk bisa buka otomatisnya eh app saya ternyata yg gk suport cash drawernya mantul dah ?,2
agak penyok dikit yg sebelah kiri usb gak berfungsi jadi mesti ganti usb sendiri,4
saya dimarahin emak saya barangnya kurang,0
kemasannya bagus kualitas nya bagus kabelnya tebal suka warna nya biru muda semoga awet . terima kasih seller ?,2
barang bagus pengiriman juga cepat. cuma minus di packaging nya kurang rapi cuma pakai plastik. tapi rekomen sih buat harga segini.,2
masker sudah sampai sesuai pesanan. packing baik. sukses selalu kak. makasih,2
sampai rumah pas bungkus paket dibuka semua bungkus kertas sudah terbuka kertas banyak yg rusak dan kotor. sangat tidak recommended,1
pesen tanggal barang baru sampe tanggal padahal sesama jakarta dichat katanya udah dikirim dari tanggal padahal pas di tracking tanggal aja tulisannya reschedule pickup karena parcel belum ready untuk dipick up. ini adidas official tapi pelayanannya gini hadeh,0
mantap pas sih walau agak goyang ga lengket ke galon tpi speed air keluar cukup mulutnya mungkin yah agak kurang panjang dikit,2
belanja berturut turut hr. seller tidak ramah. trakhir kali blanja di sini. not recomment,0
tidak suka dengan respon yg tidak bagus banget,0
lem nya gak ada di dalam paket saya.,1
fast response produk juga dikirim balik oke banget ?,2
bagus kak baju nya jahitan nya rapi cocok untuk pakaian sehari hari harga sesuai pelayanan nya bagus,2
sudah dicoba dan tidak efek sama sekali untuk proses pengiriman dari penjual cepat. terima kasih,4
sy pesan warna merah metalik tp dikirim hitam. padahal sebelum dikirim sy sdh chat penjual.,1
saya dikasih lcd rusak di touch gak bisa layar awal awal oke tapi dua hari kemudian ada garis horizontal di tengah layar besok hari nya layar shadow akhirnya saya pake lcd yg lama penjual banyak alasan saya sbg pembeli malah disalahkan pada pemasangan. jangan beli disini cukup saya aja jadi korban ?,0
barang bagus pet nya tebel,2
pengiriman cepat dan packing juga rapi,2
barang bagus sesuai deskripsi pengiriman cepat.recommended seller.,3
mantul gan u kembang api roman shot nya ssuai diskripsi nya. pengiriman nya juga cpt.maaf telat ulas nya ya gan barng uda di coba mantap.tks ya gan sukses selalu,2
mantep keren oke barang nya,2
packaging aman banget proses cepet. thankyou,2
pengiriman hari terlambat. padahal bilang bakal lgsg dikirim. habis order di chat lgsg ga respon. utk official store brand segede logitech sungguh mengecewakan.,4
warnanya tidak sesuai gmbar ?,4
puas blnj disni.bsok bli lgi.peking jga bgus.free kardus dan bubble didlamnya.trimksih,2
barang tidak sampai karena broken! proses lamaaa! dari tanggal april beli broken tgl apr. sampai tgl april hari ini masih belum ada produk datang dan uang belum kembali. buruk sekali pelayanannya!,0
proses pengiriman lambat banget dan balasan chat lambat bangeeet juga minta cancel gak bisa,0
bahannya dicuci luntur mengenai baju yg lain.,4
barang bagus . .gambar sama aslinya sesuai.,2
pesanan sy tidak sampai ke rumah sy sesuai alamatnya.,4
adem bahannya,2
packing asal barang sangat mengecewakankotor bocor musiknya jg ga jalanbanyak baret,0
sudah diterima dengan baik. terimakasih,2
produk original .,2
official store sih bener tapi begitu banyak komplen tentang packing tetep masih di abaikan berhubung barang nya ok ya masih ada yg mau beli tolong para atasan perushaan ini perhatikan bagian packingnya jangan cuman asal packing,1
barang bagus sesuai dengan gambar,2
packaging nya ga safe jadi mie nya remuk shipping nya lama bgt proses nya juga asli lama parah,1
expirednya bentar lagi ?,4
batery remote stick cepet habis signal remote juga kadang ada kadang tidak ada apa ada ide agar awet dan signal stabil?,1
sdh x beli disini dan gak pernah ada masalah. packaging dan pengiriman oke.,3
kecewa dengan waktu pengiriman. order jam . sengaja pilih sameday biar hari itu juga sampainya karena butuh cepat gendongan ini. malah dikirim hari berikutnya. kalau tidak bisa kirim di hari yang sama tidak perlu diaktifkan pilihan kurir samedaynya. atau infokan untuk sameday itu maksimal order jam berapa baru bisa dikirim di hari yang sama.,4
ukuran tidak sesuai,4
perlu hampir minggu buat packing dengan alasan overload. minggu loh mingguuuuu,0
respon cepet ramah solutif kerjaan cepet banget harga kompetitif kerenn recommended seller,3
the best banget dan pengiriman juga cepat,3
seperti biasa pengiriman dan pelayanan lama! pdhl officiall store?,0
buat emulator delay parah sama deadzone di dua analog di emu ppsspp dan beberapa emu yg saya coba. intinya gak rekomen buat yg main emulator.,1
barang sesuai dengan deskripsi sedot nya kuat banget cocok buat debu kecil di sela laptop ato mobil woke banget lah cincai lah siplah,3
pesanan aman dan pengirimannya cepet. seller juga responsif. bukunya ternyata gak tebel. thanks seller bukunya sampe dalam keadaan aman. sayang aja gak kebagian bookmarks nya periplus pdhl belanja banyak.,2
pengiriman tepat waktu. kondisi paket dan barang diterima dalam kondisi baik. sudah dicoba dan berfungsi dengan baik. terima kasih sukses selalu.,2
saya pesan ukuran xl. tapi yang datang kuruan m. ngak bisa pakai. returnya gmn?,1
barang tidak sesuai deskripsi!,1
alhamdulillah barang dtg dlam keadaan aman tidak pecah,2
packing rapi barang sesuai deskripsi. mantep lah.,2
alhamdulillah paket sudah saya terima dengan baik saya sangat suka terimakasih banyak,3
ini bukan kertas origami tapi post it,0
alhamdulillah barang sudah diterima dg baikrespon penjualnya top deh.semoga makin suksesabang kurirnya ramah.terimakasih,2
barang bagus tapi estimasi tiba dilokasi tidak sesuai di aplikasi. semoga pelayanannya dapat ditingkatkan,1
barangnya jelek cepet rusak baru pake sehari talinya sudah mau lepas,0
beli tp gak dikirim,1
bagus barangnya udah berkali kali beli di sini,3
ini kok ga ada di stand hanger pesanan saya? buat apa saya tambahin biaya,0
tidak sesuai,1
wangi nya enak banget bener kaya creambath salon,3
dendeng yg sy terima ada beberapa yang muncul jamur putih di dipermukaan dagingnya. untuk rasa banyak sekali ketumbarnya sehingga waktu dimakan rasanya kasar sekali. seller mohon diperhatikan kualitas produk sebelum dijual. terima kasih.,1
pelayanan nya gak seperti biasanya. ? php,4
bukan jam harga mahal yg didiskon.tapi jam yang sesuai harga beli dan kualitasnya.,2
thx ganbarang sampai dengan selamat,2
pengiriman cepat berfungsi tapi harus dikaretin klo ngga longgar jadi ngga bisa di pake,1
pengiriman cepet bgt dapat bonus pouch packing rapi dan sangat memuaskan lanjutkan kak pelayanan baiknya kalo bisa tingkatkan. terima kasih.,3
kualitas bahan bagus . jahitannya rapi. warnanya cantik . model celananya cantik . nyaman dipakai . bahan menyerap keringat. ukuran sesuai. tidak menerawang. bahannya adem. bahannya lembut. udh punya warna navy dan dark grey. pengen lagi warna lain. bagus pake banget.,2
produk sesuai deskripsi. good communication. fast response.,2
sepatunya enteng. solnya empuk. nyaman dipakai. ukurannya sesuai. desainnya sporty . proses pesanan cepat. warnanya cantik. packaging aman .,2
berfungsi dengan baik.,2
yg sebelah cuma hidup sebentar trs mati. dan terasa panas kaya ada yg konslet,1
kecewa order disini beli produk kenmaster tapi yg dikirim label yang berbeda dengan foto di etalase produk bulu tipis dan ternyata gagang tidak bisa diperpanjang pula,4
ada lubang di matras pas buka plastiknya,4
mantap sukses terus tokonya,2
barang tidak sesuai dengan yg di iklankan seperti nya bekas,1
saya udah beli tpi gaak di sertakan . huh. bohong,0
hasil memuaskan bahan sesuai deskripsi dan pengerjaan cepat was wes wus,3
benar benar disarankan untuk pembeli lain membeli tambahan packing. tapi selebihnya kertasnya ok tidak cacat sama sekali. harganya juga terjangkau. best lah?,3
sesuai randomnya bahan sesuai expektasi. terima kasih,3
minta halus dikirim kasar.laen ngopi duli biar melek admin yg ngurusin orderan,0
fiturnya cukup bagus sesuai harga,2
pembelian yg kesekian kali disini ?,2
seller menggapangkan dan menyepelekan pembeli. pengiriman lama pelayanan tidak memuaskan. seller bilang wajar lah lama dikirim kan barang diskon sudah lama dikirim pas di pick up gagal pick up tidak di follow up lg sama seller. sampai saya complain baru di kerjain untuk kirim. kualitas barang standar. intinya saya bisa beli dimana saja barang sejenis. tp sangat menyesal berhubungan dengan seller seperti ini.,4
kardus bekas dijual. itupun masih rusak susu nya,0
mantap keren. cuma harus colok listrik kalau mau pakai fitur alwayson. kalau pake batre aaa biji harus dipencet dulu baru nyala,2
bagus bajunya buat sehari hari anak,2
zooonk produk ini tdk ada dlm paket yg sy order? kecewa sm toko ini ?,4
baru di pakai dgn pemakaian prinegativei standar jam perhari hari sudah rusak.mengecewakan mutu barangnya. saya beli tinggal sisa satu lagi utk membuktikan kwalitas stik ini brp hari tahan?,4
lampunya terang. pas di kepala. produk yang diterima lengkap.,2
fast resp seller pengiriman cepat packaging rapihhh aman barang lengkap sesuaii thankss a lott?,3
retak. padahal sudah pakai asuransi. sangat kecewaaa,4
wanginya enak respon seller n pengiriman cepat,2
barang sudah sampai packing bagus,2
pengiriman cepat barang sesuai pesanan dan terbungkus dengan rapi ? recomended,3
gak ngerti model kardusnya kyk apa ada tanduknya tp kotaknya gak disesuaikan ? kardusnya sampai bolong tanduknya patah. pdhl bubble warpnya udh bnyk bngt. jd kardus kemasannya yg gak diperuntukan utk barangnya. better dikeluarkan packing kardus ulang biar aman.,1
cepat respon baju tidur yg datang sesuai deskripsi ukuran dan gambar xl. bahan kaos katun. ?,2
saya sengaja selesaikan pesanan ini agar bisa nulis ulasan sesuai pengalaman saya belanja dintoko ini. saya sempat tamyakan via chat tentang foto asli ikan dijawab ikannya sesuai gambar di etalase saya tanya juga bukan burayak dijawab bukan. tapi faktanya. non sense yg dikirim burayak,0
mudah copot tidak lengket di kaca mobil atau spion,4
barang yg dibeli sama sekali tdk berfungsi. utk komplain hrs ada video unboxing pdhal bukan kerusakan fisik. beli dari official store ternyata sama sekali tdk menjamin kualitas barang.,1
produk yg dikirim awal tidak dapat berfungsi dengan semestinya meskipun sdh dikirimkan lg produk lainnya. selain itu seller sangat tidak layak menjadi official store. pengiriman barang tidak sesuai dengan jadwal yang dijanjikan di deskripsisistem tokped. selain itu sangat slow response seller ini. not recommended.,1
admin super responsif.cartridge berfungsi dengan baik.sayang bgt cuma bisa ngasih bintang,2
ada noda kuning di jilbab nyapendekkaku!,0
recommended seller?,3
pembelian kedua tapi kali ini kecewa banget. segelnya sudah terbuka maskernya crumpled dan karena beli yg hitam jadi ga keliatan apakah ini beneran masker baru atau bukansudah kotor,4
kainnya gk tipis standar tebal batik biasa adem lembut variant yg dikirim penjual sesuai.,2
bahannya bagusbentuknya lucu .,2
sudah sampai dan lengkap y gan. trins,2
produk mantapp?,2
ukurannya tidak sesuai.pesan x dikirim x,4
sudah kesekian kalinya pesen green screen di sini. dan tetap selalu puas dengan pelayanan dan produknya?,3
barang nya sesuai deskripsi dan foto bener bersih saat di coba dpat bebas ongkir jga dan cpat smpai terimakasih tokopedia dan seller,2
puas bgt sama toko ini responnya full cepet bgt pelayanannya juga diatas standart.,2
kurang sesuai ekspetasi,4
barang udah nyampe .makasih broo,2
gagang tlp ny patah,1
pasangnya gampang. bahannya kokoh . barangnya original . proses pesanan cepat. packaging aman . packaging rapi. respon penjualnya top. penjualnya ramah banget.,2
seller kurang respon kecewa,4
kaleng penyok,4
barangnya bagus mewah banget. udah dicoba jg bulu yg ngegumpal ke tarik jg. bagus pokoknya,3
kesan pertama gak baik.parkiran gojek menjadi tanggung jawab pembeli.kapok ah beli ditoko ini lagi.semoga lancar aja bos.,1
produk sesuai pengiriman cepat dan packaging aman. terima kasih seller!,2
belum ada hari di kulkas tapi udah basi. hiks.,4
penjual responsive. barang sampai dengan selamat. sudah berkali order disini untuk saya bawa ke turki ka. terimakasih ya ka,3
pdhl beli tanggla bilang ada souvenirternyata dtg cm susu nya doank.aaa payah,0
besi disalah satu sisi gak bisa diatur panjang pendeknya karena sudah dol jadi alat gak bisa digunakan mengecewakan sekali,1
produknya bagus. sesuai dengan harapan,2
sesuai deskripsi.packingnya rapi.thanks,2
pesan dikirim . ga bisa komplain. karena ga ada video. sudah dikirim foto tetap gabisa. respon lama. baru sehari setelahnya minta no.resi. ga waktu hari pas komplain minta nomor resi. silahkan ambil rbu nya.,4
barang sangat bagus .kualitas produk bagus.,2
warna tidak sesuai dengan yg dikirim males pengembalian barang seller asalasalan kirim,0
kecepatan tdk sesuai dgn deskripsi,4
sesuai deskripsi pesanan. bahan lembut nyaman dipakai. sesuai harga.,2
ternyata kecil. belum pasang. semoga berfungsi baik.,2
barang tidak berfungsitidak bisa jalan.,4
br pakai mnt sudah rusak padahal engga jatuh dan ga kebanting.,1
kacau. udah nanya di chat ini kalau dibikin begini bisa gak. dijawab bisa. trus udah jelasin di chat begini begitu chipnya harus disini dll. trus malah disuruh tulis di email. oke lah udah ditulis juga di email begini begitu panjang lebarr. bahkan udah dikasih contoh gambar yang jelas posisinya begini ya. eh yang dateng gak sesuai dengan requestnya. kecewa banget lah. nyesel beli disini. padahal ngeliat reviewnya banyak yang beli harga juga lebih mahal sedikit dari yang lain tapi begini pelayanannya.,1
jos mantap udah saya tes nya normal semua tinggal coba hasil suaranya aja moga suaranya juga tanpa kendala,2
pelayanan buruk sekali pengiriman barang buruk sekali dan lama banget sampainya. kapok beli disini lagi gak lagilagi,1
duh kok ga belajar dr pengalaman ya banyak yg complain datangnya dalam keadaan retak sy kira sudah diperbaiki pelayanannya,0
kak pesanan saya yang satu di batalkan tapi uang tidak di kembalikan !,0
pesan hitam di kirim putih lama proses pesanan nya,1
kabel nya original hanya untuk iphone seri tinggi harus di bolak balik saat di cas baru bisa masuk,2
kualitas produk mengecewakan. mulut buaya baru dibuka x sudah stuck dan tidak bisa dipakai lagi. klaim bisa mengembalikan barang juga ternyata prosedurnya tidak mudah. akhirnya cuma jadi sampah di rumah.,4
jelek mudah rusak,4
pesan dateng,1
barang pesan yang dateng bayar harga yg dateng makasih . ga ush dibuktikan cek aja pengeluaran barang nya baru cek pembeli jgn pembeli yang ditanya unboxing ga terlalu penting abisin quota,0
barang tiba terlepas beberapa bagian ada jg bagian yg hilang. entah dari toko atau dari jasa pengiriman yg krg baik,1
saya pesen ini yg dateng cuma sukiyaki dan konbutsuyu padahal di deskripsi tertulis jenis. kecewa bgt.,4
akses sukses digunakan sangat mudah buat yang punya hp nfc bisa kirim ss dan kartu langsung dikirim,2
bagusssssss sekalaaaaaaaaaaaaa uuhuy.,3
baru dua kali di pake udah mulai rusak kainnya gak rekomendasi banget barangnya mudah rusak,1
sampai dengan selamat mulus dan berfungsi sempurna. seller mau sabar dikonsultasikan dan mengemas dengan aman. recommended,3
kayak pelayanannya,0
packing sangat aman . selalu puas thx seller sukses,2
barang diterima dengan kondisi pinggirannya patah.,1
sangat mengecewakan hipseat dan baby carrier tidak bisa disambung karena tidak ada safety lock antara hipseat dan baby carrier dan hood pelindung kepala bayi tidak tersedia. semoga kedepannya deskrepsikan produk apa adanya sehingga konsumen mengerti dan paham produck yg anda jual,1
spidol kualitas bagus harga termurah dibanding toko lain,2
barang lumayan bagus respon penjual cepat,2
suara kecil sebelah. ini produk bermasalah kaulitas kontrolnya. gak rekomen.,1
gede balonnya tidak sebesar yg di iklan.,4
pengiriman cepat buku dalam kondisi baik,2
sangat tipis.keterangan besi tp yg dikrim aluminium tipis dan lembek,4
nyaman dipakai. bahannya kuat. muat banyak barang. potongannya rapi. jahitannya rapi. ukuran sesuai. resletingnya lancar. bahannya ringan. modelnya keren .,2
yg dipesan kerah tinggi.yg dtg pendekbiasa,4
sesuai pesanan motif garis dan polos bahan sesuai hrg mksh,2
pengiriman standart dan buku sampai dengan aman,2
memuaskan ?,3
box nya rusak padahal pesenan orang buat kado. mengecewakan,4
bagus banget kertasnya dan sesuai deskripsi,3
great service pelayanannya super cepat dan memuaskan semua yg saya tanyakan dijelaskan dengan sabar dan jelas,2
gimana bisa miring begitu? plus udh di wanti alamat kirim kantor tutup jam terus libur akhir tahun. udh ditanya udh konfirmasi katanya bisa sblm jam sampe pake sameday. ini nyampe nya jam malem gw nungguin di warkop depan kantor yg udh gelap. tolonglah kalo udh di notice gitu pilih sameday grabgojek jgn pake anteraja yg transit sana transit sini. kalo emg ga bisa ga usah diiyakan pas nanya jam sampe apa enggak. kecewa,1
istimewa.akurat dan dicetak dengan sempurna,2
mengecewakan. kemasan luar kertas sobek besar. kelihatannya seperti karena basah krn ada bagian ujung kertas yg melengkung. padahal pengiriman d pack dgn bubble wrap. saya terima krn saya gak sempat bikin video unboxing,4
paket aman.tq gan,2
kecewa. beli nya pcs tetapi yang datang hanya pcs,4
bahannya jelek yah memang sesuai dgn harganya sih. lipatannya terlalu kentara akhirnya tidak bisa dipakai.,4
worth it lah sesuai harganya.fast respon dari penjual fast shipping juga.recomend.thanks,3
proses kirim vouchernya cpt. cm blm check in sih. semoga ga ada masalah sampai hari h. harganya ok banget dbanding agent sejenis dan sellernya responsif suka jadinya,3
ibarat bli kcing dlm karung kainya tipis kyak kulit bwang trus nerawang bnget pokok nya gk bgus bngt kcewa ?,4
respon seller lambat. hari dl baru barang dikirim.,1
serbaguna dan tajambarang sesuai deskripsi. recommended seller tentunya! ?,3
bagus dan ini order saya yang kedua.,2
bahannya tipis bgt. dipake panas sablonan juga jelek.,0
bangke sampe rumah mati semua. jangan beli disini.,0
pencetannya agak keras jd tkt cepat rusak. terus airnya jd bau plastik. tidak dapat dipakai,1
pesanan tidak sesuai ukuran.,4
barang berfungsi baik semoga awet,2
tas nya nggk bagus bahan sablonan nya.maklum lah murahan.,4
buku sesuai dgn harganya. colorfull dan harga ekonimis. hanya sj ada buku yg bbrp halamannya kosong. . sprti yg buki zebra.hampir sebagian halaman kosong sis.sy beli buah. blm semua sy cek sis.,4
parah amat.d kirimnya baju bekas. klo mau jualan yg bener bu,0
mungil bntukny tp bnyak fungsi kualitas mantaapppp,3
kualitas produk kurang memuaskan,4
pokoknya suka bgt lah ama sabun ini,3
barang tidak dikirimkan ?,0
mantap . cepat sampai .,2
recommended seller! barang udah sampai packing rapih barang sesuai deskripsi thanks ya,3
baru mau di pake clipnya copot,4
ini cookies terenak dimulutku?,2
obatnya manjur anjing ku udah mulai pulih dari sakit kulitnya thanks gan recommended seller,3
permukaan screen guard agak kasar. tisu basah nya sdh kering packing aman dan pengiriman cepat,2
kemasan rapih aman barang lengkap n harga terjangkau. seller n bang kurir jg ramah. mksh utk tokopedia,2
bau makanan tidak nyaman dan rasa tidak enak.,0
packing ok di dalem di kasih bubble wrap. buku juga ok isinya gk ada yg cacat cuman syang pinggiran buku nya sedikit rusak. overal cukup puas beli di sini. tunggu orderan sya selanjutnya,2
barang bagus sesuai gambar tapi gaberwarna,2
dapet barang gak bagus. analog kiri gabisa buat jalan ke serong kanan atau kiri. mau retur ribet seller slow respon. alhasil cuma jadi pajangan aja nih stick. edit setelah seminggu analog gabisa jalan sama sekalii penjual sama sekali ga responn. nyesel,1
tidak sesuai gambar. janggan percaya ama seller ini penipu. kualitas jelek.,0
nyaman banget dipakai kualitas bahan bagus ?,2
maaf saya kasih bintang karena penilaian saya tergantung efektifitas produk yg saya beli ini gada efek sama sekali udh smpe hbis saya pakainya,4
bagi temen mending ga usah beli drone disini drone yang saya pakai baru dipakai hari terbangnya udah miring pas take off malah jungkir balik sendiri balingbaling kadang mati kadang hidup chat ke penjual cuma diread dan ga direspon klo ada bintang mah udah tak kasi bintang ni toko. ga niat jualan.,1
pembelian kedua. seller seperti biasa responsif. pengemasan barang sangat baik dengan bubble wrap dan menggunakan kotak lagi. kualitas kimchi segar dan enak. overall good job!,2
ini bukan kaos kaki. tidak ada tumitnya. sekali pakai langsung melar,4
produk saya terima dengan kondisi baik terima kasih,2
suka banget sm flimty krn membantu memperlancar bab rasanya enak mudah untuk dibawa pengiriman cepat penjual ramah thank you kak. semoga sukses usahanya,3
muaanntttaaappp. seperti syamsul.,3
repeat order yg entah keberapa. selalu puas. makasiii banyak gan. sukses selaloeee yaaaa.,3
proses dari pembelian ke pengiriman lamaaaaaaaaaaa admin gak sopan slow respon. ancur parah nihh toko.,0
jujur sy ragu dalam box tidak ada plastik masih kalah sama yg di bwh sensi ya. lebih ke higienisnya sih.,1
desinfektan yg baguss seperti ulasan videonya respon penjual baik dan cepat pengiriman cepat. thank you seller ?,2
cairan ini ga cocok untuk xiaomi f hancur diffuser nya? rupanya cairan ini mengandung oil yg buat korosi material f dan garansi diffuser nya pun jd void parah ah,4
mantap barangnya sesuaibagus makasih min?,3
bagus semuaaaaanyaaaaaa?,3
respon baik mutu lumayan hrg terjangkau,2
awal udah checkout procecor sama admin disuruh beli bubblewrap biar aman yaudah checkout bubblewrap deh beli. pas paket udh dateng malah cuman bubble wrap doang wkwk kocak nih toko. mana prosesor yang dicheckout duluan malah belum dateng lagi hadehh,0
barang tidak sesuai yg dipesan sarung tangan n yg dikirim peluru. tolong lebih teliti merespon pesanan.,4
pelayanannya yang sangat mengecewakan padahal gojek instant tp besoknya baru dikirim di chat balasnya lama bangett no rekomen kl yg buru,4
toko yang tidak rekomended. pelayanan pengiriman tidak sesuai kenyataan yg tertulis di deskripsi. dan terdapat barang yg kurang malah tidak di kirim lebih memilih kembalikan dana pembeli.,1
pengirimannya koq lama bgt ya.order kamis.br dikirim senin.itupun setelah dichat tny kapan dikirim.alhasil gagal memberi kejutan.tolong perbaiki kinerjanya ya.,1
sesuai dengan harga dan yg paling penting pelayanan cepat bagi saya yg dropshiper sangat terbantu terima kasih ka,2
barang tidak sesuai yg diiklannkan. sdh di tukar yg baru tapi sama payahnya tidak peka dan tidak copartble untuk beberapa merk,4
seller lama sekali kirim. order minggu buat rabu pagi sampe selasa g dikirim. baru dikirim rabunya. kamis baru sampe udah kelar butuhnya. udah request cancel bahkan sebelum barang dikirim tapi seller g mau cancelin alasan gabisa cancel dari audit sistem.,1
bintang yang berbicara,2
bukunya pas dibuka agak kotor gtu terus ada beberapa penyokan disisi buku,4
saya sangat kecewa beli di toko ini? seenak sendiri menaikan harga padahal sudah deal beli. ditambah lagi admin nya sangat tidak ramah? official store kok pelayanan seperti tidak profesional. sangat tidak direkomendasikan membeli di sini. pasti kecewa.,4
review jujur ya port untuk kontroler player nya nggak berfungsi sudah coba tanya ke seller but no respon. sudah coba reset colok cabut dan pindahin kontroler tp tetap nggak berfungsi. thanks,4
barang sesuai kualitasnya pelayanan toko bagus dan responsif,2
pihak toko lama dalam mengirim barangwarna barang tidak sesuai,4
nyesel beli kagak terang,1
menyesal gue belanja di tempat loe cuy,0
nd purchase selalu amaze sm cara mrk packing. tebellllll n rapihhhh bngt bubble wrap nyaaaa ?,3
kualitas menurun sambungan bagian tengah mudah sobek,1
barangnya original . ada garansi resmi. kelengkapan sesuai. kemasan disegel. warna sesuai pesanan. spesifikasi sesuai . suara jernih. berfungsi dengan baik. barangnya mulus. kamera tajam. proses pesanan cepat. packaging rapi. packaging aman . respon penjualnya top. penjualnya ramah banget. baterai awet.,2
jadi semangat mancing.,2
hmmmm barang kurang kokoh tidak bisa utk menyimpan barang berat. doyong. kemahalan utk tingkat kekokohan seperti ini sorry,4
batere datang rusak katanya mau di telp dari marketing setelah tunggu minggu tidak ada kelanjutan,0
keras nya bukan main kayk batu,0
lubang hangtag tidak rapih,4
artemia dtg udah byk yg mati,1
dimsum mantaap.selalu setia menemani dengan kehangatan di saat musim hujan.setiap gigitannya mak nyoosuenaaak tenan.tks,3
minta size dikirim semuanya tanpa ada konfirmasi dahulu,4
dari lampu.yg nyala cuma .yg nya mati.padahal udah dijemur dulu sblm dipasang tadi siang.kecewa ya.,4
kirim celananya ga sesuai ukuran,4
lain kali lebih teliti.tolong dicek dulu sebelum barang dikirim jgn sampe salah.pesan nutrilon sebanyak kaleng tp yg dikirim satunya nutrilon .,4
berfungsi dengan baik di korea,2
dari dulu emang suka dg efek nyesss . adem pakai sabun ini. apalagi sdg promo beli dapat . brg terbungkus rapi dg bubble wrap aman sampai diterima.,3
pro harga kaget flash sale respon seller cepat dlm proses konstruksi hampir seluruh nya dari logam kecuali mic holder. con base plate tipis baut ball head tidak presisi jadi harus gantimodif. baut konektor arm uk. xtpi bkn jd kurang compactible holder hp kurang panjang jd kl hp berat suka jatuh jika posisi menghadap ke bawah.,2
gak ad solusi. ! semoga uang ny berkah ya mba.,0
kaosnya enak di pakainya,2
mantab pelayanan cepat dan barang original,2
pengiriman tiba sesuai jadwal. barang sudah saya coba dan berfungsi dengan baik. smoga awet ya.,2
packaging aman . packaging rapi. desainnya lucu. respon penjualnya top. maap fotonya burem soalnya ss dari video unboxing ?,3
lucu katanya di proses ke toko cabang tapi malah ujung nya di kirim padahal saya cuma mau ganti alamat penerima repot sekali toko ini hanya untuk cancel pembelian saja di bikin ribet,0
barang bosok! sekali pake rusak. mau claim dijawab berbelit ama adminnya,0
minta pink sama merah d kirim merah semua. untung anaknya mau.seller arogan. jualnya memaksa. saya mau warna yg sesuai . kapok deh gak lagi lagi,4
di aplikasinya gak bisa kelihatan kalo pintu lagi ke buka atau enggak.tapi automationnya lumayan lengkapnlah,2
paking tidak rapih jebol,4
trnyata tanggal merah tetap melayani pengirimandan benar lngsung dikirimkan by instant kurir.pelayanan dan respon nya juara.semoga awet dan fungsional,2
wanginya ga sesuai harapan kaya bau ikan teri,0
bagus barangnyacepet nyampeknya ?,2
wangi nya sma skali gak enak.kaya barang udh kadaluarsa di pake di mobil gak nympe hari.smua yg masuk mobil ane komplain.hadeh.malah udh beli biji pula,1
baranga mantap jooss,2
slalu beli di official shop. ga pernah kecewa. makasi seller,2
packing sangat kacau hanya bubble wrap tipis sehingga koper rusak,4
lama banget sampainya. ga terlalu rekomen untuk beli. seminggu lebih sampainya.,1
barang cepet pengirimanya sesuai pesanan,2
jelek. banyak penyok sana sini. sangat mengecewakan,4
pegawai nya kurang fokus nih pengiriman kurang satu bukunya kirim lagi dengn nama yang lain lagi,0
bahannya plastik jelek suaranya kecil banget lampunya jg gk terlalu terang bru jg dimainin udah patah,0
exp april saya beli total kurang lebih pcs buat di jual lagi . klo tau exp dekat g akan ambil ? sudah ini dpt zonk segitu banyak mo dipakai sendiri g bakal habis sampai exp,1
besi pengganjal ga ada.jd ga bisa mengunci.,4
barang sampai tapi banyak yang tergores dan penyok di penyangga nya,1
banyak halaman terulang. malu saya pas kasih hadiah.,4
mantap langsung dipakai anak untuk belajar,2
barang sesuai gambar pengirimannya bisa lebih dipercepat akan lebih mantap.,2
barangnya sesuai gambar lucu jga dipke anak saya,3
setelah beberapa lama barang sudah agak rusak padahal pemakaian jarang,4
respon cepat kemasan rapi harga murah barang istimewa,2
susah d pakainya angin banyak yg bocor,1
jahitan rapi. modelnya cantik . nyaman dipakai. bahannya adem. tidak menerawang.,3
fast response. produk bagus sesuai pesanan. pengiriman cepat hr,2
mantap. barang sudah sampai dgn harga yg sangat ekonomis tapi kualitas barang tdk ekonomis. recommended seller nih.,3
luar biasa packing di jamin aman pakai bubblewrap. cepet banget prosesnya. senin malam cekout paginya kirim hari ini rabu sore sampai. sangat cepat. sangat puas. terimakasih sukses selalu yah tech cube,3
terima kasih barang yg d terima bagus berfungsi semua packingnya juga oke jd barang aman sampai d rmh tanpa ada kerusakan,2
pinknya tipis dan menerawang. pengirimannya buruk barang baru dikirim minus beberapa jam sebelum batal otomatis. padahal hari setelah order penjual sudah diingatkan via dm tapi malah disuruh sabar tanpa diberi alasan dan status barang masih tetap dalam proses mungkin nunggu orderan besar biar sekalian dikirim.,4
penjual gak jujur ! respon kebanyakan bot!,0
pesanan diproses sangat lama,4
ukuran produk sesuai.,2
ada beberapa yang jahitan tidak rapih,4
proses packing sangat lambat.,1
belinya dikirim kurang teliti dalam mengirim pesanan,1
barang tidak ada dalam pengiriman. malah di kirim timbangan,4
joystick berfungsi dengan baik plug and play. build quality kokoh terdeteksi dengan baik di steam.,2
kualitas produk sangat bagus.respon penjual sangat cepat dan ramah.pengiriman aman sampai tujuan.terima kasih tokopedia.,2
packaging kurang bisa diperbaiki lagi karena parfum tumpah,1
kain green screen nya datang sesuai deskripsi walaupun kainnya agak tipis tp gpp masih bisa dipakai dengan baik,2
sblmnya maaf boxnya gasempet difoto tapi packingnya rapih bre ? walau bukan pakai bubble wrap tpi tebel dan aman dari guncangan dan benturan padahal isinya juga kokoh ? harga udah murah pelayanan juga terbaik dari sellernya gila sih pokoknya juara sih ini ? build nya kokoh besi dan kontrolnya agak sulit btw krn hanya cukup control di sikunya tapi kalau dh terbiasa sih enak aja.,2
barang bagus cm ternyata kecil gk seperti yg di bayangin tp anak q suka cm yg kecewa kabel chargernya gk ada,3
barang bagus.bahannya adem. modelnya cantik .,3
sangat kecewa pesen dkirim huuuuuufffttt,4
barang yg saya pesan tidak sesuai pesanan. udah komunikasi via chat untuk minta tukar dan minta tolong direspon ke tokopedia care tapi ga ada balesan sama sekali. pertama kali saya ngalamin kyk begini selama belanja di toped.,1
pesan barang tapi pas promo . tapi tidak dikirim malah disuruh refund duit yg dikirim cuma barang hak sale! gajelas sale nya! nipu bgt itu sale padahal official store,0
sumpah ini bagus keren. packing rapi bgt product aman. sdh di test berfungsi cloud nya bnyk ga basah ga ada noise filter dpt pc. pake battery jd praktis ditaro dmn aja. top thanks seller.,3
kualitas produk baik. pengiriman hanya dengan box original dari pannya.,2
untuk kain jarik batik agak kecewa sih.saya pesen yang warna tapi dikasih yang klasik . bahan agak kasar dan tidak panjang kainnya . memang sih sesuai harga ! tapi yasudah gpp . thanks,4
buku gambarnya di gulung alhasil jadi melengkung semua,4
aaaa bagus banget pengirimannya cepatt dan aman juga packaging nya bisa nyala juga tdi udh dicoba beli dgn harga rp senengggbangett,3
barang tidak sesuai dengan warna. saya mesan hitam di kasih warna brown. pengiriman lama. tp barang bagus,1
l r trigger nya ampas macam,0
respon sellernya cepet banget malem aja diladenin. dikasih panduan install pula bwt yg pemula pasti kebantu banget. mantaapp gan.,2
barang yg saya terima tidak sesuai pesanan. barang yg saya order adalah ukuran x tapi yg datang adalah ukuran x. dan tidak ada merek kecewa bgt dan tidak mau order lagi.,4
puas banget belanja di sini. sellernya ramah banget fast respon. pengirimannya juga lumayan cepat. barangnya memuaskan. packingnya aman jadi barang gak ada cacat sama sekali.,2
diterima dalam keadaan packing terbuka dan terlihat sudah pecah. komplain tapi harus kembaliin barang malah ribet dan jadi repot sendiri.,0
proses pengiriman yg sangat lama,1
bubel gak di kasih padahal ud atc.,1
respon cepat barang aman buahnya segar dan bagus pengiriman cepat,2
luar biasa respon dan pengirimannya. siang pesan malam tiba. luar biasa. ?,3
memory sdh sy pasang. ada keping gb ddr semua berfungsi dg baik. pengiriman lumayan cepat. recommended seller. ?,3
saya sejujurnya nyesel sih beli bubble wrap ini kayak cuman dikasih seiprit doang saya beli pcs. saya pikir packaging helem saya akn dibalur sama bubble wrap ini eh cuman kayak nutupin sebelah kiri dan sebelah kanan dus helem kecewa sih sama pesanan ini. kayak gak niat gitu thanks !,1
tokonya tidak sportif tidak koperatif pengalaman buruk belanja di toko ini barang cacat diajukan keluhan tapi tidak bertanggung jawab di chat lewat tokped ataupun wa tapi tanggapannya muter muter doang kebanyakan basa basi padahal tidak mau bertanggung jawab lu makan tuh uang buat istri lu hati hati dengan toko ini,0
alhamdulillah barangnya udah nyampe. d coba bagus. semoga awet. terima kasih seller kurir dan tokopedia.,2
kecewa sih. padahal beli mau buat dikasih orang. tapi malah ga dapet boxnya. sebelumnya pernah beli diario x nagita slavina juga tapi dapet box. kirain beli pas sale di tokopedia akan dapat boxnya juga. ternyata malah ga dapet.,4
kartunya kw semuakatanya ori gimana sih,0
saya pesan meo jelas tuna in jelly karena kucing saya sukanya itu. dikirimnya tuna bisa baca gak ya. trus mau diapain doank. buang. kalau pesan harus sesuai doank. barang kamu kosong? bilang! jangan main ganti sembarangan,0
barang yang dikirimkan sesuai dan harga terjangkau,2
barang lusuh seperti barang bekas terdapat cacat pada bodi serta segel original tidak ada padahal beli pada agen online resminya. kecewa juga,4
barangnya original . warna sesuai pesanan. suara jernih. penjualnya ramah banget. packaging aman . respon penjualnya top.,2
kualitas suara bagus kualitas built jg bagus dan kualitas battey ok banget. cuma kekurangannya dia ngga ada mic spertinya. krn device saya tidak detek mic jd kalo dipake telponan hrs ttp pake mic internal dari device. tapi enak buat sekedar denger musik nonton dan maen game,2
mur sama bautnya kurang dan penjual pertama bilang akan respon setelah hari setelah minggu masih aja ga ada solusi. disuruh kirim balik bagian jemuran padahal yang kurang cuma mur sama baut dibikin ribet akhirnya itu bagian bawah ga bisa dipake. kurang profesional penanganannya,0
biarkan gambar bercerita. pesan bh yg rusak bh. jgn percaya balasan pembelaan apapun dari seller tidak amanah. alasan rusak expedisi padahal bisa dilihat sebagian letak cacat bukan dari expedisi dan sebagian yg lain kalaupun dari expedisi ceroboh itu karena packingan tanpa kardus per satuannya dan bubble juga tipis sekali lewat seadanya tanpa tempelan fragile padahal sudah pesan bubble dan kardus tambahan. seller berusaha dilimpahkan biar diganti asuransi untung sudah diviseo unboxing dan ditolak jg dr expedisi. saya tidak pernah cerita panjang lebar di ulasan. tapi berhubung demi kenyamanan buyer lain utk jadi pertimbangan. bacalah ini. waspadalah waspadalah tidak ada itikad baik berusaha lepas tangan bahaya bisa rusak tokopedia kalau banyak seller begini. sudah dikasih note sewaktu proses dan sudah juga dichat dulu sebelum kirim utk hati hati karena mau utk dijual lagi. sudah ajukan resolusi pengambalian dana ke tokopedia tp dialihkan ke asuransi. utk akhirnya tetap tokopeda refund dana. trims admin,1
jam lgsg sampe packing aman buble warp kondisi barang sudah dicoba mantab lancar bagus hasilnya penjual fast respon. terima kasih seller.,2
semua mengecewakan,4
ukurannya pas. cepat menyerap. tidak membuat lecet. dapat bonus. terima kasih yaa.,2
mati sebelah kecewa pedahal udah kek percaya,4
lain kali kalau belanja di timbang di rumah wkwkk ntar kayak gini. percuma timbangan bagus tapi setelan di ubah,1
lubang utk muka sempit ga enak,4
material produk bagus. kualitas produk bagus. produk sesuai.,2
bahannya kurang bagus. biasa aja,4
toko ini gimana mau pakai di kasih udah mau mati kali jg bener jualan,1
barang berfungsi baik. pemilik toko sangat responsif dan membantu saat ada sedikit kendala. sukses tokonya ya gan ?,2
pemesanan kedua tapi hasilnya tidak rapi dan mengecewakan. laminatingnya mengelupas di pinggir dan potongannya tidak rapi. bolongan juga menonjol dan acakan.,4
sudah punya jenis yg sama made in china juga tapi yg ini bahannya lebih jelek.,0
entah knp skrg proses orderannya lama banget !,0
yg dateng gambarnya ga sesuai,1
harga affordable respon seller cepat langsung kirim. warna sesuai dan cat ga ngapur. mantab,2
barang yg dikirim ga ada remote nya ga lg belanja disini toko kurang teliti,0
enggak sesuai sama yg digambar,1
ternyata stick ga dikirim pake dus nya kyk beli barang bekas. ga sesuai deskripsi.,1
barang sesuai deskripsi,2
barang sesuai gambar cuman perlu adaptor v lagi supaya bisa nyala. terima kasih juga buat kurirnya,2
pesen apa dikasih apakecewa bgt,4
paaaaas banget ukurannya buat gantiin tempat sampah lama. barang bagus warna cantik. miniso ga pernah ngecewain sihkualitas product bagus. material bagus. harga terjangkau. recomended.,3
pesanan sdh diterima dlm keadaan baik dan cpt sampainya. dpt bonus stik.terima kasih seller dan kurir,2
produk original. efektif menyaring kotoran. produk berfungsi dengan baik. barang sesuai deskripsi.,2
barang sesuai keinginan thx toko pedia.,2
barang udah sampai tapi kondisinya sobek,4
terima kasih banyak telah melayani dengan baik. semua products bagus packaging nya aman. products sesuai foto harga bersaing dengan bagus. pengiriman cepat tepat. very recommended shop seller. next pasti akan sering blanja lagi di sini deh. semoga semakin maju sukses ya.,3
thankyou! produknya bagus banget seperti biasa dapet bonus foundation juga dan shadenya pun cocok. tapi pengiriman agak sedikit lama.,2
kirim cepat barang ori paking rapi,2
barang basah berair dan bau kwalitas tidak bagus tidak spt digambar cat nya byk yg terkelupas,0
baru dipake lngsung sobek.bahanya tipis,4
packingnya kurang banget ujungnya pd lecet. jumlah lengkap sesuai order,4
order yang ketiga. gercep. barang oke. pelayanan juga oke,3
material produk bagus. kualitas produk bagus. produk original. ukuran produk sesuai.,2
padahal barang belum diproses tapi tidak bisa mengajukan pembatalan karena salah barang. alhasil tidak cocok dan jerawatan pake produk ini.,1
saya sunggu sangat kecewa dengan pediasure,4
pelayanan cepat barang sesuai dan service bagus,2
bagusss bgt ikannyaa. ?,3
pesan buah xxxl ukuran lingkar dada cm yg datang dan cm. jauh bos ukurannya cuma kepake buat lap motor aja ini mah,0
pengiriman cepat dan barang diterima dalam kondisi baik,2
komplain krn jam di setting masi tidak menyala jawaban dr admin hanya ok,1
barang lama dkirimnyabeli tp nya rusak,0
jahitan rapi. warnanya cantik . mudah dibentuk.,2
lem gak kuat,4
proses cepat. celana lumayan bagus. makasih selleer,2
pokoknya top? bintang yg bicara ?,3
cepet sampai barang sesuai pesanan oke,2
produk yang diterima lengkap. lampunya terang. pas di kepala. pengiriman standard. paket sampai dengan aman. makasih,2
packing berantakan sungguh mengecewakan,4
ukuran sesuai. modelnya cantik . bahannya adem. istri suka banget,3
pengait senter patahh sangt kecewaa,4
saya sangat kecewa dengan attitude dan respon penjual. di awal confirm standbook warna putih tetapi saat kedatangan warna hitam. saat di tanyakan slow response sangat berbeda sekali saat sebelum pembelian yaitu bisa fast response. dan tidak ada bahasa maaf sama sekali. hati hati beli di toko ini sakit hati dengan attitude dan tidak beretika. sama sekali ga rekomendasi !,4
pesanan sebelumnya barang diterima keadaan baik tapi pesanan sekarang kemasan sudah robek dan bolong.,1
puas cuma untuk kemasanya kurang aman ya karna tidak pakai bublewrap pake map coklat gitu mapnya sobek ujung nya untung bukunya aman,2
kondisi drum pad nggak rapih masih banyak lem belepotan,1
enak bahannya pas banget bagussss pengiriman juga cpt bgtt sampe gainget pesen paket wkwk,2
produk asli penjual respondsif packaging rapi,2
packaging simpel. penjualnya ramah banget. proses pesanan cepat. packaging aman . packaging rapi. respon penjualnya top.,2
barangnya sampai dgn selamat. bonus pic. pengirimannya aman. capo plastik motif kayu bantalannya karet. semoga awet,2
ampun dah ini packing terasal yg pernah gua terima ini klu patah gimana awas aja isinya rusak pas gua pake ya,1
nggak fungsi.pisaunya ditusuk semua ke dalam tong tapi kepalanya tetap stay,4
langganan beli minigold disini ?,3
seller komunikatif produk bahannya bagus warnanya jg keren pengiriman tepat waktu instalasi mudah. packaging sangat aman box dan dikasih buble wrap. thanks jg bonusnya.,2
lama banget sampenya.pas nyampe jamuran gini.haduuh.parah deh,0
alhamdulillah produk ini sangat membantu. yang biasanya membersihkan wc pakai sikat berisik kerak tertinggal pada sikat kelihatan kotor. sekarang tergantikan dengan cooger sikat toilet ini. bahan karetnya membantu saya membersihkan wc disegala waktu tidak lagi membangunkan anak saya yang masih bayi karena berisik bunyi sikat saat membersihkan toilet ember mandi. bahkan bisa membersihkan diselasela bagian dalam dudukan wc yang tidak bisa dijangkau sikat toilet konvensional. sedikit tips untuk menempelkan ke dinding keramik kamar mandi. setelah dibersihkan dengan lap keringtisu kering bisa ditambahkan hair dryerkorek api dibagian yang akan ditempel perekatnya. cara menempelkannya seperti memasang pelindung kaca layar hp. dikeluarkan bagian udara didalamnya dengan cara menempelkan bagian atasbagian bawah tergantung mana duluan. gosok pakai jarikuku udara didalamnya sampai tidak ada udara didalam perekatnya. cooger emang sesuai sama slogannya. rekomended jelas.,2
ini mah bukan pvcbahanny tipis banget pu jg tipis tapi ga setipis ini bikin rugi w aja dicutting melenceng mulu mending mesin w xiomi ini graphtec yg puluhan juta bener kage beres nih toko sampah,0
mantap biar bisa bernostalgia eranya masih maen rame dulu pas jaman masih liburan sekolah,3
shieldnya retak dan penjual tidak mau bertanggung jawab padahal saya sudah coba bicara baik di inbox. sama sekali tidak merekomendasikan toko ini ?,1
sudah diterima dan sesuai. baguussssss,3
padahal add kardus tp gak dikasih. dan packingan dari kurir jg udah robek ?,4
barang rusak. pisau ada yg patah ada bekas goresan pisau sayang banget quality kontrolnya buruk.,4
aromanya bikin pusing dan mual,0
barang sesuai deskripsi baguss lucu bisa dibawa kemana mana mudahan awet,3
lampu rusak tidak bisa hidup dr awal lampu lg mati dan tdk bisa hidup setelah dipakai sehari.,1
pelayanan buruk pengiriman lama dan respon yang lama. jangan beli barang disini kalo ga mau kecewa. cukup sekali ini aja,1
ujungnya bompel mungkin kebentur pas ekspedisi. saran packaging seharusnya yg lebih aman utk barang mudah pecah.,1
baru d cobain langsung sobek tengahnya hahaaa maklumlah harga menentukan kualitas juga,4
gampang dipakai. nyaman di punggung.,2
ga jelas aromanya,0
selalu suka dengan dr soaprepeat order selalu beli disini,3
waktu sampe udah rusak,4
bagus banget hasilnya matte dan ga kering di bibir di kulit gelap juga cocok. dan tadi dicoba pake masker ga nyeplak lipstiknya. cuma sayang warnya merahnya kurang nyala dibanding lipcream matte yg impulse tapi overall oke kok. kalo make over keluarin warna baru lagi yang merahnya lebih nyala bakal order.,2
material produk bagus. produk original,2
isinya cuma kaya air putih mening pake semir ban di complain jg gk ada jawaban,0
barang ok pengiriman cepat recommended seller,3
barang tidak sesuai dengan foto,1
pakai esktra bubble udah bayar ternyata saat dikirim tidak diberi bubble,0
gak bisa nyala.,4
barang sesuai pesanan kondisi berfungsi dengan baik. seller responsif proses kirim cepat. recommended!,2
tasnya bagus ringan dan elegan. tapi sayang dateng pas dibuka jahitan sebelah kanan sudah pada copot jdi lgsg saya bawa ke permak tas?,4
kardus rusak packing jelek,0
jelek! silikon pelindungnya setelah ditekuk gampang pecah jadi sobek gitu. kualitas lamounya juga tidak sebaik yg saya bayangkan. jauh dibawah kualitasnya philips.,0
kualitas bahan mantap . berfungsi dengan baik. pengiriman cepat respon cepat paking rapi dijamin termurah.,3
barang jelek belom d pake udah pada patah,4
oke barang ny lumayan sesuai dgn harga,2
mantap packing rapi. mantap pokoknya.,3
best bgt sih ini fast respon best price prosesnya cepet bgt satu lagi helpfull dibantuin ganti tgl karena di tgl pas booking mendadak ada halangan kirain bakal hangus tiketnya gak taunya dibantu proses reschedulenya pokoknya best bgt bakal jadi langganan,3
produk berfungsi dengan baik.,2
powerbank nya tidak bisa berfungsi. baterai full charge tapi sewaktu disambungkan ke handphone handphone tidak tercharge.,1
klo bisa di test dulu minimal nyala .kondisi barang yg sampai ke saya tidak bisa nyala ada komponen dioda yg gak terpasang di power v input.overall sih ok bisa sy perbaiki dari pada retur.thanks,1
walaupun dapat saat harga flash sale tetapi kualitas barang nya tetap bagus dan struktur nya kokoh utk smartphone pada umum nya.,2
kualitas product bagus. material bagus. harga terjangkau. recomended.,2
sablonan tidak bagus.klo dicuci nempel,4
barang di kirim tanpa bubble pdhl sdh info kalau mendung gelap bahkan gerimis keciltp tetap di kirim tanpa di lapis apa pun. dus kalau kena air bkl robel dan tembus.,1
warnanya tdk sesuai ekspektasi,4
awal awal aliran air lancar lama lama kecil sekali,4
pengirimannya lama banget. pesen dr tgl sampai tgl blm dikirim juga. jd sy ajukan komplain ke toped abis itu baru barangnya dikirim. sempet kecewa sih secara sy pesan di official storenya gitu tp service masih spt ini ?,4
produk sesuai deskripsi. talenan tipis. pisau tajam jadi enak untuk dipakai grip pada gagang terasa nyaman.,2
sy pesan lilin yg angka dan . tpi di kirim nya angka . angka nya sdh benar pdhl wkt beli sy sdh jlalasin sy mau yg angka dan . sy tdk bs kirim foto nya krn sy udh buang brng nya krn tdk bs di pakai . sy udh tunggu brp hr tau smp brng nya dan di buka yg di kirim lain sm yg di beli . sy cmn pesan utk ke dpn nya blajarlah yg teliti sebelum brng di kirim .,1
barang sudah sampai dengan cepat sesuai dengan deskripsi produk berfungsi dengan baik packingnya rapih dan dibungkus dengan tebal recommended banget,3
auto langganan ?,3
parfum datang kondisi terbungkus rapi namun saya curiga kenapa tercium aromanya sampai keluar padahal belom dibuka sama sekali dari kardus luarnya. begitu saya buka kardus luar ternyata kardus dalamnya basah kemudian saya buka dan didalamnya isi parfum tinggal sedikit sekali. saya tidak tahu yg bermasalah di oengemasan atau pengiriman. mohon bisa dievaluasi lagi terimakasih,1
pelayanan sangat buruk sekali sangat tdk menghargai customer jd males belanja lg disini,0
sesuai harga,2
packing berantakan ada yg bocir tumpah semua,0
mantep bgt pokoknya bagus bola nya warna warni dan gak ada yang penyok. bagus deh anak saya suka ?,3
pelayanan terbaik dan barang original,2
untuk pengiriman antar pulau penjual hanya packing dg lapis kresek. alhasil dusnya babakbelur penyok sobek sana sini padahal ini mau utk kado. barang kecil saja di olshop lain dipakein bubble wrap kotak double. mana lama bgt baru dikirim order sabtu dikirim senin. shame on you ?,0
dasternya adem ya iyalah pada bolongsobek gitu ya jelas ademnyamentang gretonganhaahaaa parah asli,0
salah alamat. sudah saya kirim chat bahwa minta dicancel utk pesanan tsb krn sy salah masukin alamat. menit berikutnya langsung saya pesan ulang ke alamat yg betul. bukannya dibaca dulu chatnya malah langsung diproses duanya. dasar gak becus ! ifillll dan gak akan pesan di toko ini lagi.,0
baiknya sblm dikirimkan di cek dulu. karena ada part yang hilang jadi tidak bisa berfungsi. seller nawarin untuk tukar barang tapi ongkir ke bali sama aja kayak beli baru.,1
beli biji di telp sama toko. ternyata barang gk ada n d tawarin ganti yang murah. saya gak mau. eh tetap dikirim among us yg bukan uv! saya kan sudah bilang tidak mau! rugi .,0
sedikit kecewa karena packingan kardus berbyr ternyata benar hanya kardus tdk ada tambahan pelindung apapun shg pesanan sy penyok juga gmana klo tdk pki kardus berbyr mgkn pesanan sy tdk terbks sama sekali rusak total.,4
barang ori bagus masih segel sejauh ini berfungsi dengan baik,2
quality barang jelek. baut lepas terus,0
makasih barang jadi aman sampai di tujuan,2
spray air tdk keluar embun,1
instalasi mudah. pengiriman cpt. respon cpt trims seller smoga awet. aamiin sukses selalu seller tokopedia.,3
produk kehilangan salah satu karet sampingnya sudah di cek dalam box tapi tidak ada,1
kualitas barang sesuai harga bahan lumayan halus tapi sablon agak kasar sepertinya jangan di cuci dengan mesin cuci pengiriman cepat,2
barangnya sesuai pesanan dan bagus banget tapi ada satu yg agak aus samping luar nya karena packibg kebuka.,2
recommend banget beli disini respon cepet banget ga ada itungan menit dikasih best price harga ok mau tanya apapun di respon sampe di kasih no wa dan sabar banget tungguin semua sampe ok di call sampe menit jarang ketemu yg begini thanks banget ya. puas banget dan recommend banget,3
pengiriman lambat sekali sangat mengecewakan. ada pilihan pengiriman next day yg berarti pesanan akan sampai h setelah pembayaran dilakukan. tapi baru sampai hari itupun karena berkali kali dikomplain melalui whatsapp dan kolom chat di tokopedia.,4
packaging rapi barang sesuai pesanan ekspektasi. bahannya lembut ringan jahitannya rapi dan warnanya cantik,2
baru hari barang sudah rusak padahal pemakaian normal. saya kirim balik barang nya ke penjual. katanya masuk garansi toko dan akan di service tapi sudah bulan masih belum ada kejelasan juga. jadi sementara saya kasih bintang dulu. sampai saya terima kembali barang nya dengan keaadaan normal dan berfungsi,1
ada shimmer . packaging aman . proses pesanan cepat. packaging rapi.,2
jahitannya ngga rapih .banyak benang yg belom kepotong.ada juga benang yang copot,4
beli pcs hampir rusak semua bentuknya dan toko terus berdalih ya udah utk pelajaran aja utk yg mau beli,1
jujur kecewa udah beli kesekian kali. baru diminum sehari bsknya sudah asem. jadi g bisa diminum. mohon dipastikan tgl kadaluarsanya.,4
cuco meong pokoknya?,3
produk bisa dipakai dg baik. semoga awet. fast respon.,2
barang tiba dengan amanmantap deh . terimakasih,3
kualitas sesuai harganya,2
barang sudah diterima sesuai dgn deskripsinya terimakasih,2
kecewa sekali tidak sesuai descripsi ukuran yard boong banget sangat tipis sekali.,4
pengiriman lama banget dough nya juga jelek banget ga lentur ga seperti biasanya,0
barangnya sudah sampai tidak ada yang rusak atau robek barangnya original real pick packingnya bagus pengiriman sangat cepat kurir ramah pokoknya amanah deh kalo mau belanja di toko joyko official store. ?,2
so far barang yg aku terima bagus no cacat tp barang ini agak cacat di covernya kynya dr pengiriman karena pas sampe packingnya dah kebuka gak tau kynya di sobek buat ngeliat isinya sm si kurir atau gmna jdnya bukunya kegesek huhu sedih sih tp untungnya cm cover doang gk sampe ke dalem,2
tko libur ga ad pmbritahuannya pdhl aq psn sblm tgl merahchat dibls cm stu kta slma x jamhmpir sja kulaporin ke pusat bantuan,0
mengecewakan belanja disini. barang tidak sampai.gantikurir gak jelas.penjual gak koperatif.,0
tokonya songgong brg rusak minta dibebanin ke konsumen ngak usah jd penjual kalo bubble dibebankan ke. pembeli,0
barangnya sudah sampai dan diterima dengan baik sudah dicoba dan berfungsi dengan baik cocok untuk ambil barang dibawah tidak perlu menunduk dan jepitnya lumayan kuat semoga awet barangnya,2
ada pilihan mix warna yg dikirim warna biru padahal utk anak perempuan.kecewa.gk mau beli lagi dsini,1
sudah kesekian kali saya belanja produk atalon sangat puas. pengirima cepat produk original bahannya pun nyaman di pakai. pokoknya recommended buat pecinta olahraga lari dll.produk original . dijamin termurah. nyaman dipakai .,2
top markootooop,3
ada karat sedikit di bagian resletingnya sama jaitan sedikit kurang rapih di bagian dlm. tapi overall bagus sih.,2
cepet karatan dan agak ribet perawatannya,4
jangan mau beli di sini. cek review penjualan nya banyak yg rusak di kirim. saya korban juga. cek foto barang yang saya order. supaya yang lain tidak jadi korban. kacau toko ini menjual barang rusak.,1
orang beli disini karena terkecoh harga murah kali ya. produk ga guna. ga berfungsi seperti waxing lain pada umumnya. harga murah krn mmg produk murahan.,0
pia nya sudah sampai kak tp pas di buka pada hancur smua. padahal sudah di bubble wrap,4
nyaman di kulit. kulit jadi glowing . penjualnya ramah banget. packaging simpel. packaging aman .,2
keripik tempe hancur n agak bau tengik ga kemakan,0
barang tidak sesuai deskripsi bukan fast charger saya sudah coba di hp saya yang mendukung fast charger tapi setelah memakai kabel ini jadi normal charger bkn fast charger,1
puas banget seller helpfull sangat responsif dan cepet banget sampai nya recomended.,2
pesen kemarin dateng hari ini. cepet banget sajadahnya bagus bulunya halus terus busanya beneran tebel. semoga sholat saya bisa terus khusyukk karena sajadah ini aamiin. terima kasih seller ?bahannya tebal. bahannya lembut. ukuran sesuai. warnanya cantik . anti slip.,3
barang original sudah di cek keasliannya. sudah di coba dan berfungsi dengan baik. pengiriman menggunakan pos indonesia. gilaaaa cepet nya ampun dah gak ada obat. beli sabtu sampe purwokerto hari minggu. gilaaaaa. hari cooooy. wow diluar ekspetasi. semua fitur berfungsi baik. produk sesuai deskripsi. suaranya bagus dan jernih.,2
expirednya bulan sekarang bulan coba dikonfirmasi dulu habis kek gitu ga malu kah toko resmi ambil pahalanya aja malas ongkir bolak balik?,1
barang sudah sampai tapi tidak sesuai sample,1
baru dicoba untuk alas duduk beberapa jam so far lumayan nyaman tapi masih belum terbiasa. selain empuk juga bikin posisi duduk jadi tambah tinggi.,2
mksshhh pelangganku syuukkkaaaa,3
bajunya bagus bahannya adem oke banget,2
bagus. rambut jadi lembut.,2
jempol buat reseller dan produk nya ?,3
mantap sesuai pesanan pengantaran cepatproduk sesuai deskripsi.,2
pengiriman lambat sekali hari stok tidak jelas penjual bingung sendiri apakah stok masih ready atau tidak,4
barang sdh diterima dlm kondisi baik. packing bagus rapi pengiriman cepat. mksh,2
baru datang saya rakit coba naikan kulkas baru sebentar kaki sudah patah al hasil tidak di pakai untung kulkas tidak jatuh,4
memang lebih murah dari yang lain tapi rata udah ngga fresh lagi,1
barang pecah ndak tau dr seller apa ekspedisinya sayangnya saya selesaikan transaksinya sblm diunboxing bgtu dibuka malah pecah. barang cm dilapisi satu lapis bublewarp tipis. . overall kecewa,4
produk ok. cuman teksturnya terlalu kasar. overall positive. thanks seller,2
warnanya pekat. penjualnya ramah banget. desainnya lucu. packaging aman . packaging rapi. respon penjualnya top. proses pesanan cepat. desainnya mewah. aplikator mudah dipakai. cocok di kulit kering. cocok di kulit berminyak.,2
aku doang yang ngerasa apa gimaba tapi warna yang ini ga terlalu out as much i expected. tapi overall i loved it,2
alhamdulillah memuaskanwalau sempet kehabisan stok tapi gamasalah diganti sama model lain juga baguskualitasnya mantap pelayanan juga ramahmungkin respon nya aja perlu di tingkatkan lagi,2
masker cocok untuk aktivitas seharihari ?,2
nyaman dipakai halus juga kerenlah. muat untuk kaki saya yang panjang,2
ya utk harga an lumayan worth cuma rgb kanan dan kiri ga selaras sih sama ada deflect gara gara pengiriman mungkin.,4
seller responsif dlm mengupdate status pesanan packing produk rapi essential oilnya benar pure dari aromanya,2
pengiriman lamaaaaaa banget sampai sudah beli ditempat lain baru datang pengiriman lebih bulan.kacau ?,0
sebenernya kualitasnya oke sih tp nggak bisa masuk ke kamera yg biasanya pake phantom power.,4
barang bagus meskipun agak panas,2
ini toko korup.ga sesuai sama isinya.not recommended,1
ini juga sama krn pesannya barengan packing baik tp sbnernya bs suapaya aman di bubble wrap aja sedikit mungkin ya soalnya saya pake grab express klo di masukin ke kantong doang kyknya kurang aman aja. tapi produk bagus ga ada kerusakan respon penjual cepat,2
mainannya bagus banget ?,3
hadiah tempat minum lipatnya mana? qoq tidak ada! ? memang ada tulisan selama persediaan masih ada tapi kalau hadiahnya sudah tidak ada jangan ditampilkan lagi! itu namanya pembohongan. sudah harganya tidak sesuai! hadiahnya tidak ada lagi!,0
barang kaga di kirim . buat yg belanja banyak lebih teliti karena barang pasti ada yg kaga di kirim item dari total belanja .pelajaran buat saya karena gak teliti .dan yg punya lapak juga gak ada solusi rugi k an gpp,1
bisa muat sampai ukuran kaki no . suami saya suka ga tebel ga tipis nyaman lembut positive,2
barang tidak sesuai dikirim yang lebih murah selisih harga barang tidak dapat direfund. barang lecet padahal beli extra bubblewarp.,4
gantungannya sangat tipis dan rentan patah hari pakai sudah rusak,1
barang gampang rusak,4
biasa aja toko tak mau terima pembatalan! hati order disini,1
efektif membunuh hama. barang sesuai deskripsi. packaging aman dan bagus.,2
sdh order ke harga murah pengemasan super aman tidak pernah ada yg rusak sy terima,3
edny kurang sebulan pantes dijual rb,0
bonus kalender nya lecek buku ok,2
ga ngerti kenapa bagian karetnya melilit. dan ga bisa dilurusin. udah nyoba diputerputer tapi tetep ga bisa. sedih asli.,4
yang datang bukan yang keluaran terbaru yang ada butiran berwarna biru didalam gel hand sanitizernya sedikit kecewa walau manfaatnya sama hanya saja yang keluaran terbaru terlihat lebih menarik karena ada butiran berwarna birunya padahal di foto produk sudah ada butiran birunya. kecewa banget mau mesan lagi takut yg datang sama aja barangnya dengan yang ada. sedih.,4
tidak menerawang. jahitan rapi. mudah dibentuk. warnanya cantik . nyaman dipakai.,2
seller ramahhhhh banget fast respons menjawab pertanyaan buyer jadi buyer paham benar produk yg akan dibeli pengiriman cepat yg terpenting produknya bagus bgt berfungsi normal bisa atur semua warna termasuk rgb saat bermain dan putih saat bekerja warna putih menyala terang gampang connect ke wifi dan diatur di handphone aplikasi mudah digunakan memang ga salah pilih bardi yeayyyyy skrg kamar ada lampu rgb nya suka bgt sama ambience nya,3
imei terdaftar di kemenperin barangnya original ? penjualnya ramahbanget barangnya mulus proses pesanan cepat berfungsi dengan baik packaging rapi ada garansi ibox,2
mana barangnya!sy order macam n bayar rb kok yg dtg cuma paket promo harga rb aza! jualan sambil nipu yah! pdhl kalian official store loh! toped gimana nih pertanggungjawabannya! kapok sy kalo gini caranya! balikin uang sy rb!,0
warnanya cantik . pengirimannya cpettt. makaci pak kurir ujan d anterin,2
bahannya adem stretch worth to buy utk harga segini yg hitam lebih bagus dibanding yg putih,2
lucuu bangett. pengirimannya cepat sellernya responsif banget. subuh di chat jg dijawab soalnya aku liat ini uda dr malam banget sih. kirain bakal baru dijawab agak siang. trnyata subuh uda dijawab? informatif banget. ngsh tau klo dikasih oil agak berkabut. kirain bakal lbh berkabut dr ini. trnyata kabutnya cm kyk difoto. seneng deh. lampunya jg terang klo di tmpt gelap ? makasihh yaa,3
solusi mogok dijalan. produknya recommended dan berkualitas. senang banget ada home servicenya. senang banget bisa di pasangin di bengkelnya.,3
ad bbrp yang tidak berfungsi,1
thanksbarangnya bagus bgt dan packingnya rapitekomended?,3
sellernya sombong dan gak sopan!,0
penjual sangat tidak responsif pengiriman sangat lama pengen di cancel awalnya namun karena sudah sangat menginginkannya jadi ya sudahlah.,1
banyak game yang rusak beberapa game tidak bisa di save. biarlah saya ngga akan protes apa puntapi saya harap seller lebih cek dan ricek barang sebelum kirim. kalau sudah sampai tapi barang rusak kaya giniyang rugi konsumen bukan seller. apa lagi pembeli yang jauh dari luar kota seperti saya.,1
makasih gun barang nya udh sampai sesuai pesanan.,2
respon lamaproses lama. not recomended!,1
produk tidak bagus,4
awet banget ni strap nya enak juga tebel jadi ga takut putus,2
klo produk udh pasti bgs krn original. pengiriman nya jg bgs hari ini order bsk bisa lgs nyampe. tks,2
barang yang dipesan sesuai datang dengan selamat,2
penjual lambat respon penjual. barang lama dikirim. keburu basi nih balon.,0
tampak luar ok cuma resletingnya ga bisa dibuka. gerigi resletingnya sudah rusak,4
dusnya robek dan terbuka kemasannyaa,1
sangat cepat responnya sangat banyak membantu. terimakasih banyak,2
jahannya mantap jahitannya rapikualitas bahan sangat baik. berfungsi dengan baik.,3
bukunya sampe di makassar rusak ujungnya. baru sempat unpack ? entah cara packing nya kurang tebel or kurirnya bermasalah. agak ga rela sih. soalnya bukunya lumayan mahal,1
speaker dan mic nya ga bunyi,1
wanginya tidak menyengat dan tidak lengket ditangan. pengiriman cepat dan aman karena packing tebal pakai dus dan buble wrap. sudah langganan beli produk di sini. recommended seller,3
terima kasih spatoeid. packaging rapi aman dan pesanan komplit?,2
verifikasi nya lama. jadi gak dapat pc bts padahal udah co jam . pas ?,4
barang tidak sesuai dikasih masker yang lebih murah hrganya.,1
gampang putus kurang mantep dipake nya,4
kesekian kalinya pesen ini produk.sangat bagus untuk membantu proses diet.dan pengiriman sangat cepat.,2
barangnya tidak seperti barang baru dan tanpa kemasan pabrik.,1
barang sesuai pesanan kualitas tidak diragukan walaupun harus berulang kali ngecatnya harga bersaing semoga awet,2
jujur kecewa . pengiriman sangat terlambat. . lampu led kualitasnya sangat buruk pakai kurang lebih menit langsung mati tak terpakai lagi. . akrilik hitam seperti yang dijanjikan tidak ada. . ada harga ada rupa.. its a negative negative deal afterall.,1
ga dikasih kunci buka gerinda sudah chat ke cs ya dibaca ditanya ada video unboxing saya ga video in soalnya sudah beli ke x main percaya aja setelah itu saya dicuekin. note mata gerinda bawaan tipis. ga bisa dipakai sama sekali.,1
fast response cepat sampai sesuai pesanan. recommended !,3
packaging aman . barang berfungsi dengan baik.,2
beli ssd diterima dalam kondisi rusak,4
kualitas bahan sangat baik. produk original . berfungsi dengan baik.,3
baru x pake ngecas dan rusak,4
bahannya ademlembutcocok dipakai dalam ruangan berac dan bisa terhindar dari gigitan nyamuk. jadirencana mau order warna lain lagi.,3
berat foam hanya gram tapi ditulis gram jika beli foam maka secara data kg tapi secara timbang fisik hanya kg ini cara yg curang dari penjual utk dpt uang lebih dari ongkir yg pembeli bayarkan.,1
gan. kok ps nya baru kok udah mati sendiri tiba tiba. tombol hijaunya tibatiba merah trus mati,1
seharusnya chat dijadikan makesure barang warna dll jgn kaku kaku bgt jadi roko,1
iya brang nya bagus,2
baru kali ini pesan di sini kecewa. hasil print meleset dari desain. seller dikasih masukan malah menyalahkan pembeli. ga bakal beli lagi.,1
barang dalam kondisi prima nyampenya juga cepet cuma sehari. terima kasih seller!,2
paket datang dengan kondisi dusnya sebagian rusak dan kotor kayak bekas jatuh. dicek dalemnya lakban nya pun penyokpenyok. menyedihkan.,4
mantap recommended seller,3
barang rekondisi lain kali jualan yang jujur bos. jangan barang bekas direkondisi.,0
ukuran sesuai. ringan dipakai. warnanya bagus .,2
pengiriman amat sangat cepat dan packingnya juga rapi dan bagus harganya ok banget dan yang pasti original. ga nyesel belanja disini karena semuanya ? thank you to the seller,3
mantul boskuhhh barang istimewa,3
saya suka pelayanannya baik pengirimannya cepat packagingnya aman ada tulisan fragile handle with care saya suka barangnya cuma ada saran sebaiknya bagian atas di box tidak ditekuk jadi kelihatan sedikit tidak bagus dan tidak rapi tp selain itu baik ?,3
memuaskan seperti bisanya. alhamdulillah dpt hadiah.,2
paket cepat sampai bagus danrapih trimakasih kakak.warnanya bagus . ukuran sesuai. jahitannya rapi.,2
packing sangat aman.ada kardus dan bubble jadi barang sampai dengan selamat.dikasih bonus tempat mkn pula.makasiihhhhhh,2
pengiriman cepat barang bagus semoga awet,2
pengiriman lama. udh gt gaktau deh bener atau gak admin nya wa aku. blgnya warna jilbab yg ku pesan hbs. trs ak udh pilih warna lain. tp ujungnya yg dtg ttp aja warna yg kupilih awal. knp bgtu ya kalo ada stocknya knp hrs berbelit smakin lama pengirimannya statusnya gagal trs lama bgt. biasanya dari bandung gak selama ini. ini krn adminnya japri di wa berbelitbelit. barang diskon ya gak gini juga lah hrs sama pelayanan nya jgn bikin kecewa.,0
orderan yg ke kali selalu puas unit bor nya mantap seller ramah gercep kurir cepat next order lagi.,3
yg dikirim botol tdk sesuai photo produk.,4
pengiriman lama barang nya cacat tolong diperbaiki layanan nya !,0
gan. pesanan sudah saya terima sesuai order. barang oke aman bagus dan mantap? terima kasih gan. ?,3
catatan saya beli produk ini karna hadiahnya penting hal yang perlu diperhatikan jika mengadakan hadiahpromo mesti transparan apakah hadiahnya atau tidak apa lagi yang sangat disayangkan akun oficial store dari pihak toko pedia juga mesti meninjau apakah promosi ini transparan atau menjebak semoga tidak lagi yang kecewa seperti saya?,1
kurang bagus,4
empuk buat jalan. bahannya berkualitas. modelnya keren . bahannya ngga mengecewakan? tapi ukuran nya kegedean padahal sudah saya ukur sebelum nya tapi ngga masalah bisa buat jangka panjang ?,2
gampang dirakit. desain elegan. penjualnya ramah banget.,3
kekecilan ukuran tidak sesuai deskripsi,4
status pesanan sudah selesai dati kemarin sore tapi ternyata produknya belum saya terima sampai hari ini,4
memorynya sdh ke buka wktu sya trima. tdk ada segelan kondisi sdh agak busam. aku coba sdh kali blm bisa dipakai,1
positive product sesuai deskripsi,2
respon seller cepat proses pengiriman cepat. model bahan ok cuma kualitas jahitannya ! silahkan lihat gambar deh banyak kerutan di jahitan pundak lengan kerah. jadi bingung mau pake bajunya gk dipake mubazir dipake ya malu juga. mohon jadi perhatian bagi seller. terima kasih.,1
minta yg bentuk donat yang dateng ikan alhasil kucing tidak doyan mubazir deh tidak terpakai.,4
tipis bgt kyk stocking?,4
saya beli tasbih digital berbeda warna tapi setelah saya terima barangnya tidak sesuai catatan yang saya kasih.,1
barang sesuai pesanan,2
fitur kurang memuaskan hanya sedikit seperti band yang sebelumnya belum layar sentuh full tidak sesuai dengan harganya,4
tebal berkualitas . jaketnya stylish. keren modelnya.,2
cupang tidak sesuai gambar,4
kurang komunikatif,1
lumayan sesuai harga makasi,2
barang selalu ok sdh repeat order bbrp kali selalu ok,2
pengiriman lama,0
barang gak datang ini penipuan,1
pesan warna birudikirim warna pink.padahal buat anak cowokpacking lelet sampai jamkecewa,4
barang sesuai pesanan.pengirimancepat.pengemasan okey.makasih.,2
bahannya adem halus ukuran besar gambar sesuai. ngak sempat foto.,2
saya pesan kg yg bentuk ikan dikirim yg donat kucing pada mencret,1
beli dua yang satu jelek eror sama analog g bisa balik lagi kecewa saya,4
saya sudah langganan beli transpulmin baby di toko ini menarini health beauty dan juga produk lainnya. respon toko cepat dan transpulmin baby ini sangat cocok dgn kulit bayi. cepat meredakan flu batuk pada bayi. menngunakan bahan alami melembabkan kulit bayi aman buat kulit bayi tanpa bahan pengawet dan tidak memicu alergi. pokoknya mantul deh. ?,3
awalnya saya kira belum dibuka untuk diisi freemcboot.tyt sudah dibuka tinggal tes di mesin thx,2
jgn beli disini. seller nya slow response ketika ada masalah produk. saya beli helm ga dicek qc terlebih dahulu sblm dikirim. helm ada lecetnya. beli goggle osbe kacanya baret halus semua. masuk pusat resolusi juga ga kooperatif. selalu cek cctv yg ga jelas kapan ceknya dan apa yg dicek. barang akhirnya diretur. setelah sampai ga direspon lagi. jadi mending lebih baik batal dimana solusi awal saya adalah retur refund dan disini ga ada itikad baik seller. udah lapor cs pun cs terpaku sistem dan pas udah koar baru tuh cs hubungin seller. cs toped empatinya pun msh buruk. klo sekelas selebgram cepet ditanganin. giliran user biasa alasannya sistem. beberapa jam menuju transaksi mau batal baru dibatalin ini seller.,1
tidak sesuai dg yg saya mau minta bam pengeras dikasih bam jagung? tuh fotony kecewaaaaaaaaaa,4
sudah diterima dengan baik. produk sesuai dan nyaman dipakai. terima kasih.,2
seneng bgt nyampe nya cepettttttttt,2
kartunya berfungsi baik kualitas printing dan kartunya juga bagus. cuma kalau mau buat collectible card agak kurang di design. designnya cm croping dari yg udah ada jadi proporsinya kurang bagus. yang keluaran baru monster hunter stories malah cropping dari foto blister figur amiibo yg asli jadi msh keliatan ada blister nya sama lobang gantungannya,2
packing rapih cepat dan produk sesuai deskripsi. recommended seller ?,2
paket sudah sampai dan sesuai dengan pesanan remote shutter nya berfungsi dengan baik dan tidak ribet kalok mau dipakai praktis dibawa kemana?,2
barang sudah sampai pelayanan cepat sekali packing aman dan barang sesuai deskripsi. terimakasih dan sukses selalu yaa,2
ukuran xl seperti ukuran m. saat digunakan kurang nyaman. sempit banget celana dalamnya terutama saat bergerak sambungan tengah yang dijahit juga kurang panjang jadi rasanya sempit banget,4
seller fast respon barang cepat sampaipacking rapi barang sdh dicoba sesuai order nyaman dipake. makasih nowway?,2
kue nya pas dateng dicoba asem.kue uda terlalu lama.di komplain ke penjual bilang nya bisa dikonsumsi dan dimakan. tidak ada tanggung jawab.,1
maaf saya kasih bintang katanya barang udha dicek. aktual sampe saya rusak?,4
ini pembelian yg ke keren lah nyaman untuk olahraga.,3
pelayanan ramah design maksimal hasil sesuai harapan. recommended.,3
bulan lalu beli sepaket sama standnya.jadinya sampe lama ke kupang ntt krn buru free ongkir wkwk. kainnya emg tipe kasar di tangan tapi justru cocok dipake green screen krn ga gampang robek n kotor. pake rekam video juga ngejreng pas lah. kalo beli sama standnya jangan lupa beli jepitnya juga,2
pelayanan memuaskan dan barang sesuai ?,2
bagus bangettt dapet promo jadi cuman bayar rp mantap,2
pembelian ke .besok packingnya tolong di benahi.cuma bubble doang lakban seadanya.bolong sebelah,1
tetap kecewa barang yang sampai ke kostumer sudah bocor. walau alasannya rusak di ekpedisinya ckck,4
payah yang dikirim kecil diterima byk mati sengaja pilih official dan harga mahal tau gitu pilih yang aj di toko lain sama aja hasilnya,1
respon dan proses cepat pengiriman juga. toko rekomendasi,3
seller tdk kooperatif menyebalkan!,0
saya kecewa banget sihpesan maroon hijau army sama mint. tapi tu semua dganti sama warna lain tanpa konfirmasi. semoga bisa lebih teliti n komunikasi dg pembeli jika barang tidak tersedia.,4
barang ada yg gk sampe ud complain juga tetep aja rugi belanja disini,1
udh x beli disini seperti biasa pelayanannya puas banget ? bakal jadi pelanggan setia sepertinya wkwk,3
hati untuk yng beli alat ini. saya baru pake kali dan besiny copot dari base nya. seller tidak memberikan solusi padahal saya meminta replacement dan bukan refund. saya sarankan untuk membeli merek lain dripda membeli brang defect dari toko ini.,1
barang diterima sesuai pesanan thanks joyko,2
cs ramah dan fast response produk baik dan lancar digunakan di korea,2
barang udah nyampe makasih gan,2
barang baru sampe trus dicoba awal nya bagus tiba tiba mesin nya mati udah dicoba berkali kali tetap ga hidup seller di chat tidak respon dana sudah diterima seller tokopedia ga bisa bantu komplain saya kecewa sekali. sudah hari sejak komplain saya cuma disuruh nunggu katanya di cek tiap hari saya tanya masih dicek ga pernah sekalipun duluan kasih info soal barang saya selalu saya yg tanya duluan jadi kapan penyelesaian nya? baru sekali ini belanja di tokopedia kena seller ga bagus begini minta refund ga ditanggapi barang saya juga ga tau kemana dan diapain saya beli baru tapi kayak beli barang refurbish yg ga dikirim dikirim menyebalkan!,0
order yg ke kurang memuaskan.panjangnya beda ama pertama pesen padahal ukurannya l jg,4
kecewa makanan yg di kirim kurang,4
jualan kok ngotottt nggak laku toko nya bang?,0
pengiriman lumayan cepat.saya sukaa?gak slah ukuran juga?,2
