text,true_label_id,pred_label_id,true_emotion,pred_emotion
i got gb for usegreat from pickabootnx,0,0,Happy,Happy
product quality is awesomeits very work fullyou can buy it,1,1,Love,Love
alhamdulillah thanks for the gifts,0,0,Happy,Happy
product quality is good its my th order of potato weight is ok,0,0,Happy,Happy
product th overall valoi chilouse kore o valo e lgloskin th onk th soft hoye jai product er amount th o jotestoprice onujai product th onk valo chilo ar quality o valoi overall nice product,0,0,Happy,Happy
valo alo disse but month r moddhei sesh nosto hoe gese,2,2,Sadness,Sadness
best shampoo in reasonable price,1,1,Love,Love
good product recommended,0,0,Happy,Happy
the product seems good but outside dhaka no installation and no idea about the warrenty policy,0,2,Happy,Sadness
onk sundor satisfied recommended,2,1,Sadness,Love
cards are small but good if you consider price,0,0,Happy,Happy
kajer jinish recommended,0,0,Happy,Happy
although they showed me different colors when i placed my order the one i picked was not available when they were preparing my order and i had to settle for whatever they offered i didnt like the color much the delivery men asked for more money when delivered at my doorsteps even though they charged bdt as delivery charge,2,2,Sadness,Sadness
fabric built quality aro valo hole khusi hotam,0,0,Happy,Happy
thank you seller the product was good,1,0,Love,Happy
its good very handy got the guaranty card too,1,0,Love,Happy
orginal products tai peyeci use korteci then allah vhorosa,1,0,Love,Happy
good one recomendedthanksnto daraz and seller,1,0,Love,Happy
i love this product really good,0,1,Happy,Love
very gd product,1,1,Love,Love
for such money excellent headphones,1,1,Love,Love
excellent product thanks darazand appreciate for your quick delivery,0,1,Happy,Love
very good recommended,1,1,Love,Love
original product very nice with discounted price happy shopping,1,0,Love,Happy
nice quality but the handle wasnt that much strong,0,2,Happy,Sadness
did not get the product,4,2,Anger,Sadness
thanks seller very good quality dates,0,0,Happy,Happy
alhamdulillah valo product reviewed after using month,0,0,Happy,Happy
very good product,1,1,Love,Love
products quality motamoty vlo,0,1,Happy,Love
khub e valo quality aj k delivery er jono ami store malik k onakh kore request korecilam many many thanks for fast delivery,1,0,Love,Happy
thanks,1,0,Love,Happy
original product received with a gift good experience,0,0,Happy,Happy
good product,1,0,Love,Happy
overall quality bhalowarranty card deya hoice seller response o bhalo chilo,0,0,Happy,Happy
good product,0,0,Happy,Happy
awesome satisfied with the purchasevery recommended seller,0,1,Happy,Love
best product today i got my one its awesome,1,1,Love,Love
best maskara this was my first purchase of pinkflash brandi just love it,0,1,Happy,Love
shipment from china but received within a week nice new year gift thank you,0,0,Happy,Happy
the service of pickaboo is good and the product was delivered in time overall satisfied,0,0,Happy,Happy
just got yesterday before buying that i had no idea about mixer grinder after finding it on pickaboo i have decided to buy it rather than from showroom where it will cost around also the after sales service of pickaboo was on my mind while ordering till now this mixer grinder is excellent delivered in just days as promised got warranty card inside the box and was received in good condition hope it will give service for long time and pickaboo will continue its reputation really loved it i will recommend peope,0,0,Happy,Happy
thanks pickaboo so first delivery also redx i got intact pack everything is okay pickaboo is one of the authentic and trusted online shop,1,0,Love,Happy
product received bought it to make an external hdd its working thanks seller,0,0,Happy,Happy
still now it is good thank you daraz,0,0,Happy,Happy
original product very good,1,1,Love,Love
good product and first delivery service thanks to daraz,0,0,Happy,Happy
excellent service from the seller the product is also great,1,1,Love,Love
good quality,0,0,Happy,Happy
onk vlo product delivery man er behaviour o onk blo,1,1,Love,Love
thankyou,0,0,Happy,Happy
what a beautiful watch and there packaging ita just awesome,1,1,Love,Love
its ok,0,0,Happy,Happy
very good products and higly satisfied with the services both by daraz and the saler thanks a lot,1,1,Love,Love
i recommend extra foam for speakers charges fast comfortable great sound quality very happy customer thankyou arrived safely in bubbled packaging and on time,0,0,Happy,Happy
good product quick delivery a little delay in imposing emi but that was because email came to junk folder,0,0,Happy,Happy
thanks,0,0,Happy,Happy
good products thanks to the seller for your cordial service,0,0,Happy,Happy
really good sensitivity is perfect and is really smooth it has only error rate,1,0,Love,Happy
packaging was not satisfactory there was dust on the iron,0,2,Happy,Sadness
price should be less,2,2,Sadness,Sadness
i am totally satisfied brush quality is very good recomending this prosuct who will buy this surely you wont be cheated thanks daraz and seller,0,0,Happy,Happy
received in good condition,0,0,Happy,Happy
so much satisfied,0,1,Happy,Love
recommended authentic product,0,0,Happy,Happy
top notch product,1,1,Love,Love
unofficial phone dhorai dise please dont buy from daraz,4,2,Anger,Sadness
thankssame as picture,0,1,Happy,Love
purchasing this product was a real investment for my home it has lasted me years and still going,0,0,Happy,Happy
thank you selar and daraz i love it excelent,1,1,Love,Love
nice product as i expected didnt use though but hopes that it will work fine,0,0,Happy,Happy
thanks for your product alhamdulillah got it safely and got the exact product thanks for your qualityful service best of luck for this organizations,0,0,Happy,Happy
quality onek valo packaging onak valo delevery service taw valo thank you seller,1,0,Love,Happy
tshirt khub valo siloapnara chaile nite paren,0,0,Happy,Happy
working pretty well recommended,0,0,Happy,Happy
good quality,0,0,Happy,Happy
good product,0,0,Happy,Happy
product well received thanks to rider,0,0,Happy,Happy
very poor packaging at least you should provide a box for this without box how can i gift this to someone now,2,2,Sadness,Sadness
the product quality was very good the packaging and delivery time was satisfactory i will recommend buying from pickaboo for a discount price,0,0,Happy,Happy
good product as like picture,0,0,Happy,Happy
highly recommended its a great product to buy,0,1,Happy,Love
valo kintu order korci white dice black good,0,0,Happy,Happy
good product sound quality rich durable budget friendly good earphone,0,0,Happy,Happy
book quality is fair for the price especially the card cover is quite sturdy books were buble poly wraped happy with the puchase,0,0,Happy,Happy
original product with box,1,1,Love,Love
good designs but quality not worth the price,2,2,Sadness,Sadness
ata moteo original product nhhhhh nokol ponno daoya hoyese,4,0,Anger,Happy
chobi te jemon temon tai diyecen donnobad seller vai ke also thanks daraz im satisfied really premium quality product,0,0,Happy,Happy
product was good but adhesive was missing,2,2,Sadness,Sadness
product is good in this price delivery was fast next day received the product,0,0,Happy,Happy
got the product on time but the product is little bit broken dont expect this how will i get year replacement warranty,0,2,Happy,Sadness
i dont think explanation is necessary thank you sellerdaraz,0,0,Happy,Happy
products valo cilo but dam besi lagtece akhon,1,0,Love,Happy
onek sundor hoyece ami cartoon tah customize kore niyecilm amr pocondo moto mashallah jemon cheyechi tmn e peyeci ami msg diye kon stickers tah hobe bole diyecilmapu tah temon vbei kore diyeciim so much happy satisfied,0,0,Happy,Happy
sound khub ekta besi na order dici orange colour r seller amke pathaice black colour,2,2,Sadness,Sadness
very good product recomended,1,1,Love,Love
good product recommend,1,0,Love,Happy
a triple antenna dualband router in this price range is uncommon so far im getting a fast and reliable wifi connection in my sqt flat it remains to be seen now how long this service will last,0,0,Happy,Happy
got same model as picture but remote doesnt match didnt get the warranty card as well seller sent this product in time but daraz made the delay it was laying down in darazs ware house for days delivery man was good though,0,0,Happy,Happy
dont like the ai of front camerasomehow over rated,1,2,Love,Sadness
the notebook is so beautiful i like it,0,1,Happy,Love
this is cool okay for me,0,0,Happy,Happy
excellent product fit is good superb lens quality perfect for daytime driving,1,1,Love,Love
excellent sound quality hope it will run for a long time,1,1,Love,Love
good product,0,0,Happy,Happy
no one will order this product i ordered that the product gave another product,4,2,Anger,Sadness
this product is original i want to buy it againif this is available my aspect is full feel thank you daraz seller,0,0,Happy,Happy
good filteroverall service has been good till now using this for days and the water taste is very good thanks seller for providing a good product,0,0,Happy,Happy
good prodect,0,0,Happy,Happy
good product,0,0,Happy,Happy
not bad but price ta ekto besi pore geche,2,0,Sadness,Happy
i dont get the same car like pictures,2,2,Sadness,Sadness
good feedback from seller,0,0,Happy,Happy
sound quality khub e valo but onoff button ta aktu kharap ase product er,1,0,Love,Happy
its pretty good sound is also nice there was a little scratch though the packaging could have been better,0,0,Happy,Happy
came as described working and well packaged approved,0,0,Happy,Happy
i am fully satisfied to get this productthanks daraz and seller,0,0,Happy,Happy
giving correct time qualuty satisfied in comparison to price,1,0,Love,Happy
it was really good thanks,0,0,Happy,Happy
book ta onk puraton mone hocce cover ta onk puraton ar onk jaiga atha lege chilobut page and font clear,2,0,Sadness,Happy
very good product at this price range and after sales service is incredible too highly recommended,1,1,Love,Love
good product recommended,0,0,Happy,Happy
to be honest i was kinda confused to see the price of this router i thought they are gonna provide me a fake one but they gave me the genuine one at lowest price thanks pickaboo team,0,0,Happy,Happy
working well,0,0,Happy,Happy
satisfied with product quality and delivery product is functioning properly thanks to mother electronics and daraz,0,0,Happy,Happy
alhamdulillah working fine no problems so far,0,0,Happy,Happy
the latter size is too bigfor this reason they are using too much page,2,2,Sadness,Sadness
wonderful got in time and quality is enough in this price,1,1,Love,Love
everything is alright packaging o perfect cilo,1,0,Love,Happy
this is not new potatoes,2,2,Sadness,Sadness
very good effective product for children,0,1,Happy,Love
the product is good value for money product recommended to buy,1,0,Love,Happy
the small pc of cloth which is placed top of the ventilation portion is missing please send it to my address,2,2,Sadness,Sadness
i buyed product first time in pickaboo their customers service was brilliant delivery was too first product quality satisfied i am very happy thanks to pickaboo teams,0,0,Happy,Happy
excellent service from pickaboo got the authentic product from esquire recommended,0,1,Happy,Love
very good product,1,1,Love,Love
product quality expected result as it suppose to be saller behavior is satisfying,1,0,Love,Happy
very good,1,1,Love,Love
thanks daraz for the item it came out perfect and the colour i wanted,0,0,Happy,Happy
i just loved itrecommended i got it with in days,0,1,Happy,Love
products is good,0,0,Happy,Happy
all ok but already i used a bdcom epon onu that was not warm like it but its finerun perfectly,0,0,Happy,Happy
the quality of the paper and gum is below average the book is quite good without this problem,0,0,Happy,Happy
good product,0,0,Happy,Happy
one of the best puchases from daraz,1,1,Love,Love
service was top notch got my product fully fresh thank u,1,0,Love,Happy
mobile ta din age order kori ajke hat e pelam mobile tar sob kichu thik ase sound loud kotha bolle pison dik diye jay na kotha bole aram ase charge ak din jay mobile tar jeta boro problem seta hocce er display display ta ghola menu icon gulao ghola mane resulation khub kom pic gula fata fata dekha jay symphony theke ata asa kora jay na seller er response valo na msg er reply dey na delivery man er service valo chilo thanks daraz,2,2,Sadness,Sadness
this product is good and seller is very good parson,1,0,Love,Happy
very good product indeed satisfied recommended will purchase more in near future thanks seller,0,1,Happy,Love
not that good medium product quality,2,2,Sadness,Sadness
build quality is not goodi wasted my money,2,2,Sadness,Sadness
its very useful,0,0,Happy,Happy
good as expected,0,0,Happy,Happy
alhamdulillaheverything is jemonta order korechilam colour size everything ok chilo product er man price er tulonay besh valo thanks seller,0,0,Happy,Happy
im price and product doesnt match premium quality stuff stars,1,0,Love,Happy
absolutely loved it its just the one i wanted its the cheapest price price anyone can get and amazing quality thank you seller,0,1,Happy,Love
good products,0,0,Happy,Happy
bought it for my mother so far so good,1,0,Love,Happy
used it very good product,0,1,Happy,Love
original product thanks tolsen,0,1,Happy,Love
not so good not satisfied,4,2,Anger,Sadness
good product in this price,0,0,Happy,Happy
good product,0,0,Happy,Happy
just wow price average good quality,1,1,Love,Love
perfect combinationstudio x er bepar e temon kichu boler naioutstanding quality,1,0,Love,Happy
same as pictures good product,0,1,Happy,Love
thank you seller the headphones themselves are soso there are no bottoms,0,0,Happy,Happy
packaging valo chilo r expire date to onk poresob thik ache chilo,0,0,Happy,Happy
thanks a lot darazthis is so cute,0,0,Happy,Happy
good product thanks seller daraz,0,0,Happy,Happy
good capacity and design,0,0,Happy,Happy
good product stylish,1,0,Love,Happy
quality product and timely delivery,0,0,Happy,Happy
good product but not so tight,0,2,Happy,Sadness
good product recommended,0,0,Happy,Happy
alhamdulillah product onik valo selar viya check kore dicaonik valo product,0,0,Happy,Happy
very good product iam satisfied thanks seller,1,1,Love,Love
got the delivery within hours and have received the installation service on the day of delivery so far happy with the service lets see how the ac performs thanks,0,0,Happy,Happy
great product good packaging got one year warranty by sms recommended,0,0,Happy,Happy
onek bhalo akta product alhamdulillah fully satisfied same as picture,1,1,Love,Love
onek valo pruduct and delivery man is good,1,1,Love,Love
genuine product in reasonable price thanks seller and daraz,0,0,Happy,Happy
this is very small good for person,0,2,Happy,Sadness
quality seems good price was reasonable delivery was fast,0,0,Happy,Happy
good nice product,0,0,Happy,Happy
alhamdulillah onek valo chilo android tv box ta thank you so much delivery man and daraz,1,0,Love,Happy
good productdelivered on time recommend to purchase,0,0,Happy,Happy
too much slow not recommended,2,2,Sadness,Sadness
i have ordered and paid the amount but they gave me only is this a flagship store,4,2,Anger,Sadness
received with satisfaction got it delivered so fast thanks to the seller i appreciate your service,1,0,Love,Happy
this is original jbl product this was a gift for my brother he liked a lot i genuinely happy with their product i bought it in discount price but no disgrace of its quality thanks pickaboo,0,0,Happy,Happy
good product satisfied,0,1,Happy,Love
valo chilo but price onujayi kapoor er man r k better hole valo hoto over all perfect,0,0,Happy,Happy
its good,1,0,Love,Happy
thank you shomoemoto delivery peyechhi,0,0,Happy,Happy
silicon made soft elastic full body thanks seller for give me exact color of my choice,0,0,Happy,Happy
products condition very good when it run just a little bit sound its not a problem pickaboo make the emi with my bank its a big opportunity for purchase the valuable product i had pay for this emi more overall i am satisfice to pickaboo,0,0,Happy,Happy
undoubtedly excellent mouse love it but take long time to delivery days,1,1,Love,Love
light was satisfactory bought for a korean guy he liked the light a lot,0,0,Happy,Happy
intact and authentic product,1,1,Love,Love
thanks onek khusi holam sathe ekta colgate free peyechi,0,0,Happy,Happy
excellent very good products,1,1,Love,Love
seems original and good packaging indeed,0,0,Happy,Happy
very nice looking good product thanks sailor,1,1,Love,Love
good product,0,0,Happy,Happy
bought pieces from them one for my friend also theyre the most comfiest and everyday wear now,0,0,Happy,Happy
i would have given it a star if i could but there wasnt any option for it first of all its the same as the picture but some flip cards and the main had some scratchesdents its not much of an issueother than that its worth the money,0,2,Happy,Sadness
good product,0,0,Happy,Happy
not badhelpful,0,1,Happy,Love
though product receiving was little tough but product is good enough satisfiedpicture quality is goodwall mount is very hard,0,0,Happy,Happy
very good product,1,1,Love,Love
xiaomi brand at very low price very short delivery just two days emi facility is very good made it very easy thank you pickaboo i bought the product from you after a long time expressing satisfaction with the service,1,0,Love,Happy
very good for cables,1,1,Love,Love
product ta joto ta chobite valo dekhai oirokom dekhte na code er product order diye chilam temon ekta valo na tobe ache motamuti cholar moton,0,0,Happy,Happy
bought it and got warranty card,1,0,Love,Happy
price ta beshi mone hoyese quality is ok after all i am happy,0,0,Happy,Happy
the fit is spoton,0,0,Happy,Happy
amar phone holder tripod ar shathe lagche naapnera amake akti khara jinis diyachanakhon ami refund chai,4,2,Anger,Sadness
pant vlo jamon caici tamon colour paici but kapor ta akto basi patlasamner pokect gula r ooo akto boro hole r ooo vlo hotor sheller kuboi vlofirst delivery,0,0,Happy,Happy
all good shopping,1,0,Love,Happy
small light it seems like wat not enough for midium size room,2,2,Sadness,Sadness
as described happy with the product,0,0,Happy,Happy
onek sundor product thanks to daraz,1,1,Love,Love
satisfied with price and services,0,1,Happy,Love
product was good but poor packaging plz focus on it,3,2,Fear,Sadness
the product is average thanks for gift,0,0,Happy,Happy
tk diye gm best product original,1,1,Love,Love
i love everything about it great quality and came on time looks just like the picture easy favorite will order again,0,0,Happy,Happy
good product im satisfied,1,1,Love,Love
recevied the product few days back after using the product i should say the great value for money perfect color and it can plays online videos tv channels very smoothly the tv has bluetooth connectivity that you can coonect bluetooth headphone and other devices i didnt find any issue yet thanks daraz thanks haier,0,0,Happy,Happy
same as picture,1,1,Love,Love
midea ac is the best choice for cheaper rate,0,1,Happy,Love
very good build quality along with a lovely packaging thats my first product from anobik and ill rely on them for my next gadget purchase lucky to have such a nice local manufacturer,1,0,Love,Happy
worth the cost,0,0,Happy,Happy
the watch is fine god knows whether it is waterproof or not did not dare to check but the quality is good i did not get a single discount as such i deserve a box right where is the box,3,0,Fear,Happy
ok but alu gula onk choto chilo,0,0,Happy,Happy
authentic but price was high,0,0,Happy,Happy
product packaging ta vlo silo expired date o yr moto silo sathe abar ta tula gift korsa seller,0,0,Happy,Happy
thanks to seller for sending me a good product,0,0,Happy,Happy
very poor quality ekebare third class jinish i asked them before purchasing and they assured me that it is a good quality product but it is not dont buy this shit,4,2,Anger,Sadness
good and well function,1,0,Love,Happy
packaging was good and delivery was also quick i tested it by running and there were slightly higher noise otherwise it is recommended,0,0,Happy,Happy
good product,1,0,Love,Happy
this product is so good thanks daraz and seller,0,0,Happy,Happy
reasonable price with original product love pickaboo,1,0,Love,Happy
excellent product i recommend and seller,1,1,Love,Love
authentic product its smell is so nice and feels so refreshing after using it delivery man was so humble recommend it,0,0,Happy,Happy
receive super fast within hours order at late night and receive in the morning radhuni product as it is no issues,0,0,Happy,Happy
i recently had the pleasure of using the lexar m gb usb pen drive and it truly exceeded my expectations in every aspect from its sleek design to its impressive performance this pen drive is undoubtedly a topnotch choice for anyone seeking a reliable storage solution pros sleek and durable metal casing blazing fast transfer speeds with usb ample gb storage capacity crossplatform compatibilities cons none observed during my usage,0,0,Happy,Happy
very good product,1,1,Love,Love
purchased pairs of this sandal very comfortable to wear easy to wash perfect for rainy season worth every penny,0,0,Happy,Happy
very bad quality,2,4,Sadness,Anger
thanks daraz i recommend everyone to buy this just love this product,1,0,Love,Happy
original product recommended ar delivery o fast peyesi thanks daraz,0,0,Happy,Happy
product quality looks good weight lifting capacity not tested yet,2,0,Sadness,Happy
overall the product was good thanks pickaboo for their faster delivery,0,0,Happy,Happy
good for the price,0,0,Happy,Happy
very nice item recommended,1,1,Love,Love
products ta onk vlo lagce orgina,0,1,Happy,Love
love the product amd packaging was too good no hamarage absolutely good deal,0,1,Happy,Love
original and price also less than local market,1,0,Love,Happy
alhamdulillah awesome watch,1,1,Love,Love
seems to me original,0,0,Happy,Happy
good sturdy product exactly as advertised d,0,0,Happy,Happy
everything good expired date er majhamajhi porjonto ache so years pacchi,0,0,Happy,Happy
alhamdulillah the product was orginal and usefull,0,0,Happy,Happy
got the parcel todayvery fast delivery and delivery man vaias behaviour was niceand the quality fabric print zipper of the bag is so good highly recommend,0,0,Happy,Happy
satisfactory,0,1,Happy,Love
its good,1,0,Love,Happy
im happy with the purchase love it,1,1,Love,Love
as advertised value for money recommended,0,0,Happy,Happy
good works with induction cooker,0,0,Happy,Happy
nice product and quick delivery,0,0,Happy,Happy
thanks for giving original and amazing products,1,1,Love,Love
disappointed to see two of them are chipped as you can see in the picture otherwise rest of them look decent even though they are very dirty i think those might wipe off but the chipped tile are easily recognisable দই ট ডমন ত চঠ কর দগ আছ য সহজই বঝ যয বক সব ট কছ টক আছ কনত অনক মযল আছ,2,2,Sadness,Sadness
this one is a good product beyond my expectation i love this product thanks to seller and daraz to provide this quality full product i am using this more than days its zipper quality is good in this budget range,0,0,Happy,Happy
its really good etota halka o na jara chacchen nite undoubtedly nite paren,0,0,Happy,Happy
nice product received in estimated time,0,0,Happy,Happy
just in love with the watch,1,1,Love,Love
its super pretty,1,1,Love,Love
excellent product amazing i am very happy thank you daraz and seller value for money,1,1,Love,Love
joss product i bought,0,1,Happy,Love
thanks for this at a good price,0,0,Happy,Happy
good product,1,0,Love,Happy
everything is ok nossel is very hard where i can see its soft,0,2,Happy,Sadness
it was excelleny,0,1,Happy,Love
resonable price and good product,0,1,Happy,Love
good deal dear daraz kindly reduce the delivery charge for ordering monthly groceries,0,0,Happy,Happy
product was good but i think its lightbar not changing speaker and vibration not working so i returned it otherwise everything is ok and the behaviour of the seller is just awesome,1,0,Love,Happy
same as picturei am so happy to get this bag,0,0,Happy,Happy
very good product i am fully satisfied with the seller,1,1,Love,Love
seems very good quality appreciate it,1,1,Love,Love
ami akta niachi valo ache khub sundor hoiche,0,1,Happy,Love
its a complete value for money product seller kept their promise,0,0,Happy,Happy
alhamdulillah product quality is good,0,0,Happy,Happy
thanks,0,0,Happy,Happy
the product was good lite weight hard in build the texture was good received the same as shown in the picture easy to use loved the product,1,0,Love,Happy
size is little bit small,2,2,Sadness,Sadness
highly recommend,0,1,Happy,Love
nice product but small size,0,0,Happy,Happy
watch ta ma sha allah onk shundoramar toh khub valo lgche kintu onk din lgche delivery dite but its oksobay kinte paren,0,0,Happy,Happy
jemon picture e dekhaise oirokom e product tanishondehe nite parenjust packaging quality ektu kharapeijonno ta star kom dicchi,0,0,Happy,Happy
reveived in excellent condition fast delivery cant wait to use it,1,0,Love,Happy
quality was good enough,0,0,Happy,Happy
thx for cheap price,1,0,Love,Happy
watch is fine but slightly bulky,1,2,Love,Sadness
nice sticker,0,0,Happy,Happy
good quality,0,0,Happy,Happy
lovely product,1,1,Love,Love
original super fresh product satisfied,0,1,Happy,Love
handybest in quality,0,1,Happy,Love
good quality,0,0,Happy,Happy
very disappointing got golden colour but ordered silver colour bracelet,2,2,Sadness,Sadness
as always never dissatisfied shopping with decathlon,0,2,Happy,Sadness
hundred persent genuine and lifetime warranty product,0,0,Happy,Happy
doesnt work reviewing after months of use it makes your bread look healthyshinny but no results on growing beard in my case,2,2,Sadness,Sadness
good product,0,0,Happy,Happy
ageo niyechilam useful product,0,0,Happy,Happy
satisfied,1,1,Love,Love
too good take a bit long time but products is same as show in pintures,0,0,Happy,Happy
this product is very good,0,1,Happy,Love
this product quality is good,1,1,Love,Love
its just good thats all,0,1,Happy,Love
product is good but it is more like a hamook not dolna,0,2,Happy,Sadness
totally a value for money product good picture quality sound quality and quick delivery overall good product and service,0,0,Happy,Happy
well packedseems originalin time deliveryhighly recommended,1,0,Love,Happy
good products and good sound quality also reasonable price,0,0,Happy,Happy
card guli valo chilo ami satisfied ta booster pack niechi but ektao energy othoba trainer card painai it was luck acually jaihok card er quality dam onupat e valo chilo,0,0,Happy,Happy
quality onek high,0,0,Happy,Happy
the product is just as expected and the price is spot on,0,0,Happy,Happy
good product sobei nity paren,1,1,Love,Love
quality not havy normally,1,2,Love,Sadness
highly recommend this,0,1,Happy,Love
awesome quality,1,1,Love,Love
good as expected thanks daraz thanks seller,1,0,Love,Happy
i really love this bag this is perfect for work lots of room and not flimsy i am very satisfied,0,0,Happy,Happy
daraz k r o beshi help full hote hobe customer der proti,0,0,Happy,Happy
i recently checked daraz while searching for washing powder not only did they have the item i was looking for but their selection was vast and the prices were competitive the website was easy to navigate and the product descriptions were informative and accurate i was pleasantly surprised by the fast shipping and the care they took in packaging my order the seller was good and delivered product was as per mentioned specification im thrilled with my purchase and will continue to shoping,0,0,Happy,Happy
nail glue breathable sticker is really good you can buy it without any hesitation thanks daraz,1,0,Love,Happy
nice phone thanks for pickaboo,0,0,Happy,Happy
the phone is original no doubt about it also configuration wise it is good,0,0,Happy,Happy
have nice same to picture watch,1,1,Love,Love
really nice,1,1,Love,Love
the anti fog film arrived today quick delivery will try to use it on the weekend hope it works as advertised,0,0,Happy,Happy
fresh product good packaging,0,0,Happy,Happy
good product,1,0,Love,Happy
great gaming controller at this price range like xbox contorller premium feels,0,1,Happy,Love
it is a really tough earphone unfortunately mine broke due to an accident but the wire is pretty strong and the sound quality was good enough for me price is a little bit higher than usual,0,2,Happy,Sadness
i used it to move some of my furnitures without any issue also used the pull bar to uplift and place the wheels under the furniture,0,0,Happy,Happy
bought for the second time recommended product,0,0,Happy,Happy
pretty good controller and all the buttons are working fine although the courier delivery man was pretty shitbasically dude didnt come to my location because he doesnt have any other delivery in my area so i had to spend twice the amount of delivery charge for rikshaw,1,0,Love,Happy
nice device in this pricegd job,0,0,Happy,Happy
alright for average practice to gain perfection you might need to buy a bag thats more durable,0,0,Happy,Happy
love this watch good size nice weight band is comfortable pretty cool,0,0,Happy,Happy
alhamdulillah price onujai quality fully stainless steel er na hoyto rough use korle colour uthe jawar somvabona ace bakita use korle buja jabedelivery late eider age delivery pawar kotha thakleo eider por delivery diyece,1,0,Love,Happy
i will not recommended anyone to buy itcause the quality was really so poorit took about a month to comei really didnt expect this,2,2,Sadness,Sadness
honestly i didnt really believe that i would get such a good original product,0,0,Happy,Happy
right product,0,0,Happy,Happy
so beautiful and so cute thank to the sellar and the daraz,0,1,Happy,Love
colour ta khub sundor r praice tulonay dolna taw valo ai first time ami order koreci vebecilam kharap hobe but sotti khub valo product peyeci i am so happy thank you daraz,0,0,Happy,Happy
they are my backup backup headphones and they work fine,0,0,Happy,Happy
u deserve star thank u soo much u all can be buy from me on daraz visit my store,0,0,Happy,Happy
received the product in days of ordering excellent service from pickaboo the tv delivers fantastic p with impressive picture quality i was a bit skeptical about overall tv color but for regular consumer use it is perfect the tv also has incredibly thin bezels which gives it a modern look,0,0,Happy,Happy
send me wrong products really unfortunate daraz should take initiative against the seller,4,4,Anger,Anger
good product for summer,0,0,Happy,Happy
onek sundorzemon chobi chilo temone peyechi,1,1,Love,Love
recommended,0,0,Happy,Happy
one thing i really love about daraz is the packaging the product was as expected and service was very gooddelivery time was also took less time overall im satisfied with the service,0,0,Happy,Happy
thanks to seller sending me same product as like pictureproduct quality pretty goodrecommend,0,0,Happy,Happy
good product,0,0,Happy,Happy
alhamdulillah jmn chaichi thik tmn tai paichi tnx daraz tnx sellar and tnx delivery man,0,0,Happy,Happy
very good product,0,1,Happy,Love
this is very good its quality is good but it is crash on the road but the taste is fine,1,0,Love,Happy
authentic product,2,1,Sadness,Love
got on time delivery excellent product quality,0,1,Happy,Love
good product,1,0,Love,Happy
product is so good,0,1,Happy,Love
quick delivery and authentic product thank you,1,0,Love,Happy
product was so good as i wanted indeed,1,0,Love,Happy
good product,0,0,Happy,Happy
product is goog,0,1,Happy,Love
good product but price tk ar moto hole valo hotoo,0,0,Happy,Happy
real products thanks daraz,1,1,Love,Love
very easy to usevery light but works heavy i recommend,0,0,Happy,Happy
the twizers were good but the size was smaller than expected but is was good,2,0,Sadness,Happy
good product,0,0,Happy,Happy
good products,0,0,Happy,Happy
i have used the product for few months and it has been very useful and convenient however the product has only one mode and not two modes as shown in the ad,0,0,Happy,Happy
received quickly,0,0,Happy,Happy
i think original global productgood packaging and delivery awesometv service till now parfect but i cant get inbox no warenty cards maybe not applicable the products in the sales condition with daraz,0,0,Happy,Happy
alhamdulillahthis is amazing product i am very satisfied seller vaia ta onk valo ciloonk druto parcel ta payaceso thank you darazapnara chaile product ta nita paren,1,0,Love,Happy
good enough st time,0,1,Happy,Love
received thanks,0,0,Happy,Happy
bought a it with battery hope not functioning,2,2,Sadness,Sadness
extremely satisfied with the overall experience the shoe is quite stylish and comfortable the size is perfect and although the estimated delivery time was days i received it within days only,0,0,Happy,Happy
good product anyone can buy thanks seller,0,0,Happy,Happy
firstly tnx pickaboo thay are always send orginal product i suggest all people buying any gadget item must choice to pickaboo,1,0,Love,Happy
besh valo comfortable and soft thank you daraz,0,0,Happy,Happy
received before the approximate delivery timeseems good so far,0,0,Happy,Happy
product quality and delivery service was good and fast,1,0,Love,Happy
recently ami ai product pickaboo theke order kori product er quality packaging onek valo silo amr kase ai product ti authentic and orginal lagse delivery somoy moto peyesi delivery man er behaviour o onek valo chilo thank you pickaboo,0,0,Happy,Happy
its a original product with warrantyfully satisfiedtnx pickaboo,0,0,Happy,Happy
this is very good product,0,1,Happy,Love
good watch even cheap love this brand,1,1,Love,Love
thank you excellent,1,1,Love,Love
very good and authentic product a perfect replacement for wd have enough expiry date,0,1,Happy,Love
good quality product thnx daraz,0,0,Happy,Happy
low quality,2,2,Sadness,Sadness
the strap is very comfortable the watchs display is clear and bright and it turns on automatically when you turn your wrist,1,0,Love,Happy
arrived right,0,0,Happy,Happy
good product the size in small but okay,0,0,Happy,Happy
the best quality,1,1,Love,Love
get authentic product delivery on time thank you pickaboo team for your great service,0,0,Happy,Happy
the product received exactly as shown satisfied with receiving the product,0,0,Happy,Happy
very good love the watch,1,1,Love,Love
happy with the look bit stylish sound quality good bit plastic body happy with the price vs product have a year warranty as well,0,0,Happy,Happy
pure one,0,1,Happy,Love
good product working well,1,0,Love,Happy
good product,0,0,Happy,Happy
jmn ta dekhechi temontai peyechivery good productagey akta niyechi again order diyeo valo pelam,0,0,Happy,Happy
very good quality mouse found properly sealed authentic product product ta j overseas product quality dekhlei bujha jay premium quality,1,0,Love,Happy
good product,0,0,Happy,Happy
alhamdulillah got the product exp date,0,0,Happy,Happy
what i need to get and i get the right products highly recommended thanks to the seller,1,0,Love,Happy
box er vetro tie pin ta vanga chilo but coat pin ta অকষত chilo tie pinta vanga thakbe eta expect kori nai apnader kache etto valo review dekhe order dichilam first time apnader কছ থক কছ order diye emon মনভব সষট হব এট বঝত পর নই,2,2,Sadness,Sadness
plastic quality very pooreven broken within one day,4,2,Anger,Sadness
this was best deal ever tk per piece from unilever bd,1,1,Love,Love
good one my wife so happy when she got the delivery,0,0,Happy,Happy
product found in good conditionthnks daraz n seller for giving good productgiving late review for justifying its competency,0,0,Happy,Happy
genuine product fast delivery thanks to pikaboo,0,0,Happy,Happy
alhumdulillah valo vabhei asche but akhono installed kora hoy ni korar por review dibho insha allah authentic product kina,0,0,Happy,Happy
received in good condition thanks the quality is good,1,0,Love,Happy
seller k janai dhonnobad good product all customers any product right now bfor goods time in sell and timeing products thanks,0,0,Happy,Happy
absolutely good product in this price range product is good seller the shop is recommended,0,0,Happy,Happy
packaging vlo chilo na product nosto hoyar possibility chilo,3,2,Fear,Sadness
didnt expected it to meet my expectations this much loved it so much,1,0,Love,Happy
seller is really good im satisfied with the purchase,0,0,Happy,Happy
the product is authentic and good but not the best because the ui is not that good although the configuration is very charming you will fill slow experience for this ui,2,0,Sadness,Happy
authentic good quality productdont hesitate placing your orderhighly recommended,0,0,Happy,Happy
great watch in this price seller was too much friendly,1,1,Love,Love
its good,0,0,Happy,Happy
its size too short not expected,1,2,Love,Sadness
so nice thing,0,1,Happy,Love
amr product ti bhalo pore ni laser light ti noshto,2,0,Sadness,Happy
the quality of the product was wonderful added that seller communication was lovely but i am happy with the delivery system as it took almost couple of week,0,0,Happy,Happy
it is not water proof at all,4,2,Anger,Sadness
it has an elegant lookit will go both with party wear and formal alsothe delivery was perfect on day overall functioning is okay alsolets use the product for future experience,0,0,Happy,Happy
best package full value of money sound quality is unbelievably good at this price range built quality is premium more useful than any other expensive mini speakers,1,1,Love,Love
product is ok same product is delivered by daraz thanks daraz,0,0,Happy,Happy
very good product,0,1,Happy,Love
got the product as they committed thanks daraz,0,0,Happy,Happy
excellent my nephew loved it a lot brought back memories from my childhood too,0,1,Happy,Love
great,1,1,Love,Love
overall quality is good i mostly played fifa but it works with every game the vibrations are decent but i think it kinda gets hot overtime but not that much the plastic doesnt feel cheap it felt kinda small in my hands im over ft so that might not be the case for you you can go for logitech f if you have the budget this ones great for beginners,1,0,Love,Happy
bought at quality is goodsome are big though recommended,0,0,Happy,Happy
delivery fast quality satisfied sound in general norms,0,0,Happy,Happy
beautiful thanks,1,1,Love,Love
ha allright,0,1,Happy,Love
the product was delivered within the specific period even though its a pieces toffee packet i got pieces toffee which is unexpected special thanks to the selleri highly recommend everyone to taste the toffee,0,0,Happy,Happy
thank you so much ak dom new product,0,0,Happy,Happy
absolutely recommended im surprised to see it at this price point its just tk but it has flat philips torx hex and more types of heads for small screws box quality is unexpectedly good a bang for the buck i was worried about the bits and their sizes mixed up once pulled out from their corresponding places but to my surprise every bit has its head type and size engraved at this price i wouldnt expect the material to be strong or durable but i guess if used with care it can serve enough,0,0,Happy,Happy
my boy satisfied with the product,0,1,Happy,Love
good product kemei km,1,0,Love,Happy
its nice,0,0,Happy,Happy
valo chilo seller k thanx,0,1,Happy,Love
its really beautiful watch,1,1,Love,Love
great combination of tools to get started,0,1,Happy,Love
product was good,0,0,Happy,Happy
fresh and new item,0,0,Happy,Happy
very good product i got the right colors very satisfied in sha allah i will order more,1,1,Love,Love
best ball in this price range onk halka and onk chap nite pare,1,1,Love,Love
i am fully satisfied this product is osam first use a khub valo result smell tao khub valo original product first daraz theke order korlam in sha allah aro order dibo packaging khub valo,0,0,Happy,Happy
i m impressedvery fast delivery,0,0,Happy,Happy
useful product liked it,0,0,Happy,Happy
it came quickly look cool satisfied,0,0,Happy,Happy
the product is very beautiful the transportation speed is very fast the goods are carefully packaged the products are made of highquality materials and all accessories are carefully installed i like it very much,0,0,Happy,Happy
thanks,0,0,Happy,Happy
delivered the exact same product as shown in the picture,0,0,Happy,Happy
this watch realy nice many days later i give the review,1,1,Love,Love
mota moti vhalo legececz tester atota creamy chilo na ar length kom korse,0,2,Happy,Sadness
this is the only ecommerce site that you can trust without any doubt with great delivery and customer service about product its authentic with great value for money,1,0,Love,Happy
absolutely love it especially the cool shot button very handy while travelling,0,1,Happy,Love
absolutely fine product just like same as picture i really loved it thanks daraz seller,1,0,Love,Happy
quality seems okay,0,0,Happy,Happy
i trust this brand for consistent quality,0,0,Happy,Happy
very good phone and service,1,1,Love,Love
month usedmy rt sided headphone less sound than left side month warrenty available now what can do how replace policy,3,2,Fear,Sadness
thank you very somuch,0,1,Happy,Love
best products year por review dessi akon o thik moto cholsa,0,1,Happy,Love
the keyboard is genuine and good looking satisfied with the order,0,0,Happy,Happy
a cheap budget smartwatch but looks very good in the hand need strap and other accessories available here in pickaboo for this,0,0,Happy,Happy
decent quality and a good amount,0,0,Happy,Happy
as it has blades with nice decoration my family members liked it beside this air quality is perfect,0,0,Happy,Happy
thank you verry much apu onek vlo product diasen,1,1,Love,Love
the pendrive was pretty good speed averages mbpsbut onk fast gorom hoye jay,0,0,Happy,Happy
awesome but its taking days,0,1,Happy,Love
good quality product,0,0,Happy,Happy
very good quality,1,1,Love,Love
good item,0,0,Happy,Happy
the packing was good and received very well,0,0,Happy,Happy
quality wasnt that much good and its not a export quality shoe,2,2,Sadness,Sadness
fast deliverydelivery vaiya was nicethese pen are also goodim satisfied,1,0,Love,Happy
ive been looking for this kind of cleaning tools and im so happy to finally have it thank u,0,0,Happy,Happy
good water filter this is the rd filter purchased for our home good service of complete kitchen,0,0,Happy,Happy
onk late review dicchishampoo ta onk valo chilond thnx seller k packet mini detergent powder packet gift peyechilam shtheinshallah eta shesh hle abr nibouse kre valo legeche,0,0,Happy,Happy
genuine product got in days,1,1,Love,Love
good product,1,0,Love,Happy
well receive thanks sharfaraj,0,0,Happy,Happy
its good,0,0,Happy,Happy
great ups,1,1,Love,Love
i have got the product intact and packing was quite good i have bought it on daraz campaign so i have got it in offer price the tv is quite well according to the price range,0,0,Happy,Happy
same as pic very nice,1,1,Love,Love
product good got norton with life safe mask thanks,0,0,Happy,Happy
sob thik cilo good product,1,0,Love,Happy
just loved the product very good fragrance very good packaging as well,1,1,Love,Love
good productseller is best,0,1,Happy,Love
very nice in this price,1,1,Love,Love
ordered on at pm and received the product on at pm which is less than hours product is good thank you pickaboo for your super fast service then i contacted with samsung customer care for free installation they provide my desired service within working days,0,0,Happy,Happy
alhamdulillah fitting is good comfortable satisfied,0,0,Happy,Happy
rd time purchase,0,0,Happy,Happy
its a very good quality guitar string same to same as a picture tnx daraz,0,0,Happy,Happy
i am so happy to receive my order its takes lots of time to reach me but it was worth it i really this product they send me a lil gift i it recommend for all and ill buy from them again soon thank you rhs online,0,0,Happy,Happy
posh watch,1,1,Love,Love
thanks,0,0,Happy,Happy
this product is awesome jossssshighly recommended,0,1,Happy,Love
satisfied,1,1,Love,Love
best service,0,1,Happy,Love
the goods are received after checking i will add a review,0,0,Happy,Happy
good quality product except the battery charger,2,0,Sadness,Happy
good product quality o valosatisfied,1,0,Love,Happy
ive loved the quality of the watch and all the shiny features it brings out a different shine on me sep,0,0,Happy,Happy
price is high must be low,3,2,Fear,Sadness
not suitable very low quality,4,2,Anger,Sadness
product quality and packaging was very good but during order the price was during delivery but there were some almost equivalent gifts with another product,0,0,Happy,Happy
original products free delivered bkash discounts,0,0,Happy,Happy
cute and beautiful gift for children,0,0,Happy,Happy
alhamdulillah kaporer quality onek valothanks daraz,1,0,Love,Happy
quality valoi tobe amichoto size vebe order diyesilam haate peye dekhi onek boro jara choto wallet khujsen tara niyen na amar bortoman wallet r aitar size comparison dekhay dilam,0,2,Happy,Sadness
everything is like as picture and also value for money perfection,0,0,Happy,Happy
they sent me empty box i ordered watches and they sent one watch and sent an empty box one brand shouldnt behave like this,4,2,Anger,Sadness
very cute nieduy watch nicer than the pictures fast delivery ordered came to polish,0,0,Happy,Happy
samsung rb is a good product,0,1,Happy,Love
fantastic satisfied,1,1,Love,Love
very good and durable,1,1,Love,Love
everything was alrightbut not for hard use,0,2,Happy,Sadness
its so gorgeousbeyond expectations alhamdulillah original products thanks to seller daraz highly recommended,0,0,Happy,Happy
premium looks kotha holo service pawa niye ashakorchi ager moto same long time service pabo tobe color thakbe kina eta niye confused lets hope for the best,0,0,Happy,Happy
less weight but good quality,2,0,Sadness,Happy
awesome watch looking great magnet diye test korchi eta fully stainless steel thanks a lot,0,0,Happy,Happy
budget friendly and good memory card i have purchased two its working perfectly delivery was also very good a big thumbs up,0,0,Happy,Happy
nice and good productmatro takai ml shampoo ato kome daraz chara ar kotha o somvob nahproti product ar shate abar ta kore gift itemo valo kotha shate abar free delivery o thanks uniliver thanks daraz,0,0,Happy,Happy
good product,1,0,Love,Happy
onk sundor watchpackaging sundor,1,1,Love,Love
it was soo i mean soo good i know i am giving late review of it but i am really thankfull thank you,1,0,Love,Happy
very good products thanks for daraz,0,1,Happy,Love
thanks,0,0,Happy,Happy
jinis gulo khub shundor onek pochondo hoyeche sathe ta postcard gift peyechi khub shundor onk dhonnobad,0,0,Happy,Happy
got it thanks,0,0,Happy,Happy
price onujaye bag ti onk valo amr valo legece thanks seller,0,0,Happy,Happy
really good thaks daraz,1,1,Love,Love
they gave me a broken one,2,2,Sadness,Sadness
fast deliverygood quality,0,0,Happy,Happy
no need to say anything new about the quality,0,0,Happy,Happy
price high,2,2,Sadness,Sadness
love you daz and selar ke onek donno badh thanks,0,1,Happy,Love
good products thanks,0,0,Happy,Happy
waterproof and so nice,1,1,Love,Love
sound quality too good,1,1,Love,Love
product is good,0,0,Happy,Happy
thank you daraz its awesome,1,1,Love,Love
the book was for my sister she is satisfied with the books she said she may learn something from the book,0,0,Happy,Happy
satisfied with the product,1,1,Love,Love
very good product,1,1,Love,Love
good product fast delivery lets see about service,1,0,Love,Happy
products was in a very good condition delivery received before the said timeline,0,0,Happy,Happy
very good product,0,1,Happy,Love
good product,0,0,Happy,Happy
good quality,0,0,Happy,Happy
thanks to daraz and cellar i got exactly what i expected,0,0,Happy,Happy
thank you for the parcel got it same as shown in the picture n got it on time testing kortechilam tai derite review dicchi onek nice,0,0,Happy,Happy
its good products and service also,0,0,Happy,Happy
good product liked it,0,1,Happy,Love
good enough in this discount price but real price is more than cloth quality,0,0,Happy,Happy
quality is good i am satisfied of this quality,0,1,Happy,Love
thank you luiswill for sending me such a good product,1,0,Love,Happy
osthir akta bagamr khub pochondo hoiche apnarao nite paren r delivery man r behave onk valo cilo,0,0,Happy,Happy
i love this watchtnx daraz and sellar recommended,1,1,Love,Love
excellent product quality service from pickaboo,1,1,Love,Love
in one word simply outstanding,1,1,Love,Love
the product quality is good im satisfied trusted seller,0,0,Happy,Happy
i like this dress but not like the paijama this paijama not sam,2,2,Sadness,Sadness
good product at good price,1,0,Love,Happy
i love the colors i could wear this bag with just about anythingand it holds my phone my keys my small handsanitizer and my cash,0,0,Happy,Happy
products is good thanks you much for seller,0,0,Happy,Happy
its good but i dont like the smell buy at your own risk,2,2,Sadness,Sadness
vhalo product recommended,1,1,Love,Love
thanks for giving me the original product,0,0,Happy,Happy
just wow ai price e ato valo abong sundor product pabo vabta pari nei same as the picture abong quality onak valo ami khubi khusi amn quality product paya thank you,0,0,Happy,Happy
product ti valo and somoi moto delivery payechi,1,0,Love,Happy
not best quality but good enough for this price,2,0,Sadness,Happy
overall good within this budget,0,0,Happy,Happy
quality is good,1,0,Love,Happy
product ti hate peyechi khub e valo ekta product ei price e packaging ta amaging chilo product er kono khoti hoini seller er behavior o khub e valo chilothank you very much,0,0,Happy,Happy
good quality and reasonable price,1,0,Love,Happy
original headphone sound quality is very good onk valo quality diyeche sobai nite paren,1,0,Love,Happy
it was greatbut quality ta arektu valo hoilee valo hoto,0,0,Happy,Happy
just as per photo and description very useful thanks to the seller,0,0,Happy,Happy
good product,1,0,Love,Happy
nice product under this price,0,0,Happy,Happy
best in this price recommended,1,1,Love,Love
good product,0,0,Happy,Happy
same as described worth buy,1,0,Love,Happy
delivery onk late estimated delivery date er cye days delay,4,0,Anger,Happy
product jamon chachilam tamon ey payachi alhamdulilah apnara chile nite paren,0,0,Happy,Happy
original and authentic productall can take,1,1,Love,Love
got this beautypackingquality product everything is just too good highly recommend,0,0,Happy,Happy
always the product surprise me for its quality i am sooo happy after receive the product thanks seller for a good quality products everyone can purchase this blindly i never found any defective or less quality product from this store body was metal heavy weigh and belt material heavy and stretch with thanks daraz and seller both,0,0,Happy,Happy
very happy with the sound quality battery back up very light weight however the sound gets a bit distorted when put in full volume although up to of volume the quality is really good overall a very good budget bluetooth speaker would recommend this,1,0,Love,Happy
useful tool nice box thsnks,0,0,Happy,Happy
great watchrecommended,1,1,Love,Love
thanks for the product,1,0,Love,Happy
the pant is good but too much narrow the fitting of the pant could be better otherwise good value for money,0,0,Happy,Happy
good product i am খশ,0,1,Happy,Love
xiaomi is xiaomi always performs the best in the price,1,0,Love,Happy
very good product,1,1,Love,Love
good products good service thanks,1,0,Love,Happy
shob thik cilo but akta clip vangga asche aijnno return koreci,4,2,Anger,Sadness
product quality was really good though the funny thing is i went to a local lotto showroom the day before ordering this online they asked for the same pair of shoes,0,0,Happy,Happy
very good product thanks,1,1,Love,Love
very nice quality and an affordable price,1,1,Love,Love
better than i imagined absolutely recommend it for the price,0,1,Happy,Love
faire for this price range,0,0,Happy,Happy
good product,0,0,Happy,Happy
it was good and very much useful,0,0,Happy,Happy
not fully satisfied,2,2,Sadness,Sadness
satisfied,0,1,Happy,Love
very nice and awesome watch i got it very fastly it was full intact and authentic i am really satisfied,0,1,Happy,Love
stainless still bole plastic ghori dise,4,2,Anger,Sadness
satisfactory product quality i am happy with the battery backup it was delivered fast,0,0,Happy,Happy
im satisfy with this product,0,1,Happy,Love
thanks to seller and daraz for always delivering good quality products,0,0,Happy,Happy
good enough,1,0,Love,Happy
exactly same product i love it so much,0,1,Happy,Love
plastics are cheap and very light for that the train doent remains on track and falls outside the track seller is good but the product is not so good according to the price,4,2,Anger,Sadness
product received with good condition delivery time as per commitment excellent service by pickaboo good luck,0,0,Happy,Happy
same as the picture,1,1,Love,Love
very good packaging and product thanks for sending timely,0,1,Happy,Love
looks gooddont know how it will worklets see,0,0,Happy,Happy
one of my best purchase from daraz tho delivery aste onek time legechilobut im satisfiedalhamdulillah,0,1,Happy,Love
wonderful same as written quality,1,1,Love,Love
product quality is good but i recommed it only for infants to mos old because the lenght is short,0,0,Happy,Happy
onek sundor watch ta,1,1,Love,Love
seems to me product is good i made cake and grilled used for warming food i like this product,0,0,Happy,Happy
i am very satisfied with the product its exactly same as picture and video its highly recommendand daraz delivery mans behavior always good,0,0,Happy,Happy
excellent conditionworksquick delivery daysthank you games zone,1,1,Love,Love
fresh product fast delivery satific,0,0,Happy,Happy
the product was excellent,1,1,Love,Love
thank you so muchso beautiful its premium quality for its priceseller was very responsive thank you,0,0,Happy,Happy
i just love it alhamdulillah obviously recommended,1,0,Love,Happy
very very good produced,1,1,Love,Love
very nice darah thanks,1,1,Love,Love
product received but defective so i want to return my product broken screw driver holder show delivery person,0,2,Happy,Sadness
hp cartridge e inject kore use kortechi khub valo service paitachi,1,0,Love,Happy
very good product helpful,0,1,Happy,Love
original product with good packaging happy to be user product user of philips thank you pikabo for your good service,0,0,Happy,Happy
its just normal bag it hasnt any zip or lock to close product quality is good,2,0,Sadness,Happy
same as picturejust got navy blue colour overall very good at this price,0,0,Happy,Happy
looks nice hope this will work thanks,0,1,Happy,Love
not at all product was genuine thnx,1,0,Love,Happy
it was good enough,1,1,Love,Love
good product recommended for a good buy with cheap price kid loved it too thanks to seller manufacturers,0,0,Happy,Happy
very good buy thanks to daraz,1,1,Love,Love
thank you seller duita gift diyechen onek khusi hoyechi r onek fast hate peyechi productthanks again,0,0,Happy,Happy
and good quality,1,0,Love,Happy
best tiepin store month still shining like new no broken issue or colour damaging value for money do u guyz have menz brooches,0,0,Happy,Happy
it was very tight felt like the slimmest pant on earth returned it got the refund as well,2,0,Sadness,Happy
good controller,1,1,Love,Love
i am thrilled with my purchase of the samsung inch crystal k uhd hdr smart television bu this tv delivers an outstanding viewing experience with its breathtaking picture quality smart features and durable build the k uhd resolution and hdr make every scene come to life while the smart functionality and intuitive interface provide effortless access to my favorite streaming apps the sleek design and excellent sound quality further enhance the overall experience if youre looking for a topnotch tv this is a musthave,0,0,Happy,Happy
its really looks beautiful and i am happy about my daraz product,1,0,Love,Happy
even with this price the product is super good and user friendly,1,0,Love,Happy
cool and fresh,1,0,Love,Happy
original product alhamdulillah,1,1,Love,Love
very nicely packed a great gift item bought as gift for my mother on her birthday she loves it its built quality is beyound expectation special tool for size adjustment is also in the package so size adjustment is not an issue fast delivery took almost weeks to deliver at lahore due to overseas seller thanks seller and daraz,0,0,Happy,Happy
low quality,2,2,Sadness,Sadness
it is not good product,2,2,Sadness,Sadness
very bad experience button are not working properly and auto sounding after waiting of one month i got a very bad experience hey skmei i believed you but you me,4,4,Anger,Anger
great this is my nd time order satisfied product,0,1,Happy,Love
helpful during pregnancy thanks daraz and seller,0,0,Happy,Happy
good product,1,0,Love,Happy
pad locks quality is good recommended,0,0,Happy,Happy
sound quality good,0,0,Happy,Happy
gave a cable as gift on asking with ordered cable anyone can buy from here,1,0,Love,Happy
satisfied,0,1,Happy,Love
thx daraz khub sondur hoyese apnar o nithe paren,1,0,Love,Happy
quality good fast delivery,0,0,Happy,Happy
its okay as i thoughts,0,0,Happy,Happy
in this price is ok,0,0,Happy,Happy
alhamdulillah original product chilopackaging o valo chilo next time abr kinbo inshaallah,0,0,Happy,Happy
fast delivery smooth receiving thanks to pickaboo i recommend to everyone to buy from this store,0,0,Happy,Happy
fantastic train set i recommend the seller,0,1,Happy,Love
authentic product,0,1,Happy,Love
this items was delivered as requested,1,0,Love,Happy
average quality,1,2,Love,Sadness
product quality is very good iam satisfied thank you seller recommend,1,0,Love,Happy
really thankful timely delivery and original product,1,0,Love,Happy
its good,0,0,Happy,Happy
authentic product dont have any screen protectionhead phone back cover,0,0,Happy,Happy
bag ta onk cutebt tk hesab a onk coto,1,1,Love,Love
recived good conditions with warranty card,1,0,Love,Happy
fresh and fast delivery,0,0,Happy,Happy
good quality earphones official product with warranty noise cancellation is not so good but great for music and day to day use,0,0,Happy,Happy
good product,0,0,Happy,Happy
alhamdulillah ami je elakai asi panite khubi ayron o lobonakto ami to pani khao serei diyesilam ecofresh ro newar por mone hosse mineral water khassi thanks ecofresh many many thanks to the seller,0,0,Happy,Happy
great little device to have in the office,1,1,Love,Love
excellent product undoubtedly anyone can buy fully premium product,0,1,Happy,Love
good product quality value for moneywill buy it again next time,0,0,Happy,Happy
it was value for money it smells like smoky woody and sweet everyone will not like it and it is not regular use perfume it is especially winter perfume but the performance is quite good i sprayed it on tissue and it lasted almost days,1,0,Love,Happy
same as picture thank you daraz,1,1,Love,Love
i am satisfied product quality is very good,0,1,Happy,Love
recommended,0,0,Happy,Happy
in one ward value for money,0,0,Happy,Happy
quick delivery and good quality product,0,0,Happy,Happy
thanks to daraz,0,0,Happy,Happy
good productdeliver man is very cool,0,1,Happy,Love
very nice product i am fully satisfied very very thanks to selar,1,1,Love,Love
ei shop ta amar dekha daraz er modde best ekta shop packaging theke soro kore ekdom sob kicu up to the mark authentic product chobi te jemon reality te aro besi sundor sob kicu cok bondo kore nite paren je keo many thanks to the seller bhai,0,0,Happy,Happy
got my products soon i like it awesome products,1,1,Love,Love
good item,0,0,Happy,Happy
same as picturebut dam besi,1,0,Love,Happy
almost good,0,1,Happy,Love
same as the picture and very good quality im satisfied,0,1,Happy,Love
good product,1,0,Love,Happy
very nice product thanks daraz mart,1,1,Love,Love
good product with a reasonable price,1,0,Love,Happy
good products,0,0,Happy,Happy
thanks a lot included map and online working,0,0,Happy,Happy
onek valo printer satisfied,0,1,Happy,Love
good quality,0,0,Happy,Happy
best perfume and great service by pickaboo,1,1,Love,Love
good product,1,0,Love,Happy
thanks for the perfect delivery timely,0,0,Happy,Happy
low quality product dont buy it,3,2,Fear,Sadness
not good at all,2,2,Sadness,Sadness
good product according to price,0,0,Happy,Happy
although emi procedure should be more clear product is good delivery was fast,0,0,Happy,Happy
size okquality almost ok,1,2,Love,Sadness
too much good quality hair dryer peyechi akhono use korchi month hoye gese onk vlo product spbai obossoi nite paren thanks a lot seller best of luck,0,0,Happy,Happy
products goodproducts new,1,0,Love,Happy
package was not good but product ok,1,0,Love,Happy
this is the best dermaroller in the market i have ordered it thrice and one for my friend i dont know whether this is original or copy but the product is built perfectly the needles are also good enough if you want to buy a dermaroller you can give it a try btw this is not a paid review and i do not know the owner of the shop,0,0,Happy,Happy
mashaallah onk shundor same as pictureand delivery man r behavior onk valo alhamdulillah,0,0,Happy,Happy
good qualityevery one can buying this product,0,0,Happy,Happy
dam hisebe thik ase,0,0,Happy,Happy
quality good,0,0,Happy,Happy
product was good as always,1,1,Love,Love
sound quality is very poor,2,2,Sadness,Sadness
the products great runs very smoothly,1,1,Love,Love
product was good thanks to seller for give me this suitable product,0,0,Happy,Happy
good for the baby,0,0,Happy,Happy
the packaging was excellent and the product is same as the picture and comfortable to wear and adjust,0,0,Happy,Happy
what the nonsense is that i order all anime stickers but come only one piece anime stickers,4,2,Anger,Sadness
good item the sound is great recommended,0,0,Happy,Happy
price onujaye mota muti vlo product so sby nite paren eke bare kharap nah vloi ache,0,0,Happy,Happy
primium quality ek kothay osadharon satisfied with the product jader dorkar tara obossoi nite paren,0,0,Happy,Happy
product quality awesome,1,1,Love,Love
alhamdullah original product,0,1,Happy,Love
quality not good,2,2,Sadness,Sadness
it was a gorgeous watch got this watch after days the colour is perfect and quality best i got battery adjuster but didnt get any menu card or any kind of paper this watch have both type of language including english thanks to seller man for giving such a beautiful watch and thanks t daraz shop,0,0,Happy,Happy
first i got a faulty product then i request for replacement and got another one tv seems working good but little bit slow,0,2,Happy,Sadness
ta fan nilam khub valo silo din ekhon r charge dawa jay na fan chole na nosto hoia gese prothom dike valo service dibo then nosto hoia jaybo,2,0,Sadness,Happy
value for money one of the best choice within k,0,0,Happy,Happy
works as should on time deliveryloves it,1,0,Love,Happy
wow so cute but finishing ta aro better hole ok hoto,0,0,Happy,Happy
seller khub e operative person behaviour product quality not bad,1,0,Love,Happy
board quality onk normal very poor quality,4,2,Anger,Sadness
very useful same as picture,1,0,Love,Happy
awesome product,1,1,Love,Love
refreshing,1,1,Love,Love
quality product from casio came with original box and documents seems like original and authentic product,0,0,Happy,Happy
products r very nice nite paren,0,0,Happy,Happy
thanks,0,0,Happy,Happy
extremely poor after sales service from haier bangladesh i bought the tv on th august and i was assured that a technician would be dispatched to my location within hours for installation regrettably despite my repeated attempts to follow up on the status of my request i have not received any further communication or assistance until today ns september i have made numerous calls to the customer service hotline and each time i was told that the installation would be completed within hours however i have neither received a call from a technician nor had the installation service provided,4,4,Anger,Anger
good producteasy to use happy to have this kind of water purifier,0,0,Happy,Happy
before review this product ive been using it last seven days this bluetooth speaker is really good good product im very much satisfied,1,0,Love,Happy
this product is very good at law price work is fine,1,0,Love,Happy
mashallah onek sundor hoice j colour chaice exact oita e deyache,0,0,Happy,Happy
product quality onak valo thanks you sellar k recommendvalo product dawar jonno thank you daraz bangladesh,0,0,Happy,Happy
the facewash has been smashed inside the packagebox daraz needs to handle stuff more carefully,4,2,Anger,Sadness
philips hair dryer is a good quality product,1,0,Love,Happy
good but it can be found in half the price from local market,2,0,Sadness,Happy
great product as i expected,1,1,Love,Love
authentic productthanks pickaboo,0,1,Happy,Love
product te asoley kub sundor,1,1,Love,Love
tnq ai mini body wash ta gift korar jonno r packaging er kotha ki bolboakdom ja ta bsy ante onk ksto hoiche r ekto kheyal rakha ucit chilo r delivery man er behavior vlo na,2,2,Sadness,Sadness
price is very high for this small thing,2,2,Sadness,Sadness
ink discount a pailam,0,0,Happy,Happy
nice mascara in cheap price recommended guys,0,0,Happy,Happy
the bag is very beautiful same as picture,0,0,Happy,Happy
alhamdulillah modhu er quality valo peyechi sesh holei abr nibo apnader theke,0,0,Happy,Happy
thanks daraz for on time delivery discount rate,0,0,Happy,Happy
hair straightener ta onk sundor hoice ami kichu din age ekta order korcilam but unfortunately ota vanga chilobut aebar er ta valo hoice khub tara tari hit o hoy apura apnara chaile nite paren packaging ta o valo chilo thanksdaraz,0,0,Happy,Happy
its good,1,0,Love,Happy
my girl is so happy to get this,0,0,Happy,Happy
alhamdulillah valo nice watch,1,1,Love,Love
this remote is awesomeit have more function than stock remote,1,1,Love,Love
product quality is really really good recommended,0,0,Happy,Happy
honesty its very good product thank you so much,1,1,Love,Love
button quality is average but overall good,1,0,Love,Happy
product is good but very late delivery,0,0,Happy,Happy
best quality with lowest priceloved it for my baby,0,1,Happy,Love
every thing is ok but ta crew kom silo,2,0,Sadness,Happy
great product very high quality worth it loved it,1,1,Love,Love
its good for small repairing,0,0,Happy,Happy
seems authentic works fine trust for the brand phillips is working packaging was good seller recommended,0,0,Happy,Happy
good product,0,0,Happy,Happy
water quality besh bhalo pawa jacche recommended to all customers as it is worth it in terms of price,0,0,Happy,Happy
same as picture but didnt receive the box,1,2,Love,Sadness
one of the best sounding tws and quite a decent soundcore app you can really enjoy moive series as well music,0,0,Happy,Happy
hlw sir many time i faced this problem this product password problem thats why i refund money,2,0,Sadness,Happy
i am satisfied good product and quality,1,1,Love,Love
suprb price ei price ey official product pawya possible nh,0,0,Happy,Happy
the quality of the bag is really good babohar koreo onk arambag er painting ta ami nije korechi tai paint korte time lagay onk late kore review dilam,0,0,Happy,Happy
its too good tnxx,0,1,Happy,Love
maybe old product cz no smell i found after open the product,3,2,Fear,Sadness
outstanding recommend for everyone,1,1,Love,Love
authentic product got discount n cheaper than any other platforms,0,0,Happy,Happy
very good quality my wife loves it thanks,1,1,Love,Love
wow just awesome product received a like a described light weighted shoe,1,1,Love,Love
i have used this before and bought it again very good product happy with their good service,0,0,Happy,Happy
i tied several neck fans this is the best it is used for disneyland leisure and hiking,0,0,Happy,Happy
nice thnks seller,0,0,Happy,Happy
thanks received good conditions highly recommend,1,0,Love,Happy
very handy and good item price is reasonable,0,1,Happy,Love
best product in this price range good value for money i have always received superfast delivery from pickaboo but it was slow this time pickaboo should consider delivering fastpick items during the weekends as well,0,1,Happy,Love
not very good very light and soft the foot becomes crooked,2,2,Sadness,Sadness
received with thanks,0,0,Happy,Happy
just wow wow product many many thanks seller sobi nan product quality awesome,1,0,Love,Happy
beautiful watchthanks for give me the same product,0,1,Happy,Love
thanks as always for providing authentic product with good packaging,0,0,Happy,Happy
a very good product worth recommending to others,0,0,Happy,Happy
good product,1,0,Love,Happy
good sound perfect for beginners no bag included only pic free,0,0,Happy,Happy
already received this product good quality very shorttime delivery thanks pickaboo,0,0,Happy,Happy
onek sundor chilo,1,1,Love,Love
kisudiner modde keno jani battery sesh hoiye gelo but same product peyechi,2,0,Sadness,Happy
screen is cracked in the bottom corner i hope the seller will replace,2,2,Sadness,Sadness
product was good packaging was also good fully satisfied with this product recommend,1,0,Love,Happy
as a electric bbq machine it works more than just fine but as you can image taste in coal cooked bbq is more superior than this,0,0,Happy,Happy
always good product,1,1,Love,Love
quality is not that good average product,0,2,Happy,Sadness
good productreviewing after usingit worked perfectly for mekeep doing the good things to the people,0,0,Happy,Happy
packaging was good quantity and date was also correct,0,0,Happy,Happy
found great quality,1,0,Love,Happy
very good in this price range packaging was also very good,0,1,Happy,Love
its too much good and the delivery is damn fast but i think the price should be or around that the seller behavior is so good and they have a youtube channel search polashi in search box of youtube you will get whole videos subscribe them and thanks daraz the rider was very good,0,0,Happy,Happy
the strap was deformed,4,2,Anger,Sadness
worst one everbro it doesnt even switches off like tfcharge a dile chole ar naile off thakedidnt expect this at all,4,4,Anger,Anger
awesome product,1,1,Love,Love
received the product same as it showing,0,0,Happy,Happy
same as photo and description thanks to sellar,0,0,Happy,Happy
it was really cute and adorablei would definitely order more in the future no cap,0,0,Happy,Happy
best product ever,1,1,Love,Love
first try,0,0,Happy,Happy
better option in this price range with amoled screen though always on display should be always on charge stays only to days on regular use which will better if goes to days calendar should be included sometimes connection with mobile lost band should be better in quality and in design over all better watch in entry level,3,0,Fear,Happy
received in good condition,0,0,Happy,Happy
product khub valo service very good sub kichu valo ami din use korlam per day ghonta use korle taka bill kate monthly to bill asbe kintu ora bolchilo to taka bill asbe tar poreo valo ami use kore review korlam ata nite paren better product,1,0,Love,Happy
thank you so much,1,1,Love,Love
valoi ache but r ekru usar thakle valo hoto but good product,0,0,Happy,Happy
best tws with this price range delivery was really fast got the product in less than a day,0,1,Happy,Love
dinei product paisir delivery man er behavior o khub valo cilo,0,0,Happy,Happy
authentic product very fast service highly recommend pickaboo,1,0,Love,Happy
onek sundor back ta colour tao sundor product same peyechi quality o onek valo recommended,0,0,Happy,Happy
i ordered four products but got products only,2,2,Sadness,Sadness
good recomanded,0,0,Happy,Happy
good product,0,0,Happy,Happy
good and accurate product,0,0,Happy,Happy
got it very cheap thanks daraz,0,0,Happy,Happy
product and everything is excellent except delivery worst delivery partner delivered after days deliveryman didnt come to doorstep i had to recieve the package km away from home deliveryman asked for money worst experience ever pls be more concerned about the delivery service,0,0,Happy,Happy
i am quite satisfied as i received the original product,0,0,Happy,Happy
got the delivery within day inside dhaka thanks to pikaboo and samsung,0,0,Happy,Happy
not satisfied low picture and sound quality,4,2,Anger,Sadness
good and quality products time daraz experience,1,0,Love,Happy
nicely delivered the product is great,1,0,Love,Happy
sob kicui thik ache delivery o fast chilo tobe kotha hocce size disilam komor diye thik e hocce kintu paye diye procur tite,0,0,Happy,Happy
very good looking and compact easily recommended to all,0,1,Happy,Love
good service on time received,0,0,Happy,Happy
thank you for the authentic product,0,0,Happy,Happy
same quality as photoes showed its fit for my shape,0,0,Happy,Happy
good product,0,0,Happy,Happy
ak kothay osadaron product sellardelivery manonk valo chilo,1,0,Love,Happy
othentic,0,1,Happy,Love
mic connect hocche nacable a problemreturn korte chai,2,2,Sadness,Sadness
good product,0,0,Happy,Happy
good n received as described,0,0,Happy,Happy
super nice exactly what i expected the quality is good also,0,1,Happy,Love
ami gb peyechi ajee hate peyechi baki sobkichuyee valo chilo,0,0,Happy,Happy
bolsi je ator ta joss wonderful beautiful nice execlusive excellent purai wow cokher samne sudhu beli ful dekhtisi but dukkho amar nak bondho karon amar thanda legese tai cokh diye dekhtisi karon sukhti parsi na,0,0,Happy,Happy
price too much for this itemnot satisfied,2,0,Sadness,Happy
genuine product i have got the product in hours,0,1,Happy,Love
very good product,1,1,Love,Love
ordinary quality match with pricing,0,0,Happy,Happy
daraz sent me a physically damaged oven i requested change but they didnt it was horrible experience to me,2,2,Sadness,Sadness
quality was good,0,0,Happy,Happy
wifi sty connection hoy naki korte hobe kindly janan amk,2,0,Sadness,Happy
sound quality dam hisabe vlo but box akdom halka dam onujay kharafna dekhar bisoy charge kotokkhon thake amnite vlo cyle nite paren,1,0,Love,Happy
very good product recommended for everyone thank you daraz and seller,0,1,Happy,Love
two out of were over ripped,2,2,Sadness,Sadness
nagad er taka cashback free key ring tobe weight ta olpo ektu beshi mone holo sob miliye takay best package,0,0,Happy,Happy
first i was worried when i didnt see the cd in the box but later i understand kaspersky installation is online and the exe file is less than mb so i guess its ok the main part is the licence key worked perfectly so i am satisfied thank you seller daraz,0,0,Happy,Happy
it is superb product within this budget,1,1,Love,Love
quality and taste of the product was so sobut return policy of daraz very bad,0,4,Happy,Anger
satisfied,0,1,Happy,Love
was get the exact product which was promised,0,0,Happy,Happy
good product recommended,1,0,Love,Happy
delivery ta matro pelam but coat pin er nicher onso ta ta ney,0,2,Happy,Sadness
got pieces rin liquid free with the soap happy purchase,0,0,Happy,Happy
good in quality,0,0,Happy,Happy
good product,0,0,Happy,Happy
good quality,0,0,Happy,Happy
product quality is so good,0,1,Happy,Love
just awesome cant express,1,1,Love,Love
tara picture a dekhaise ekta r dise arekta product er seal o break chilo really disappointed not recommended,4,2,Anger,Sadness
receive good condition but not use,2,2,Sadness,Sadness
facewash ta bestdate porjontobrightning cream ar march a toiri ja aktu kharap laglooverall good,0,1,Happy,Love
alhamdulillah shob product e valo peyechiaksathe order korchilam sathe rin liquid free peyechirider vaiya onek valo,1,0,Love,Happy
very good product,0,1,Happy,Love
today i installed my product without any complicity service was so satisfactory i ordered extra pre housing same brand from them and they consider pricing quality looking forward to their future commitment about warranty so my recommendations to this midea water purifier for new users all the best,0,0,Happy,Happy
the product was great,1,1,Love,Love
i must say it is an excellent chess board with this price recommended,0,0,Happy,Happy
same as picture date o onek din ase,0,1,Happy,Love
products febric quality was good compared to the price but there is a sewing problem which was unexpectedadditionally i had ordered multi colour product but i was given a unicolour productif there were no sewing problem and expected product were provided then it would be excellent however i will not return the product i will request the seller to give more attention on sewing to boost up his sales all the best for daraz and seller,0,0,Happy,Happy
i got my order in th octoberlate to give a reviewi bought it for my momshe loved it and that all means,1,0,Love,Happy
i except a brushless fan but its not brushless that means short life span,0,2,Happy,Sadness
good product and fast delivery,1,0,Love,Happy
before ordering i had doubts now i have none original product and intact package of takara tomytomica i am so satisfied will order more soon thanks to seller for keeping the trust recommended,0,0,Happy,Happy
lovely watch,1,1,Love,Love
very good products,1,1,Love,Love
received with good condition,0,0,Happy,Happy
really a good deal,1,1,Love,Love
good product,0,0,Happy,Happy
cloth quality is very good within this price range recommended,1,0,Love,Happy
best ta product cilo tick jmn ta chaice tr chaite best cilo saller k onk tnxxx,0,1,Happy,Love
its good,0,0,Happy,Happy
good one in this budget excilent delivery with wonderful packaging from seller thanks to haier and daraz family keep is up,0,0,Happy,Happy
very basic straightener compared to price its ok took days to deliver,0,0,Happy,Happy
i satisfied with darazso fast delivery and get the best productsthanks to daraz for this product seller was also good minded and friendlyagain thank you,0,0,Happy,Happy
good product,0,0,Happy,Happy
good looking and attractive thnx daraz and seller for intruding such product strongly recommended,0,0,Happy,Happy
best product,1,1,Love,Love
absolutely amazing product,1,1,Love,Love
khubi valo chelo ar fresh,1,1,Love,Love
was rotten daraz should be more product quality concious other potatoes are ok here in our area daraz fresh might not be as good as they are countrywide though a tk deal still its kind of a lottery buying at this price quality but delivery is faster delivery person is with very good behaviour supportive,2,2,Sadness,Sadness
nice watch with very reasonable price and instalment facility,1,0,Love,Happy
product was good but plastic ta jodi arektu vlo hoito onk din vlo thakto r product ta paity onk late hoise jeta onk bitroktikor chilo,0,0,Happy,Happy
nice product quality was really good,0,0,Happy,Happy
very fast delivery products were my favorite,1,0,Love,Happy
recommended,0,0,Happy,Happy
same as picture thanks seller,1,0,Love,Happy
packaging was gooddont know how it will work on the lets hope for the best,0,0,Happy,Happy
i got the product so quickly i am happy to get exactly same product as picture but i am little bit disappointed cz i cant put my phone in the bag it could be very useful if i could keep my phone in it,0,0,Happy,Happy
all right it came in time stipulated recommended seller good product,0,0,Happy,Happy
books quality was godaccording to the price delivery was quick thanks for the service,0,0,Happy,Happy
pishone leak silo product ar,4,0,Anger,Happy
the product quality is good but i thought it was larger didnt think cm would be so small,0,2,Happy,Sadness
good quality,0,0,Happy,Happy
good product and service,0,0,Happy,Happy
simply to say its fantastic my wife like this fragrance so much very fresh and gentle fragrance,0,0,Happy,Happy
looks good after play in field it will show real condition,0,0,Happy,Happy
very good product thnx a lot daraz dexbd and seller ke,0,1,Happy,Love
ma sha allah onek cute thanks for the cap,0,0,Happy,Happy
its an awesome watchthanks daraz,1,1,Love,Love
good quality product,1,0,Love,Happy
umm they sent me the wrong mascara i specifically ordered the black one for the shape of the wand but i think they mistakenly gave me the pink one,4,2,Anger,Sadness
product excellent quality fast shipping and well packed,1,1,Love,Love
good qualityprice ta aktu bashe,0,0,Happy,Happy
high recomended,1,1,Love,Love
panchforan power good thanks daraz sellar,0,0,Happy,Happy
premium quality anybody can take it,1,1,Love,Love
product is good,0,0,Happy,Happy
gd products,0,0,Happy,Happy
good product thanks,0,0,Happy,Happy
same as picture its really good,1,1,Love,Love
good product long battery backup thanks,0,0,Happy,Happy
ajkei pelamonk shundor ache latency naigta v fh khele dekhlam ekdom smooth cholekono additional software er jhamela nai but long time hour khelle disturb kore abar minutes rest dile thik hoye jay,1,2,Love,Sadness
itis sooo goodu can buy it on any problem,0,0,Happy,Happy
fast delivery original product fully satisfied,0,1,Happy,Love
satisfied with my purchase,1,1,Love,Love
huge space and im satisfied but halka dusty dusty chilo,1,0,Love,Happy
trust me sotti e khub vlo chilo product ta tomra caile nite paroamr kace to best mone hoice thank you so much daraz and seller,0,0,Happy,Happy
a few models starting having issues with connects not well made,2,2,Sadness,Sadness
good product,1,0,Love,Happy
amazing design of this audie the model is good finish doors seem to be a little delicate to handle,0,0,Happy,Happy
perfect,1,1,Love,Love
good product,0,0,Happy,Happy
authentic product any one can buy in ur closed eye,0,0,Happy,Happy
received in good condition expire date november made in indonesia,0,0,Happy,Happy
very good jus what i wanted and delivery was fast,1,1,Love,Love
thanks well products as like photo,1,0,Love,Happy
thanks seller daraz,1,0,Love,Happy
good product,0,0,Happy,Happy
its a fantastic deal i got it after about days,1,1,Love,Love
goo quality in this pric range delivery ws fst in days and the weights are correct,0,0,Happy,Happy
onk vlo seller ami kg order koresilm sthe kg free peyesi thanks daraz and also thanks seller,0,0,Happy,Happy
thank youwatch ta bastobe onek beshi sundor,1,1,Love,Love
packaging was very goodeven from such a distance the glassware is intact i am very happy to see it the behave of the sellar was also very beautifulvery very recommended product,1,0,Love,Happy
thanks really good product and fast delivery,0,0,Happy,Happy
good original product,0,1,Happy,Love
recived the product in good condition enough validity time packaging was so good super fat delivery original product many many thanks daraz seller delivery man,0,0,Happy,Happy
good quality worthy,1,0,Love,Happy
osadharon khubi sunsor ato joss hobe vabini onek onek sunsor r light er coloures change er beparta aro joss thanks thankx daraz,1,1,Love,Love
amazing highly recommend,1,1,Love,Love
most essential product for pregnant woman who is suffering from back pain during pregnancy thank u seller,0,0,Happy,Happy
bluetooth connect hoy na terrible fake product dont purchase,4,2,Anger,Sadness
well received the product the seller and the service man are well behaved i did not have to worry for the installation hope to get good after sales service also thanks to the rider and daraz,0,0,Happy,Happy
good quality product highly suggested,1,0,Love,Happy
original productthank u seller,1,1,Love,Love
very light weight played fifa and seems all the buttons are fine got the invoice few days later over mail lets see,1,0,Love,Happy
delivery man was good and got the product,0,0,Happy,Happy
awesome product,1,1,Love,Love
its a nice product in this price range,0,0,Happy,Happy
it was user friendly and so much comfortably,0,0,Happy,Happy
this product is really good good seller nice packaging anyone can buy it,0,0,Happy,Happy
it was good but if the colour could have been more seeable it would have been better but awesome drawing tablet,2,0,Sadness,Happy
nice but botton is not smooth,0,2,Happy,Sadness
product ta onek sundor thank you daraz,0,1,Happy,Love
satisfied,1,1,Love,Love
genji is very good clothes are good i got what was shown in the picture this is the first time a genjilam from daraz very beautiful i am very happy daraz thank you all,0,0,Happy,Happy
works perfect,1,1,Love,Love
good service and good seller,0,0,Happy,Happy
really good service with products quality price and delivery time is committed to customers value satisfaction go ahead,0,0,Happy,Happy
excellent product though the zipper couldve been better,0,1,Happy,Love
good product thanks,1,0,Love,Happy
good quality obisasso offer a pailam matro a,0,0,Happy,Happy
amazing nonstick works perfect for frying single or double eggsfully recommended,0,1,Happy,Love
great,1,1,Love,Love
good quality product everything is perfect delivery in time thanks to seller daraz,0,0,Happy,Happy
good product definitely recommended,0,0,Happy,Happy
it was really awesome original product,0,1,Happy,Love
the pan met all the requirements i was looking for it is light wide enough and doesnt slip when on stove after using weeks the only problem that i faced is the engraved logo underneath it is hard to keep clean and if anything gets stuck in it it will take forever to pluck or even wash please notify the producer to make the engraving less deeper,0,2,Happy,Sadness
its really waterproof,1,1,Love,Love
color was not the same as i ordered very disappointed,2,2,Sadness,Sadness
very good quality and nice product,1,1,Love,Love
recommended,0,0,Happy,Happy
delivery thik cilocard okay,0,0,Happy,Happy
very very good absolutely amazing works great im giving reviews after months,1,1,Love,Love
the product quality was good i have been using it for the last days without any problem you can buy this watch from pickaboo thank you,0,0,Happy,Happy
product was good ekta shower cap gift korar jonno thanks produst same e chilo daraz ektu late kore product delevary dice baki sob ok,0,0,Happy,Happy
thank you so much for the genuine product and good packaging excellent customer service and promptly responsive any one can buy from them highly recommend definitely i will deal more products with them in sha allah and also delivery person is really a good man i also request to the seller please try to keep that customer faith i believe you guys will do many businesses in future and also many many thanks to daraz have a nice day and take care,0,0,Happy,Happy
items have arrived safely the packaging is okay packing all items are functioning well seller recommended we will repeat the purchase here there are many items that have been added to cart,0,0,Happy,Happy
aro soft holay valo hoito,0,0,Happy,Happy
very good product just loved it,1,1,Love,Love
good product,0,0,Happy,Happy
product ar light gola but fal cola na,2,2,Sadness,Sadness
your support always very good,0,1,Happy,Love
quality was good full intact silo every button works perfectly happy shopping,1,0,Love,Happy
satisfactory,1,1,Love,Love
good and useful product you can buy it without any hesitation,0,0,Happy,Happy
product is ok,1,0,Love,Happy
authentic product with exclusive service,0,0,Happy,Happy
not happy bcs its look like a toy,2,2,Sadness,Sadness
received in excellent condition satisfied good packaging but a small setup manual could have earned star,1,0,Love,Happy
it was good quality,0,0,Happy,Happy
good product at reasonable price with voucher and coinsrecommended,0,0,Happy,Happy
febric ta joss ekdom pic er moto product nischinte nite paren,0,0,Happy,Happy
good quality goods thank you seller,0,0,Happy,Happy
size eto choto hobe vabi na tk onugayi thik ase but apnader mat lekha uchit hoy ni miss understanding hoye jabe,0,2,Happy,Sadness
juat as expected,1,0,Love,Happy
good product very nice packaging very useful for travel dont expect very high heat at this size according to the size and price the product is very good,0,0,Happy,Happy
authentic product with fastest delivery within days they delivered my product recommended,0,0,Happy,Happy
its amazing for buy this product with discount price also get cashback i am highly recomended for everyone buy this product thank you daraz team,0,0,Happy,Happy
i write the review after month i get the delivery only in days in rangpur original product ac is working fine,0,0,Happy,Happy
good product no problem found thanks to daraz and seller,0,0,Happy,Happy
aei product ta khub valo dekhte oneck cute cutter a oneck dhar ache,0,0,Happy,Happy
just love it inn sha allah again buy from you plz sob somoy amon thakben inn sha allah tahole regular customers o paben inn sha allah jehetu agula food item shes holei j kew abar order korbeami toh inn sha allah korbo,1,0,Love,Happy
he gave a damaged product which doesnt turn on and moreover he wont change it but rather told me to contact midea to fix it very disturbing and unhelpful seller please try to be careful before buying from him after they said that its alright they took the circuit and came back and after they left i had to call another technician to setup the ac for the second time then finally this came error of the motor fan and a code is showing in the video scam even they are not helping nor midea,4,2,Anger,Sadness
very nice product comparison to price bt sound quality ta r ektu valo hte partoo kane lagano sound maneektu lound bt bit kom akhn service r warranty ta thik moto pelae holo,3,0,Fear,Happy
original product peyesithanx,1,1,Love,Love
date was updated now it is the time to use sob product gula time er vitore peyeci,0,0,Happy,Happy
quality not good and not recommended,2,2,Sadness,Sadness
if it provides a little strap it could be nice to have,3,0,Fear,Happy
really great product great quality thank you seller for the genuine product,0,1,Happy,Love
smart authentic product thank you seller,1,1,Love,Love
good qualityy,1,0,Love,Happy
just perfect thanks to seller,0,1,Happy,Love
packaging as always very good products are looking good thanks daraz,0,0,Happy,Happy
square design make your wrist looks very small,1,2,Love,Sadness
thanks color familyfor this awesome productits comfortableworth itkinte parengood quality,0,0,Happy,Happy
thanks seller i got as i wanted minimum price with maximum quality,0,0,Happy,Happy
vabcilam headphone a lagabobut headphone er tar chikon houai eta set hoinaiso jara chikon tar a laganor chinta korcen tara eta nile lossbut motamuti mota wire like charger er wire a eta set hoe jbe overall jinis ta vloi,1,0,Love,Happy
its a big and heavy filter performance is very good though price is little high,3,0,Fear,Happy
product is ggood thanks,1,0,Love,Happy
best product highly recommended,1,1,Love,Love
got the ink and used to refill hp ink cartridgeworks really well,0,0,Happy,Happy
the exact price is and they are charging totally a fraud,3,2,Fear,Sadness
valhamdulliah thik jemon cheye silam temon tai peyeci sobite jemon chilo temon e dise chaile apnarao nite paren,1,0,Love,Happy
delivery was very fast and very satisfied with this product thanks a lot to the seller,0,0,Happy,Happy
very versatile printer scanner photocopier going on without any trouble recommended,0,0,Happy,Happy
so much premium box and all other box contains bunch of thanks to seller im really happy to have it,0,0,Happy,Happy
good product loved it,1,1,Love,Love
thanks daraz and seller product ta khob ee valo hicha i recommended,0,0,Happy,Happy
less weight low quality,2,2,Sadness,Sadness
alhamdulillah good product for diy,0,0,Happy,Happy
products was good trusted overall,1,0,Love,Happy
satisfied with service quality,0,1,Happy,Love
product valovabe hate peyeci packeging r delivery o khub valo cilo kono ovijog nei but product onek halka laglo weight gram thik ace kina janina,0,0,Happy,Happy
thanks daraz for this great product satisfied quality in this budget giving review after months of use recommended for everyone,0,0,Happy,Happy
nice package with stunning design,0,0,Happy,Happy
feels very long lasting and looks aesthetic as well also has a lot of storage,0,0,Happy,Happy
good quality product,0,0,Happy,Happy
this is the second one ive purchased i cannot be without them as my hot flashes come every half hour,0,0,Happy,Happy
alhamdulillah product quality was good delivery should be improved as per customer expectations,1,0,Love,Happy
good one gifted this to my bff,1,0,Love,Happy
very cute and usable,0,1,Happy,Love
order multiple items they do not give one item but i paid for that,0,2,Happy,Sadness
product quality is good there was no problem with the delivery i am satisfied,0,0,Happy,Happy
nice product i received many compliments,0,0,Happy,Happy
just installed it so far ok delivered with in hrs thats really impressive lets hope tv works well too,0,0,Happy,Happy
thank u very nuch daraz its really really a nice product colour jemon diyechilam temon e peyechi im satisfied with this,0,0,Happy,Happy
its good and working every parson can buy this i am satisfied,0,0,Happy,Happy
very gd autentic product genuine,0,1,Happy,Love
onek bhalo akti product onek first delivery kintu battery diley bhalo hoto but price bibechona ei bhalo ekti productapnara nitey paren,2,0,Sadness,Happy
as always good quality,0,1,Happy,Love
great watch only take months to arrive,1,1,Love,Love
looks good after use confirm the quality,0,0,Happy,Happy
packaging was really good,0,0,Happy,Happy
i took quantities but all product quality is really so poor not recommended,2,2,Sadness,Sadness
got it at a very good price thanks daraz,1,0,Love,Happy
good product thanks,0,0,Happy,Happy
very good got a gift and warrenty card,1,1,Love,Love
excellent product its more than i expected user friendl battery capacity good till now no lacking found its took only day to delivery i appreciate it,1,1,Love,Love
products valo apnaraw nite paren,0,1,Happy,Love
sound is so clear and very nice bass stylish look and a nice mini bag came with the product price is a bit high though,0,0,Happy,Happy
it took me months to deliver the productu can buy this from aliexpress in less price and free shipping and very good quality and sharp also,0,0,Happy,Happy
gd product,0,0,Happy,Happy
price is little bit high,1,2,Love,Sadness
best quality football khub jossapnara chaila nite parenthanks for daraz,1,1,Love,Love
the full set is good but the bats are a little dumped in and balls are bad and the net is too long but still its uselful,2,0,Sadness,Happy
very good product belt system is easy to use for newborn babies highly recommended for parents seller is super good,0,1,Happy,Love
onnkk valo product specially amr moto kipta jara practice korar jonno khata kintw chai nh trust me students onk handy and kom takai valo jinish use it overall quality delivery everything was really nice,0,0,Happy,Happy
good products thanks,0,0,Happy,Happy
not yellow color page may be its cream color readable and satisfied according to price,0,2,Happy,Sadness
packaging was awesome and i am satisfied a one product recommend for all,1,1,Love,Love
good product exactly like the picture,0,0,Happy,Happy
i really like this product and pickaboo always provide original product,1,0,Love,Happy
wow fantastic,1,1,Love,Love
this products good delivery quickly,0,0,Happy,Happy
good product,1,0,Love,Happy
the product is very baduseless product,2,4,Sadness,Anger
doesnt work that well,2,2,Sadness,Sadness
dekko milano biscuit nice looking fast delivery good product,0,0,Happy,Happy
product quality okay but fitabelts gulo setup balo na,2,2,Sadness,Sadness
fully satisfied with this product,1,1,Love,Love
good for long time use,1,0,Love,Happy
print ta ektu bhalobhabe korle bhalo hoy chain ar bag er quality onek bhalo print ta bhalo korle future e in sha allah aro onekgulo kinbo,0,2,Happy,Sadness
very good product,1,1,Love,Love
good product but size ta soto,1,0,Love,Happy
product is gooduse kortasi,1,1,Love,Love
best product in this price,1,1,Love,Love
absolutely nice products,0,1,Happy,Love
very first delivery products quality packaging are so good thank you,1,0,Love,Happy
original product good service,0,1,Happy,Love
thanks a lot for delivering an original product the deliver man was very active and modest,0,0,Happy,Happy
good quality in,0,0,Happy,Happy
sound quality good base was nice overall very good headphone for random uses,0,0,Happy,Happy
i like it it is quite interesting good quality excellent packaging,0,0,Happy,Happy
product is ok but not mentioned any country of production,0,2,Happy,Sadness
good product,1,0,Love,Happy
good product,0,0,Happy,Happy
this is amazing it does such a great job of keeping me cool,1,1,Love,Love
thanks daraz and seller delivery very fast the quality and pack is good,0,0,Happy,Happy
after using days i am writing this review jbl t inear headphones i found one of the best ear headphones bass control sound balancing totally superb thanks to pickaboo,0,0,Happy,Happy
works well,1,0,Love,Happy
i expect better quality,2,0,Sadness,Happy
very good product thank you daraz and seller,0,1,Happy,Love
this product is good and best quality but price is little high but they delivered the product with a very short time other seller cant take that i am pleased with the product,0,0,Happy,Happy
as same as picture good qualityful product recommended,0,0,Happy,Happy
good product,0,0,Happy,Happy
valo dik holo nice smelled mrp but offer discounts milaye porche neo care er quality onnanno gulo theke better free home delivery peyechi r kharap dik holo packet ta khub e moyla ak corner a chira packet ta asa kori vetorer sob gulo valo achekintu khub e choto size er pampers likha kg baccha der but amar mone hocche kg baccha der jodi hoy o onk tight fit hbe bazar er onnnano jegulo kg likha er segulo onk tuku boro etar cheye pieces er ta order korchi pampers sudhu ratre dei baccha k r baccha der growth akhn bojha jayna janina adou sesh hbe kina naki age e r o boro hoye jabe amr baccha,0,0,Happy,Happy
after month review thats real product and i want to purchase another one,0,0,Happy,Happy
satisfied,1,1,Love,Love
value for money functioning very well tiny though the seller deserves appreciation for supplying good products,0,0,Happy,Happy
got next day delivery awesome daraz mart service,0,1,Happy,Love
it was good for normal work,0,0,Happy,Happy
its quality is good enough,1,0,Love,Happy
good but price beshi,0,0,Happy,Happy
microphone quality wasnt good,2,2,Sadness,Sadness
authentic product received thanks,0,0,Happy,Happy
i thanks for the store theres give me the same products thought i saw so this products is so good i rate this products star,0,0,Happy,Happy
thanks,1,0,Love,Happy
such a cute bagso nicelove it,0,1,Happy,Love
got it as gift,0,0,Happy,Happy
received as per size and color i wanted quite happy to get it such a low price,0,0,Happy,Happy
not so good battery backup is poor,3,2,Fear,Sadness
thank u soo muchthe thing is wonderful,0,1,Happy,Love
nice quality watch,1,1,Love,Love
good product thank you daraz,1,1,Love,Love
its smaller than i thought but still its a beautiful product,0,0,Happy,Happy
original thanks,0,0,Happy,Happy
advertise malaysia delivered indonesia non professional work dont buy from them,4,2,Anger,Sadness
the quality is awesome,1,1,Love,Love
really fantastic using long time,1,1,Love,Love
good stuff,1,0,Love,Happy
im loving it good product thanks daraz tim,0,1,Happy,Love
tnx for first delivery tnx daraz this product is good it may be best choice for gift,0,0,Happy,Happy
alhamdulillah its a good product sound quality is good but packaging was poor quality overall its value for money,1,0,Love,Happy
thanks daraz and siddique electronics for their excellent service after getting the product i informed seller to install the product he is so much cooperative and responsive installation done within day thanks siddique electronics for your prompt response really appreciate,1,0,Love,Happy
khobi valo recommended,0,1,Happy,Love
onk baje product chilo amke vanga ekta chain dise tarupor abr quality ekebare kharap keo niyen na ai shop theke,3,4,Fear,Anger
sob thik thak peyese dhonnobad daraz k satha gift o paise,1,0,Love,Happy
its good product,1,0,Love,Happy
quality was good but bam hater moddhe white mark onekgula,0,2,Happy,Sadness
really cool product very strong glue thanks,0,0,Happy,Happy
notebook quality onek valo but dam aktu besi mone hoise karon size boro vabsilam oto boro nah overall product ta onek valo amar kache valo lagse seller vai o oken valo apnara o nite paren product valo good quality,0,0,Happy,Happy
good productthanks seller and daraz,0,0,Happy,Happy
best quality,1,1,Love,Love
alhamdulillah got the delivery in just day after order super fast service from seller product is received as i was expected,0,0,Happy,Happy
it was as good as picture and review color and fabrics are fine,0,0,Happy,Happy
it came on time all ok,0,0,Happy,Happy
good product,0,0,Happy,Happy
product and services both r remarkable hope rest of the experience will be good as well thanks seller daraz,0,0,Happy,Happy
though daraz used rd logistics to transport this ac i have to receive from jessore and daraz didnt give home delivery the product is good though i didnt use it much because of the winter seller sent everything you can buy from this shop directly thanks,0,0,Happy,Happy
got on time thanks a lot,0,0,Happy,Happy
saree ta khubei sundor pic er theke bastobe aro besi sundor amar khub posondo hoyeche apnara chaile sobai nite paren ami aro ai page theke order dibo,0,0,Happy,Happy
authentic and excellent quality product cheaper than market price seller is providing free eno with every box of oats,1,0,Love,Happy
thanks daraz,0,0,Happy,Happy
good product,1,0,Love,Happy
i am happy to see exact item as per order,1,0,Love,Happy
frypan ta beshi choto but cute ache onk,0,0,Happy,Happy
highly recommended,1,1,Love,Love
after thee days seems good,0,0,Happy,Happy
it has been very helpful for my wife during her pregnancy,0,0,Happy,Happy
delivery is fast tracked all the way the clock itself liked the look quickly crossed,1,0,Love,Happy
nice product received in fresh condition thank you seller for giving me the same product,0,0,Happy,Happy
although the price is very high the performamce is very smooth no hiccups in daily usage the screen refresh rate is eye catching battery backup is also excellent,0,0,Happy,Happy
good product,1,0,Love,Happy
good product jeta dekhano ache setai peyechi,0,0,Happy,Happy
good book recommend,0,0,Happy,Happy
its not up to the mark do not recommend,2,2,Sadness,Sadness
ive been using this screen protector for my iphone pro max and its been like a week now i can say its the best screen protector ive ever used so far i have used so many expensive screen protectors but they did not perform so good like this one i would definitely recommend everyone its easy to apply and very good quality screen protector,2,0,Sadness,Happy
original product received thank you pickaboo for delivering this product during covid pandemic,0,0,Happy,Happy
after run minutes its automatically stoped,2,2,Sadness,Sadness
bit pricey,2,2,Sadness,Sadness
allahmaduallah valo product paici thanks for the seller,0,0,Happy,Happy
good quality,1,0,Love,Happy
i like the product,1,1,Love,Love
first time i have bought a costly product from daraz i was confused in the beginning but at last i am very much satisfied with product thank to to top ten and thanks to daraz,0,0,Happy,Happy
price is a bit high but the product quality is good anyone can purchase,0,0,Happy,Happy
happy with your service,0,0,Happy,Happy
thanks for your service i got my product within just days and im satisfied with my product,0,0,Happy,Happy
good quality product,0,0,Happy,Happy
genuine product delivered with compact package thanks daraz and curren bd,1,0,Love,Happy
servicequalityproduct both are great,1,0,Love,Happy
received in good condition thanks,0,0,Happy,Happy
very satisfied,0,1,Happy,Love
tvz viewing quality is really clearyou guyz can definitely try it out,0,0,Happy,Happy
the product was too old please try to maintain expire date,2,2,Sadness,Sadness
very beautiful fast delivery,1,1,Love,Love
amazing product perfect color not vibrant as photo budget friendly deal though no memory foam but comfortable my first deacthlon keds lets see how long it lasts worth buying,1,0,Love,Happy
just the same thing as basic piston only changes are volume button added with the mouth piece and an extra magnet with the ear piece,2,0,Sadness,Happy
i love it it a nice hair brush,1,1,Love,Love
worth more than the prize looks class and verywell functioning,1,0,Love,Happy
on got it as per advertised,1,1,Love,Love
just delivered a broken product nothing to say,2,2,Sadness,Sadness
thank you so much,1,1,Love,Love
just as the picture loved it,0,1,Happy,Love
great productthe seller has sent me mixed colour as requested recommended,1,0,Love,Happy
thanks to seller khub pochondo hoiche t shirt ta,0,0,Happy,Happy
i didnt get warranty card or related documents,3,2,Fear,Sadness
its totally disgusting ai product sompurno baje bitore nosto use korle baje durgondo ase seller baje produced sell kore,4,4,Anger,Anger
im loving it masaallah very useful,1,0,Love,Happy
very small size size between price too much its for only show,2,2,Sadness,Sadness
very good and useful product recommended,1,1,Love,Love
original product thanks,0,1,Happy,Love
better quality products with fast delivery highly recommended,0,0,Happy,Happy
thank you daraz the seller for give me a very nice product,0,0,Happy,Happy
very good as shown in the picture recommended,0,1,Happy,Love
received in good condition,0,0,Happy,Happy
have been using for a month although makes a little sound while pumping water inside the product seems to be good taste of water is ok,0,0,Happy,Happy
useful product mash por por change kora lagbe shob parts vitore chilo,0,0,Happy,Happy
what a products just wonderful,1,1,Love,Love
quality is fine but the box of the product found opened seal broken,2,2,Sadness,Sadness
satisfied sellar onk valopent ta amar onk valo lagcheami aro ps order korbo apnara caile nite paren,0,0,Happy,Happy
good product,0,0,Happy,Happy
much good one,0,1,Happy,Love
exactly as described,1,0,Love,Happy
this is my nd order everything is nice good thanks,0,0,Happy,Happy
nice phone,0,1,Happy,Love
authentic product and recommended to buy,0,0,Happy,Happy
overall good,0,0,Happy,Happy
value for money productand good after sales service from themhighly recommended,0,0,Happy,Happy
we can get exact delivery time hr before handed over the product with the shipper contact number,0,2,Happy,Sadness
the unit was hit by something a mark is there but spray working properly the product is good huge quantity,0,0,Happy,Happy
reviewed after couple of months best deal in this price alhamdulillah just one complaint about the tv wall mount provided it doesnt fit at all i had to buy again,0,0,Happy,Happy
as it is in the descriptiontaba aitar parking ta valo chelo naseller k ai beshoi ta dakhar jonooauvon janache,0,0,Happy,Happy
its useful and as advertised they gave of these brushes with different shapes and sizes thanks to the seller the seller was very nice,0,0,Happy,Happy
where is ur product i dont get ur any product,3,2,Fear,Sadness
im very satisfied with this good product the quality conveys an average remark anyone can buy the item without a doubt delivery time was not so fast but it can be considered under decent timing i will count only for stars thank you very much seller you have the business sense,0,0,Happy,Happy
good products,0,0,Happy,Happy
works fine,0,0,Happy,Happy
gd product,0,0,Happy,Happy
good product,1,0,Love,Happy
ami onk gula product niyechi alhamdulillah shob gului bhalo legeche pen tar size colour and smoothness khubi bhalo legeche thank you seller k bhalo product dewar jonno,0,0,Happy,Happy
packaging is awesome timely provide this book,1,1,Love,Love
highquality product with very excellent finishing thanks the seller,0,0,Happy,Happy
quality is good and fast delivery,0,0,Happy,Happy
the belt construction is very sturdy looks great with metal adjuster,0,0,Happy,Happy
everage product but but seller give me blank warranty card and without thunder protector i intimated the seller but they didnt cooperated with me even for a single time daraz please take necessary step,2,2,Sadness,Sadness
average performance but good at this price pointyou cant expect much from this price pointrecommanded,0,0,Happy,Happy
update review the mm jack got loose and microphone button not working after months not recommended at all old review cable quality was decent worked well with my trn mt although the delivery was two days late but the seller was fast responsive,2,0,Sadness,Happy
the product is very good thank u,0,1,Happy,Love
good product satisfied,1,1,Love,Love
good one,0,0,Happy,Happy
very good and authentic product thanks to seller,1,1,Love,Love
alhamdulillah good productthanks daraz,0,0,Happy,Happy
good product,0,0,Happy,Happy
love the watch very good value delivery took a while but glad it came on christmas eve,0,0,Happy,Happy
excellent and genuine product packaging was also good,1,1,Love,Love
seems original let it use and wait for a good feedback,1,0,Love,Happy
quality seems very good i did not try it but i loved it i will order more,0,0,Happy,Happy
good product,0,0,Happy,Happy
pickaboo service was good as always got the delivery within days phone is original however the phone is not value for money at all in this price range other branded phones with less features are more recommendable in comparison of this product,0,0,Happy,Happy
ok compared to price,0,0,Happy,Happy
thanks to the sellersappreciate it,0,0,Happy,Happy
in perfect condition excellent product better packaging,1,1,Love,Love
onk valo hoice chaile sobai nite paren,1,1,Love,Love
to what its nicely,0,1,Happy,Love
very good product thank you,1,1,Love,Love
tools are weak and not useful,2,2,Sadness,Sadness
good product,0,0,Happy,Happy
product well received quality also good,0,0,Happy,Happy
good product,0,0,Happy,Happy
good product,0,0,Happy,Happy
good product you can trust,0,0,Happy,Happy
nice watch good quality,1,1,Love,Love
im totally delighted wit this product its looking premium and original,0,1,Happy,Love
good product,0,0,Happy,Happy
its same as picture thanks lotto,0,0,Happy,Happy
it doesnt work that much in my hair maybe i have curly hair thats why it doesnt work on my hair,2,2,Sadness,Sadness
the cards are very thin and not very good,0,2,Happy,Sadness
its not only a power bank its a power house also,1,2,Love,Sadness
i love itbut chobite deoya green colour ar cheye beshi darkand lombay o motamuti boroe ache and seller onek bhalo,0,0,Happy,Happy
useful tool for cleaning printer head thanks to the seller highly recommended,0,0,Happy,Happy
received product with months warrenty competitive price in market thanks to pickaboo team,0,0,Happy,Happy
just awesome this is premium looking xbox gamepad the vibration effect is outstanding seller response i love it,1,1,Love,Love
the product was very good the delivered just like they advertised recommended,0,0,Happy,Happy
khub bhalo ekta jinish black colour peyechi ektai kotha bolbo onek shundor price reasonable,1,0,Love,Happy
fabric quality is average,0,2,Happy,Sadness
rose gold one love this watch but packaging isnt so much good as i expected and also i got this today but estimated delivery date was th may its really disappointing overall you can order this if you love this type of vintage watch,0,2,Happy,Sadness
works good my android tv box tx chaile kinte paren,0,0,Happy,Happy
safely packed quick delivery would recommend the seller,1,0,Love,Happy
i am happy with the product,1,0,Love,Happy
good product,1,0,Love,Happy
so clear sound any one can purchase,0,0,Happy,Happy
products and size was good seller also shipped fast thanks daraz and seller,0,0,Happy,Happy
its good watchnot extra ordinary for this amount,1,1,Love,Love
great,1,1,Love,Love
value for money product,1,0,Love,Happy
product was ok packaging would have been better,2,0,Sadness,Happy
original products,1,1,Love,Love
its been more than month didnt face any issues overall experience is excellent,0,0,Happy,Happy
good quality,0,0,Happy,Happy
good product good service trust worthy store on daraz i found recommended to all tech gadget lover,1,0,Love,Happy
batter product quality is good,1,0,Love,Happy
although emi procedure should be more clear product is good delivery was fast,0,0,Happy,Happy
books quality are good you guys can purchase,0,0,Happy,Happy
product is very goodi love itthanks to daraz and seller,0,0,Happy,Happy
the product was orginal and also good qualityi almost use days no claim found,0,0,Happy,Happy
satisfied with the product screw bits are made of high quality materials and doesnt wear easily worth the money recommended,1,0,Love,Happy
okay not bad less price would be good,1,0,Love,Happy
a very good product working fine,0,1,Happy,Love
quality and design good enough considering price,0,0,Happy,Happy
good product and delivery speed also good just problem till now that ive got is inner swing is not working,2,0,Sadness,Happy
modhu to thik thak e mone hosse,0,0,Happy,Happy
ordered it on th november delivery was bit late but its considerable as there was to many deliveries for campaign satisfied with the product at this price range this exercise cycle best suits if anyones sole purpose is for personal use recommended for the users below kilogram wieght nb i am reveiwing after using it for two days,0,0,Happy,Happy
the product quality was good and beautifuli have received the intact product within daysi wish they gave me a box with the watch to carryrecommended the seller from me,0,0,Happy,Happy
everything was finepackaging was good too everyone can purchase it,0,0,Happy,Happy
eirokom seller e to amra chai onek valo quality thank you so much,0,0,Happy,Happy
product is good pickaboo is trusted online store because they sell original product with official warranty,0,0,Happy,Happy
it takes too long to cook and also if the chicken pieces are bigger than the cooking time is also longer neither quite happy nor upset,0,2,Happy,Sadness
very fast,0,1,Happy,Love
this product was good,0,1,Happy,Love
a steller for the price in my opinion thank you for the fast delivery,0,0,Happy,Happy
high price,2,2,Sadness,Sadness
the items caused red rashes around the nipple not recommend without experts advice,3,2,Fear,Sadness
kube valo productthanks seller and daraz,1,1,Love,Love
tv ta onek valo sob kisu thik thak but sudhu play store nai thanks to daraz seller raider raider onek valo manus amar taka beshi geschilo raider ferot dichilo,0,0,Happy,Happy
excellent good quality with fast delivery much appreciated,1,1,Love,Love
super fast delivery received within hrs from chittagong the phone is good withing this price range a crystal cover was inside there also thanks to infinix and pickaboo,0,0,Happy,Happy
arrived late but was honestly expecting it to be late otherwise its a real kingkong pro controller the controller works fine and is clearly the superior controller to buy bitdo notwithstanding recommended,1,0,Love,Happy
just awesome anyone can buy it,1,1,Love,Love
stunning thanks for gift,0,1,Happy,Love
its a good quality product thank you daraz packaging o valo chhilo,0,0,Happy,Happy
o my god ki test shei shad,1,0,Love,Happy
the product was not bad but found some tiny scratch on light so thanks to seller for price and daraz for quick delivery,0,0,Happy,Happy
feeling satisfied packed well delivered as committed working well thank you seller and daraz,0,0,Happy,Happy
timely delivery and goods received good conditions,0,0,Happy,Happy
same product payaci but flower gulo choto,0,0,Happy,Happy
product quality is good recommended,0,0,Happy,Happy
the book pageprinting and font size should be improved,2,0,Sadness,Happy
the colour showing in the picture is deep blackbut the original pant colour is washed blackhowever size is okas it is very low in price i shouldnt expect more than this,0,2,Happy,Sadness
recommended,1,0,Love,Happy
good product well pack value for money and arrived ahead of timewell done,0,0,Happy,Happy
dont buy this shiti just wasted my hardearned moneyi just used it for only daysnow it is totally damaged,4,4,Anger,Anger
good and excellent,1,1,Love,Love
its good,0,0,Happy,Happy
the quality is good very comfortable and easy to use,0,0,Happy,Happy
thanks daraz minister purchased kg received kg extrathis is how daraz become super store,0,0,Happy,Happy
good quality product,0,0,Happy,Happy
khubi choto ta size er dolna dise boro kew bosar moto na arr order korci multicolour dise black and white seller k message o korci order diye je checking kore diben daraz din din faltu hoie jasche,4,2,Anger,Sadness
just cool ei prothom daraz theke kono valo product pelam nice look ascetic but pura din lagse,0,0,Happy,Happy
received same as picture recommended,0,0,Happy,Happy
air leakage product delivered,2,0,Sadness,Happy
alhmdulillha jamon expect korsi tamon paisi hours backup selar o valo nite paren shobai ay price a ar theke valo hoi na,0,0,Happy,Happy
products condition very good when it run just a little bit sound its not a problem pickaboo make the emi with my bank its a big opportunity for purchase the valuable product i had pay for this emi more overall i am satisfice to pickaboo,0,0,Happy,Happy
shob thik ache kintu speed ta motamoti warranty shomporke kno bole na selar onk sms dichi kintu reaply dei nai ami j kinlam er akta invoice o nai tai vabe niben akhane year dekhalew akhon dektachi kno warranty e nai selar warranty shomporke bolle reply dei na,2,2,Sadness,Sadness
im purchasing it second time i dont think i have to say anything else loved it i paint it by myself,0,0,Happy,Happy
original productsame as picturetotally working nicelyhighly recommendworth it for the price,0,0,Happy,Happy
fabulous damn joss level er ball quality onek bhalo weight o halka one bhalo sobai nite paren,1,0,Love,Happy
sound quality is not good enough bass is high but conversation sound is not good enough,3,2,Fear,Sadness
nice product thank you,0,0,Happy,Happy
product was great according to penny,0,1,Happy,Love
this product was delivered with sewing issues bad experience,4,0,Anger,Happy
good product,0,0,Happy,Happy
ostir mindbolwing products,1,1,Love,Love
good recommended,0,0,Happy,Happy
still qualities very good and the product is very premium highly recommended,0,0,Happy,Happy
good and original products,1,0,Love,Happy
fashionable moneybag recommended pu leather quality very nice durable precise finishing but overall its a overrated product it cost me delivery taka,0,0,Happy,Happy
good in this price,0,0,Happy,Happy
it looks beautiful,0,1,Happy,Love
satisfied,0,1,Happy,Love
thank you to the selleri mistakenly order only fan where fan and light combo also available at tk in his shopi inform sellerthey sent me a light as a giftthank you recommended,0,0,Happy,Happy
same as picture,1,1,Love,Love
thik thak paychi product o valo,1,0,Love,Happy
ordered gold but got off white but this looks great also so far it is running smoothly i received the warranty card also it was a good deal i think,0,0,Happy,Happy
its camera not clear and all aps was installed means may use by some other hand i gift my wife but she not happy with this camera configuration,2,2,Sadness,Sadness
all are found ok as per configuration recommended for purchasing such a low price pc running smoothly packaging was so good thanks to daraz as well as seller,1,0,Love,Happy
authentic neocare diaper,0,1,Happy,Love
thanks a lot pickaboo for delivering this awesome smartphone phone is original and working perfectly no difference between samsungs retail shops and pickaboo pickaboo always provides authentic products from official stores,0,0,Happy,Happy
nice product thanks both seller and daraz for quick delivery,1,0,Love,Happy
good product,0,0,Happy,Happy
price should be less,3,2,Fear,Sadness
very good product im using it from one year without any problem genuine product that buy from pickabo thanks,0,1,Happy,Love
alhamdulillah everything is fine but the right one is kinda tightened thats frustrating,0,0,Happy,Happy
good quality perfect ft,0,1,Happy,Love
price quality best,0,1,Happy,Love
the product is top notch and i loved the quality,1,1,Love,Love
very good product sathe free hair siram o peyechi,1,1,Love,Love
very nice products recommended buy,1,1,Love,Love
product is good according to the pricesame as shown,0,0,Happy,Happy
great company great products great delivery,1,1,Love,Love
received in good condition but dont know whether it will work or not will try few days later,3,2,Fear,Sadness
baje controller vibration kaj kore na ar share button ta teo ektu problem royeche ar controller er light er colour o change kora jaina ds app diye abar aro controller ase oi gulo te kora jai controller ta asanorop hoi ni,2,4,Sadness,Anger
original product with good service but din age order disilam price ektu beshi silo,0,0,Happy,Happy
picture quality motion flow process নয আম satisfied sound quality is out of after connecting with my sound system is much better than my previous mi tv but viewing more angle picture quality become faded,0,0,Happy,Happy
good product pickaboo service is also good,0,0,Happy,Happy
good product seller er bebohar khub bhalo highly recommended,0,0,Happy,Happy
gooddelivered in timeprice also reasonable,1,0,Love,Happy
quality is not bad delivery is fast,0,0,Happy,Happy
very good products tnq seller daraz,0,1,Happy,Love
not bad but water test not good seller not properly say warrenty service or full warrenty otherwise good product this price range moderator electric item bd,3,2,Fear,Sadness
good product,0,0,Happy,Happy
what a watch thank you pickaboo,1,1,Love,Love
bad quality also t isnt torx and its useless,2,4,Sadness,Anger
alhumdullilah very much satisfied authentic product,1,1,Love,Love
good cable and its original too,0,1,Happy,Love
good product,1,0,Love,Happy
alhamdulillah product and delivery system duitoy valo use kore satisfied dhakar baire hoyate installing aa problm hoyesilo and install j assilo aha dokkho cilo nah akdomi,0,0,Happy,Happy
good quality thanks daraz,0,0,Happy,Happy
its good,1,0,Love,Happy
sound quality and battery backup so good,0,0,Happy,Happy
product to paiseakhn installation ar jonno to chat ar reply e dey na,2,2,Sadness,Sadness
good product but one of the belt keeps detaching have to fix many times recommended,2,0,Sadness,Happy
very satisfied thank you the product is great in all aspects the assembly is very good the price is very good and the big screen can be shot,0,0,Happy,Happy
top notch,0,1,Happy,Love
good quality thank you,0,0,Happy,Happy
after drawning into water camera damaged,2,2,Sadness,Sadness
very good shampoo made by uniliver bangladesh shampoo jar cap khauya cilo should be taken care more carefully,3,1,Fear,Love
very good product thanks for daraz and sellers,1,1,Love,Love
good quality honey satisfied,0,1,Happy,Love
got everything in good condition and all the products are awesome,0,0,Happy,Happy
good product fast delivery,0,0,Happy,Happy
good product,0,0,Happy,Happy
delivery is late but received in good condition,0,0,Happy,Happy
it was perfect with reasonable price,0,0,Happy,Happy
very good quality,1,1,Love,Love
recieved the product in good condition and its running perfectly,0,0,Happy,Happy
very good quality,1,1,Love,Love
nice i am so happy thanks daraz n seller man,0,0,Happy,Happy
good but price high,0,0,Happy,Happy
soup ta use korate amar meyer skin e choto choto gota uthe geche,2,2,Sadness,Sadness
product is looking good and manufactured most recenty,1,0,Love,Happy
আসধরন highly recommend,1,1,Love,Love
good service,1,0,Love,Happy
good product i liked it very much,0,1,Happy,Love
the biscuits was destroyed in the package,2,2,Sadness,Sadness
well packed and fast servicethanks,0,0,Happy,Happy
at this price range this tv good enough seller is good recommended but sounds could be better but overall good tv,0,0,Happy,Happy
good quality thanks for daraz,0,0,Happy,Happy
product was satisfying and have got it before the delivery date but the packaging could have been better overall worth buying,0,0,Happy,Happy
product ta original packet er pichone qr code scan kore dekhte parensound o motamuti valoiekdom best o nanite paren,1,0,Love,Happy
good product,0,0,Happy,Happy
expected little more but still satisfied enough at this price seller response was good overall,0,0,Happy,Happy
nice much satisfied exactly same as the one i ordered feel free to add to your collection as well,0,0,Happy,Happy
nc products,1,0,Love,Happy
though its a late review but it was an excellent book and the packaging was nicely done,0,0,Happy,Happy
the packaging was great and it came with two mirror and two glass rain protectors the installation was done after cleaning all the mirrors and glasses recommended,0,0,Happy,Happy
i bought bags from this page this bags are really pretty and fabric was also fine chain tao nice chilo weak na recommend,0,0,Happy,Happy
thanks for original product,0,0,Happy,Happy
overall everything is fine i recommend that anyone can buy it with confidence thanks so much seller and daraz,0,0,Happy,Happy
nice watch good look price is high as per the quality,0,1,Happy,Love
its good but sometimes the tuning e problem hoy,2,0,Sadness,Happy
it good in condition,0,0,Happy,Happy
if budget around k then it best deal for buying,0,0,Happy,Happy
nice packing product is also very good recommended,0,0,Happy,Happy
good book print and quality is good as compaired to the price,0,0,Happy,Happy
overall it is a good product but there is no branding on the cable only a velcrow tap attached,0,0,Happy,Happy
score out of,0,0,Happy,Happy
sound quality average,0,0,Happy,Happy
it looks solid price could be a little less other it goods look and price worthy,0,0,Happy,Happy
not good at all not recommended,3,2,Fear,Sadness
very poor quality potato size is very small never buy again,2,2,Sadness,Sadness
great product enjoyed,1,1,Love,Love
product quality is good satisfied,0,1,Happy,Love
st time daraz theke order diyechialhumdhulillah product onak valojemon chaisi temon e chilo,0,0,Happy,Happy
dam hisabe chole,0,0,Happy,Happy
satisfied and recommended,0,1,Happy,Love
received on time the quality is very good,0,0,Happy,Happy
sob thik ace packing thik cilo dosh ponero din valoi chollo but kal theke display te chikon duita white dag show kortece r logor niche kemon jeno ekta abcha abcha logo lafacche kharap lagtece bisoy taplease solve my problem,2,2,Sadness,Sadness
price hisebe best product,1,1,Love,Love
outstanding product,1,1,Love,Love
very fast delivery i got the product within hrs pm pm hopefully service will be good,0,0,Happy,Happy
good product,1,0,Love,Happy
good product,0,0,Happy,Happy
thank youjemon chayeci temon e payeci,0,0,Happy,Happy
original product smell good recommended,1,1,Love,Love
din jabot use kortechi khuv valo service diteche charging quality amp sound quality sob miliye khubi valo anc ta to valo kaj kore kotha bolar somoy thanks pickaboo,0,0,Happy,Happy
thank you pickaboo for giving me original genuine product,0,0,Happy,Happy
fantastic watchanyone can take it without any doutthe product is same as its shown in the photos,0,0,Happy,Happy
i am satisfy this product the watch is very good,1,1,Love,Love
excellent finishing recommended,0,1,Happy,Love
same to picture,0,1,Happy,Love
not expected it looks good but the tuning quality is not good,2,2,Sadness,Sadness
good according to the price range but it seemed bigger in the photosits kinda small in realitybut overall satisfied,0,0,Happy,Happy
quite good for the price product was exactly same as the picture,0,0,Happy,Happy
packing is too poor expected better product packing,4,2,Anger,Sadness
perfect,1,1,Love,Love
bhalo but soto,0,2,Happy,Sadness
product is goodi like itthanks to seller,0,0,Happy,Happy
i am very pleased i received earlier thank you very much while the clock works to the seller,0,0,Happy,Happy
price hisebe thik ace,0,0,Happy,Happy
good product,1,0,Love,Happy
working fine,0,0,Happy,Happy
ghori tik ace bt time cng hoi na i mean ghorir time ta nostomeramot korte hobei cant expect this,2,2,Sadness,Sadness
delivery man er bebohar khub valo chilo,0,0,Happy,Happy
very good product received in good condition and on time camera can move three sixty degree and it has infrared light which help it to monitor on dark resolution is good very easy to setup price is very good for an ip camera camera has internal storage facility and also has cloud storage service and first month fee is discounted to out of it has build in microphone and speaker which help it to monitor sound and speak through it only downside it is can only used in indoor,1,0,Love,Happy
it is best on this prize,0,1,Happy,Love
good to use though it is small,0,0,Happy,Happy
i bought this product at low price the price was lower than the local market thats why bought this product,0,0,Happy,Happy
very pleased with this excellent product and the packaging was also commendable,0,1,Happy,Love
product was very nice took days to reach packaging was awesome thank you louiswill,1,0,Love,Happy
product is fine if we consider the price,0,0,Happy,Happy
its really a amazing chess board,0,1,Happy,Love
jinis valo bt over price colour baby pink moyla pore jbe,0,2,Happy,Sadness
nice product satisfied,1,1,Love,Love
product is very good and very comfortable delivery was very fast it is perfect for any pregnant woman very very thanks daraz to always give me a good product,0,0,Happy,Happy
perfect,1,1,Love,Love
got the exact product that was shown in the picture kept it along with my another blue jdm legend skyline r,0,0,Happy,Happy
not bad considering the price,0,0,Happy,Happy
considering the cost the performance is quite impressive better than i expected it to be,0,0,Happy,Happy
i am really impressed,1,1,Love,Love
good products,0,0,Happy,Happy
quality is good,1,0,Love,Happy
high quality same as picture recommended,1,0,Love,Happy
very good product,1,1,Love,Love
average product quality good packaging product is the same one shown in the pictures,0,0,Happy,Happy
i havent got any invoice from singer also havent got warranty card please send me warranty card as early as you can thank you,2,0,Sadness,Happy
quality good same as pic faster delivery satisfied for this product,0,0,Happy,Happy
very good price value for money,1,1,Love,Love
it is definitely original i love the color the size the material i can wear it with different clothes and matches everything its definitely a great purchase and a perfect gift for any girl,0,0,Happy,Happy
thanks a lot,0,0,Happy,Happy
beautiful product good value for money,0,1,Happy,Love
very good qualitythe buttons and sticks are very smooth and clicky as wellim satisfied with the product and have to say at this price point this a good choice,1,0,Love,Happy
day delivery peyeci meyad o ace free soho kom damei peyeci,0,0,Happy,Happy
delivery charge high collection point o tk voucher e tk kg r ki chai thank you seller for voucher,0,0,Happy,Happy
very nice and good product thanks daraz and daraz seller and daraz delivery point,0,0,Happy,Happy
product packaging was good among one was side tab khaoa both was colour blue i ordered but send me one red and one blue colour received yesterday but chul onk chire jacche use krar somoy not satisfied,4,2,Anger,Sadness
its good,1,0,Love,Happy
internal pipe was leak and there was no gas inside the ac so i had to spend extra money to repair it,2,2,Sadness,Sadness
this product is really amazing im glad to received this product its so cutes nyc hebby girl hand watch i like it with extra battery squre drive adujusrmenter aslo available by this product but delivery is too late thats boring,0,0,Happy,Happy
thank you daraz electro world corporation for fast delivery and well packaging of the ac,0,0,Happy,Happy
product quality good,0,0,Happy,Happy
so far this shop is trusted naviforce er ekta watch order korechilm year ekhno notun tai eta order diyechilm thik chobir motoi chilo,0,0,Happy,Happy
good product recommend,1,0,Love,Happy
value for money product,1,0,Love,Happy
very small,2,2,Sadness,Sadness
delivery pete jodio ektu somoy lagsebut ghori ta valopricing o thik thak achesame ei ghori onno shob shop e onk beshi damekhane thik ache,0,0,Happy,Happy
thankyou,0,0,Happy,Happy
point deduct as product have dust over train other then it is ok,0,2,Happy,Sadness
it was good,0,0,Happy,Happy
its obviously a good deal in this price delivery was fast well packed im very glad due to frame less design picture quality is good enough but the opening animation is too slow overall im satisfied till now lets see how many days it serves,0,0,Happy,Happy
big size and best at this price,1,1,Love,Love
it is very good product,1,1,Love,Love
plz try to give perfect items to the customeri am really upset thats why i return this goods,2,2,Sadness,Sadness
this was the best deal so far i got it with a really huge discount and the quality is up to the standerd,0,0,Happy,Happy
original product tnx seller,0,1,Happy,Love
products valo acha but one item missing chilo kew nita chaile nete paren,1,0,Love,Happy
just wow productsfragnence onek valo,1,1,Love,Love
delivery was good and intact product thank,0,0,Happy,Happy
thanks,0,0,Happy,Happy
not much good this colour is dull,2,2,Sadness,Sadness
i love it so much so cute picture so cool,1,1,Love,Love
good product thanks,0,0,Happy,Happy
good products in this price rangei am fully satisfied,0,0,Happy,Happy
very good service thanks daraz,1,1,Love,Love
ruti burn hoy easilyvalo lage ni tai return krechi,2,2,Sadness,Sadness
thank you very much,0,1,Happy,Love
mashaallah besh valoi product taa daraz theke bar product kine thoke silam tai reply dei nai valoi use hoche,0,0,Happy,Happy
ordered several times as always good,0,0,Happy,Happy
this is a good product,1,1,Love,Love
got the same product thanks,0,1,Happy,Love
over all is good taka hisabe vlo ase,0,0,Happy,Happy
amazing service just wonderful got the product on time full fresh with intake box,0,1,Happy,Love
overall satisfied great product thanks everyone,0,1,Happy,Love
quality of the product is fantastic and the delivery was so quick in the same day,1,0,Love,Happy
product valo apnara nita paran akta eno gift daw ahoisapackaging valo celodelivery thik time a paise,0,0,Happy,Happy
fast delivery it was covered in some kind of grease other than that quality is good enough for the price,0,0,Happy,Happy
seller rider packaging no damage delivery time days fan quality batas pakhar mtoi batas but good looking,0,0,Happy,Happy
only one day i have used sound quality so good i hope i can use it for a lng days,0,0,Happy,Happy
fast delivery and good condition,1,0,Love,Happy
this is very helpful poor quality and light i didnt use it at all looks like a toy of kids if i use it may flip never buy for cooking dont know how to return it wish i could i just left it in box,2,2,Sadness,Sadness
black color fades after washing,2,2,Sadness,Sadness
nice product used it and found the authentic taste thnkas for free product with free delivery,0,0,Happy,Happy
this product is very good sound quality is good and video quality is amazing i watched the k video and finally i have had the pleasure of using this product such a beautiful product for a low price thank you daraz,0,0,Happy,Happy
its good and packaging was good too but the tool for reducing the watch size does not work,0,0,Happy,Happy
received within very short time thanks,0,0,Happy,Happy
will receive so soon packaging will be so good didnt expected highly recommended,0,0,Happy,Happy
this football socks are enough longer and i got much better than i expected thankyou ts sports and thankyou daraz,0,0,Happy,Happy
original product,1,1,Love,Love
perfect got the exact product as ordered thanks,0,1,Happy,Love
glass actu cholta uthano chilo but its ok,0,0,Happy,Happy
fast delivery thank you daraz,0,1,Happy,Love
good product really,0,0,Happy,Happy
nice product its so soft and comfortable though not the fabric design i mentioned to send overall its a nice and useful product thank you so much seller for the good service,0,0,Happy,Happy
loved it,1,1,Love,Love
same as picture happy with the price,0,0,Happy,Happy
they give me broken box intentionally seller very bad,2,4,Sadness,Anger
thanks,0,0,Happy,Happy
got the delivery of the product within hours now waiting for a speedy installation thanks,0,0,Happy,Happy
overall sob e thik thak silo but asanurup speed silo na,0,0,Happy,Happy
product was very good,1,1,Love,Love
nice watch,1,1,Love,Love
amazing experience so far anc transparent mode are working nicely battery backup is also up to the mark if there is a way of controlling volume that would be great,0,1,Happy,Love
thnx to seller and daraz for give a good quality bedahaeet,0,0,Happy,Happy
awesome product according to this price,1,1,Love,Love
good package items received in good condition,0,0,Happy,Happy
nice product anyone can buy it without confusion,0,0,Happy,Happy
nice product picture and product are exactly same thank you so much,0,0,Happy,Happy
good sound quality,0,0,Happy,Happy
received the product well packed no complains recommended,0,0,Happy,Happy
good products recommended,0,0,Happy,Happy
very good product at this price i am satisfied,1,1,Love,Love
product received in good condition a good deal looks premium,0,0,Happy,Happy
fot the st time i bought a worst quality product from daraz definitely i wouldnt recommend it to anyone,4,4,Anger,Anger
unbelievable beautiful packaging and super fast deliverythanks to daraz platform and curren,0,0,Happy,Happy
very poor quality fabric print and sewing worst,0,2,Happy,Sadness
its so beautiful satisfied,1,1,Love,Love
i am so happy i am in love with these i highly recommend onek easy and i also got pieces thanks,0,0,Happy,Happy
product was original,1,1,Love,Love
same as picture thank you daraz,0,1,Happy,Love
i have bought many products from daraz and i was very satisfied with their service but for the first time i am facing this kind of disappointment i ordered rainproof film but they just provide this shityy mobile cover,2,0,Sadness,Happy
authentic real samsung product,0,1,Happy,Love
very good product,1,1,Love,Love
first day strat start smoothly thanks to seller for providing the right product as well as thanks to daraz,0,0,Happy,Happy
ei dame thik ache sobai nite paren,0,0,Happy,Happy
its all right godinnik is super went to ukraine for types nadijno packed uncle,0,0,Happy,Happy
genuine productgood qualityfully satisfied,1,1,Love,Love
thank you daraz for providing the right product the product is good you can also take it,0,0,Happy,Happy
excellent branded product,1,1,Love,Love
good product satisfied,0,1,Happy,Love
good product first deliverythank u dharaz mall,0,0,Happy,Happy
good quality and super fast delivery,1,0,Love,Happy
nice product and quickly delivered it has amazing features that i have want thank you pickaboo,0,0,Happy,Happy
good packaging seller is goodthanks to daraz,0,0,Happy,Happy
its really good,0,1,Happy,Love
khubi valo quality er jinis ta but onek kom quantity for the price,2,0,Sadness,Happy
original product deoar jonno many many thanks,1,1,Love,Love
very good product thanks daraz,1,1,Love,Love
as same as picture totally satisfied with the product and that thank you message and gifts was very sweet your most welcome,0,0,Happy,Happy
the quality is good vendor is good authentic product,0,0,Happy,Happy
product quality genuine but help line service khub jogonno delivery team er kono information dite pare na delivery urgent chawa hoisilo takar product er jonno help line e taka khoroj kotha bolehepline er toll free kora dorkar help line theke kono solution dite pare na urgent service er jonno ekadik ber request koreo,2,2,Sadness,Sadness
awesome and more effective,0,1,Happy,Love
not the best working without any issues but run time is around hours expected much less than that,2,2,Sadness,Sadness
its working great i am using it as a tv chromecast display pc display and also as for my ps it does not support k but at this price point it is expected kudos to the seller and daraz for delivering it to me in less than hours great job,0,0,Happy,Happy
received it perfectly fineminimal and suits for decoration perfectly finergb also works properlycolor changes via breathing modei am really satisfied with the item and the sellerdelivery rider was also very humble,0,0,Happy,Happy
good product,0,0,Happy,Happy
products good apnara nite paren,0,0,Happy,Happy
i ordered black one but seller sent me the pink one but the product is good in quality,0,2,Happy,Sadness
very good perfect,1,1,Love,Love
the product was great and intact but the chess pieces were a bit smaller than i expected,0,0,Happy,Happy
good read and write speed i got mbps highest write speed and the average speed is mbps,0,0,Happy,Happy
didnt fit so i returned it they gave it back to me so i had to buy another attachment so it could fit,0,2,Happy,Sadness
good product,1,0,Love,Happy
product thik chilo,1,0,Love,Happy
good quality,0,0,Happy,Happy
very good quality product price is unbelievably low good investment for my house,1,1,Love,Love
thank you,0,0,Happy,Happy
thank you thank you daraj for providing such good service it was very good,0,0,Happy,Happy
packing product,1,0,Love,Happy
order dark brown pocket each side delivery black pocket each side total different low quality product wants return,4,2,Anger,Sadness
অনক refreshing,1,1,Love,Love
small but its okay,0,0,Happy,Happy
watch quality dam hisabe valo mone holo baki ta bebohar er por buja jabe ei dame product ta nile kew tokbe na mone hoi,0,0,Happy,Happy
great cooker small cute snd lovely good quality quick delivery thanks to seller and daraz all through stars,0,0,Happy,Happy
accurate sound quality thank you pickaboo for delivering the original product within the shortest timeline,0,0,Happy,Happy
very very fast delivery product is good thanks pickaboo,0,0,Happy,Happy
its good,1,0,Love,Happy
good deal at tk,0,0,Happy,Happy
really beautiful and so fast delivery,0,1,Happy,Love
nice looking,1,1,Love,Love
great,1,1,Love,Love
belt diapers are better than a pant diaper highly recommended for new parents seller is good,0,0,Happy,Happy
i found the watch belt lock lose or broken but the watch is so beautiful plz next time take care of this,4,2,Anger,Sadness
good quality in reasonable price,0,0,Happy,Happy
love this bag its the perfect size it holds all of my necessities and more,0,0,Happy,Happy
jeita chaise oitai paise orginal product e paise indian cream vabsleam fake asbe,0,2,Happy,Sadness
so far great performance within this price range the battery backup is especially amazing,0,0,Happy,Happy
low quality,4,2,Anger,Sadness
the chain was twisted,2,2,Sadness,Sadness
good product thaanks daraz and seller,0,0,Happy,Happy
i personally loved the product i would surely recommend this to all of you my experience was amazing,0,1,Happy,Love
best productsi love this,1,1,Love,Love
everything was perfect fast delivery thanks seller and pickaboo,1,0,Love,Happy
not good a few of was rotten or damaged it may be my unavailability at first attempt at home so they delivered next day,2,2,Sadness,Sadness
dolna tah sudhu pechaya jay but overall good build quality is stronger sobai niteh paren,0,0,Happy,Happy
nice tshirt j colour order korechi same colour peyechi tshirt er maan khub valo onek aramdayok kapor price onupate product quality awesome apnara chaile nite paren delivery man also good,0,0,Happy,Happy
excellent product will rate this product,1,1,Love,Love
according to the price product is good and fast delivery service,0,0,Happy,Happy
original product e mone hocche use kore valo result e peyechi offline er tulonay dam tao kom recommended,3,0,Fear,Happy
joss ekta productsobaike recommend korbo eita newar jonnoonnanno takar fan na niye eita nenamar khubi valo lagsejothesto batashr charge o besh onkkhon thaker torch light tar onk powerbut batasher level control kora gele valo hoito arobut its okr seller er bebohar o onk beshi valotai star rating dilam,1,0,Love,Happy
its good for casual day out,1,0,Love,Happy
thanks,0,0,Happy,Happy
the keyboard is larger than it seems excellent quality,1,0,Love,Happy
fully satisfied with product seller services,0,1,Happy,Love
too small too poor quality,4,2,Anger,Sadness
very good product with cheap rate,0,1,Happy,Love
not enough shelf life oldest product from stock sorry dmart expected better services,2,2,Sadness,Sadness
battery quality is so goodthanks to the seller,0,0,Happy,Happy
yeah the xl size was quite good the quality of shirt worth it comfortable to wear and color is so good and yeah im satisfied,0,0,Happy,Happy
original and authentic product seller gave the warranty card also though is not that much powerful but serves the purpose,0,0,Happy,Happy
got all the soaps nice and intact good service,1,0,Love,Happy
ekta product diye tar price rekheche cheater,4,0,Anger,Happy
you have given me wrong product product quality is very bad,4,4,Anger,Anger
havent used yet feels a bit pricey for ml lets see if its as effective as they have advertised,0,0,Happy,Happy
bhai aita purchase korar din porjonto khub bhalo choltasilo but din por jokhon battery charge shes hote shuru kore tokhon battery charge dite gia dekhte pai je tara je charger diyeche ta purai nostotai baddho hoye products ta return koira disitai amar suggestions holo jodi apnar kase charger thake battery charge deoar jonno taile purchase koiren otherwise aita kine shudhui nijer kosto barabenar ai shop ar products jara kinse tader onekeroi theke dekhsi je charger kaj kore now all depends on you,3,4,Fear,Anger
perfect product really its looking good,1,1,Love,Love
very good recommend to buy,0,1,Happy,Love
ive purchased it product was original and im satisfied thanks pickaboo,0,0,Happy,Happy
onk best ekta quality onk heavy acey tobe delivery pete late hoicey overall perfect,1,1,Love,Love
great quality,0,1,Happy,Love
storage only gb not satisfied,2,2,Sadness,Sadness
amazing product,1,1,Love,Love
its exactly the same and i love it very much,1,1,Love,Love
as good as seems like packaging also good thanks for the service and product,0,0,Happy,Happy
still buying and awesome,1,1,Love,Love
bought at bdt cheaper than the market price good packaging nice condition few small potatoes though,0,0,Happy,Happy
products are good,0,0,Happy,Happy
many beautiful and quality thanks to daraj,0,0,Happy,Happy
same as pic and satisfied you can buy for your kids who like daba,0,0,Happy,Happy
this way really nice onei love it,0,1,Happy,Love
soft and comfortable quality was good enough according to the price nose portion couldve been better hence four star,0,0,Happy,Happy
thanks to the seller the product is exactly as described everyone can take,0,0,Happy,Happy
very tiny cute toy cng didnt expect such small size toy with this high prize,0,0,Happy,Happy
khub vhalo must recommend,0,1,Happy,Love
the product is so good and cheap,0,1,Happy,Love
খবই ভল product made in china desined by natherlands,1,0,Love,Happy
good product fast delivery well behaviour,0,0,Happy,Happy
a very good product in a minimum budget,1,1,Love,Love
this was money well spent,0,0,Happy,Happy
this product is original as i hope and the smell uff what i say awesome mine batch is automiser cap is deep blue its really dark or some kind of black all ok batch code everything is ok but i saw on youtube the cap has armaf mark but my one the cap is new i dont know that,0,0,Happy,Happy
beautiful update battery died after just months cheap brand without warranty,4,0,Anger,Happy
my wife liked it very much i also think its a pretty watch,0,0,Happy,Happy
bujhlam na amon sound kno amar guitar tune korle onek misty sound hoy but ai prothome kom dami string laganor por kmn jani sound ta,2,2,Sadness,Sadness
that was goodand original,1,1,Love,Love
appreciate the attempt to create a bangla social deduction game the game needs minimum people to play and gets more interesting with more people characters have additional powers to make the game more interesting,0,0,Happy,Happy
the tv is amazing and with this price it is the best deal advice for all to take with this deal android licemsed super fast good sound good picture,0,0,Happy,Happy
good product thanks seller,0,0,Happy,Happy
nice color and outlook,0,0,Happy,Happy
good overall no complains fast delivery thank you seller,0,0,Happy,Happy
the book is actually amazing loved the quality as well,1,1,Love,Love
good product thanks seller and daraz,0,0,Happy,Happy
thank you for this offera great deal for usthanks,1,0,Love,Happy
damn im in love with it genuine productrecommended,0,1,Happy,Love
i literally loved it amazing products special thanks to khatakhori for making unique products thanks daraz for the fastest delivery,0,0,Happy,Happy
took me back to my childhood,0,0,Happy,Happy
totally fraudthat was built by alumaniumcheater normal silver used on this,4,2,Anger,Sadness
thank you daraz excellent product,1,1,Love,Love
quality stitching ensures durability,0,0,Happy,Happy
just wow it tooks days to reach work so smooth and perfect thanks to seller,1,0,Love,Happy
original curren analog and calendar watch women high quality great money very worth the money show,0,0,Happy,Happy
nice products recommendedit,0,0,Happy,Happy
recently i was looking for a laptop for my daily tasks and i found sigma at first i was a little bit worried about the quality i have compared my purchase with other brands i found sigma is quite affordable than other brands in terms of specifications later i ordered the sigma core i variant qbits sigma laptop delivered within hours in my personal opinion this laptop is perfect for students it combines affordability with top quality i am thrilled with my purchase and qbits commitment to new products they even included a highquality backpack as a gift thank you qbits for your exceptional service,0,0,Happy,Happy
not bad at all,0,0,Happy,Happy
i just want to say its nice by considering the price delivery installation support also good need to more concentration about delivery time not more than days,0,0,Happy,Happy
brought several times its good,0,0,Happy,Happy
this product is bad,4,4,Anger,Anger
in fact i have nothing to say so many good watches and brand watches for such a low price i am very happy,0,0,Happy,Happy
good sound quality and compact design,0,0,Happy,Happy
perfect everything was perfect product seller installation service and deliver time all performance recommend,1,1,Love,Love
very beautiful and glossy fnish tiny size and bearable everywhere without any problem so niceiam happy সবই নত পরন,0,0,Happy,Happy
this time all good quality weight packaging delivery all are ok btw found are not of good quality stil star recommended,0,0,Happy,Happy
recommended,0,0,Happy,Happy
really fascinating,0,1,Happy,Love
smooth useful recommended,0,0,Happy,Happy
thanks for the honey hope its a good one,0,0,Happy,Happy
awesome product,1,1,Love,Love
good qualityi like itrecommended,0,0,Happy,Happy
good products thanks daraz,0,0,Happy,Happy
the product was so poori wasted my taka,2,2,Sadness,Sadness
service good rider,0,0,Happy,Happy
alhamdulillah best products good quality thanks_daraz_family,0,1,Happy,Love
good product thanks pickaboo related shop,1,0,Love,Happy
motamuti valosame as picture hoyni tobuo chole,2,0,Sadness,Happy
good product,0,0,Happy,Happy
fast delivery thanks a lot,0,0,Happy,Happy
alhamdulillah very good product,0,1,Happy,Love
got everything right good quality,1,0,Love,Happy
vasline thik thak cilo,1,0,Love,Happy
got my parcel and its real product not fake i really love it,1,0,Love,Happy
product ta valoi ache mone hocce,0,0,Happy,Happy
product is fine,1,1,Love,Love
good item fast transaction thanks,1,0,Love,Happy
good product and fast delivery,0,0,Happy,Happy
good productim satisfiedthank you,1,1,Love,Love
good product,0,0,Happy,Happy
good products,1,0,Love,Happy
very poor quality fabric print and sewing worst,2,2,Sadness,Sadness
alhamdulillah jinis mota moti coto family r jonno valoi kintu seller delivery dicey order deoyar din por jinis paici order deoyar days a tarporo thanks,0,0,Happy,Happy
product ta valo daktay onek cute and small i like it thanks vhia and daraz team members,0,0,Happy,Happy
i arrive fast and in perfect condition i recommend,1,0,Love,Happy
thanks for gift,0,0,Happy,Happy
its very pretty market price tk kintu ekhane tky kinechikhub e sundor dekhte kew chaile nite paren thank you,0,0,Happy,Happy
this is good tv enjoying,0,1,Happy,Love
absolutely perfecttt i love it thank you so so much the colour is so prettyyy and it works pretty well too,1,1,Love,Love
onk sundor hoise packing o khub valo silo thanks seller k ato sundor akta watch dewar jonno,0,1,Happy,Love
great product super recommend,1,1,Love,Love
high speed air,0,0,Happy,Happy
good phone good service from seller,0,0,Happy,Happy
yess really happy for this watch,0,1,Happy,Love
amar package ene diyechen maybe kawsar bhai unar name zai hok bhai khub bhalo service pocket khali chilo nahole bhaiyar jonyo ekta cool drinks niye zetam rastayhe is an honest delivery brother,0,0,Happy,Happy
the model is working properly i hope it can fill my needs and thanks to the seller for their first response,0,0,Happy,Happy
bag ta asolei onek sundoramr onek pochondo hoicheythanks daraz ato sundor bag ki pathanor jonno,0,0,Happy,Happy
good product,0,0,Happy,Happy
orginal products,0,1,Happy,Love
khub valoshort time delivery thank you sailor daraz,0,1,Happy,Love
ta products e valo peyechi sob gulu first delivery diyeche daraz,0,0,Happy,Happy
gooddiscount diye tk porseseller is also good tai chain thakbe vitore kono pocket nai thanks daraz goodsame as shown,0,0,Happy,Happy
good packaging best product in cheap rate,1,0,Love,Happy
genuine product low price recommend it for others,0,1,Happy,Love
thanks received product successful,0,0,Happy,Happy
very good product,1,1,Love,Love
good behavior of seller,0,0,Happy,Happy
অনক ভল and i love it,1,1,Love,Love
authentic product thanks seller and pickaboo for your good services happy shopping once again,0,0,Happy,Happy
valo product plam ami happy,0,1,Happy,Love
very bad balar prodackt very small card,4,4,Anger,Anger
received in good condition,1,0,Love,Happy
quality ensure i was doubt about short expire date but its ok,0,0,Happy,Happy
good product,0,0,Happy,Happy
khub sundor ekta product thik jemon ta ceye ci temon thh peye ci,0,1,Happy,Love
product quality was quite satisfied got it on time recommended to everyone,0,0,Happy,Happy
authentic products recommend seller,1,0,Love,Happy
the product is stylish and durable it also comes with a mini bag highly recommended this product,0,0,Happy,Happy
good quality product but initially delivered with a defect the plastic nutgear on which the glass plate was of another model therefore could not be used had to carry the woven to stadium market at their sevice center they provided the right gear and since then using it with very good performance but had to go through extreme hassle,3,0,Fear,Happy
orginal product thanks to seller,0,1,Happy,Love
nice product and fast delivery,0,0,Happy,Happy
balo na chage backup khub komar left ta chatje hoy na,2,2,Sadness,Sadness
amazing really nic,1,1,Love,Love
this product was original and delivary process was awesome,0,1,Happy,Love
bhai ki bolbo just awsome ar aita onek powerful review dite jodio time lagalam apnara sobai kinte paren ar ha sellar onek valo and antorik thanks daraz and seller,1,0,Love,Happy
quality is topnotch fully satisfied with the qualityloved it,1,1,Love,Love
neckband is ok but there was no red club authenticity card so i cant be sure if its original or not i assume its chinese variant which is much cheaper than global variant missing red club card neck band loudness bass build quality battery comfort,3,2,Fear,Sadness
absolutely loved it,1,1,Love,Love
im using it from february to august at new condition it needed to complete charge about hours and gave battery backup almost hours now after almost months used it gives hours battery backup when i sold its price was taka looking overall condition i recommend you can buy it with reasonable price,0,0,Happy,Happy
product received in excellent condition rider was kind enough to let me know to check the product before payment the router is original and also reasonable price would recommend to buy from pickaboo,0,0,Happy,Happy
satisfied with the product and deliveryproduct quality installation is satisfying recomend this seller for future purchase,0,0,Happy,Happy
very good product in this price in fine this isnt good better its over the best take love seller daraz for giving a excellent product,0,1,Happy,Love
recommend,1,0,Love,Happy
good thanks to you,0,0,Happy,Happy
very helpfull,0,1,Happy,Love
quality of paper is goos its original bt the price is higher than local market,2,2,Sadness,Sadness
great joy for the seller very prompt delivery service too bad the colour was not black as i had ordered colour black,0,1,Happy,Love
satisfied as like as the picture and well packed pure modhu thanks to seller,0,0,Happy,Happy
eto sundor bedsheet thanks,0,1,Happy,Love
very good quality din e delivery paichi,1,1,Love,Love
product a tap khawa,0,2,Happy,Sadness
very good at service,1,1,Love,Love
good product at this price,0,0,Happy,Happy
products khub valo but delivery late,1,0,Love,Happy
awesome product,1,1,Love,Love
original and authentic product good looking indoor unit specially the silver border make the unit smart saler is very good person overall i am very happy many many thanks to saler daraz,0,0,Happy,Happy
alhamdulillah onek valo products silo thanks everyone,0,0,Happy,Happy
good like as showing the picture,0,0,Happy,Happy
beg ar chain nai jinish pora jauar chance ache,2,0,Sadness,Happy
very nicebut i am ordering pcs packagesi ma recieved pcs,1,0,Love,Happy
orginal product thanks,0,1,Happy,Love
nice packaging sellar also trusted recommended,0,0,Happy,Happy
the item was outstanding super quality quick delevery,1,1,Love,Love
good quality,0,0,Happy,Happy
ak bar use koryci tatye colour uthy gyse not good for regular use,2,2,Sadness,Sadness
fantastic its toooooo good everyone can buy it,1,1,Love,Love
it was very good,0,1,Happy,Love
great thing,0,1,Happy,Love
good pudact,0,0,Happy,Happy
loved this watch a lot exactly same as the uploaded picture thank you seller daraz for providing such nice product,0,0,Happy,Happy
best quality seller good mean,0,1,Happy,Love
packaging was so much good and product is original,0,0,Happy,Happy
nice product thanks,1,0,Love,Happy
good product,0,0,Happy,Happy
product quality is goodtnx seller vai ke vlo akta products dewyar jnno,0,0,Happy,Happy
product quality seller service delivery service is good এক কথয় খব ভল,0,0,Happy,Happy
seconds hand got out and dangled after weeks,4,2,Anger,Sadness
i am using this in a smartphone and i am getting very good read and write speeds,0,0,Happy,Happy
received on time looks good alhamdulillah but dont got any warranty card but on the money receipt has warranty coverage issues hope in any case of problem we will get service,0,2,Happy,Sadness
product matches the description and packaging was good received in good condition for price tk its good and recommended,0,0,Happy,Happy
product is good with quick delivery thanks daraz,1,0,Love,Happy
excellent product within this price range works great my family members are using it everyday delivery was quick and smooth recommended to buy from this seller,1,1,Love,Love
got the products so fast now time for apply hope it work well,0,0,Happy,Happy
product was good installation was free but but they have taken taka extra seller respone for installation was poor after days of receiving product they send their technician to install the purifier after all good product,0,0,Happy,Happy
it is excellent,0,1,Happy,Love
this product is good enough thanks to haier bangladesh,0,0,Happy,Happy
its awesome very good with its price,1,1,Love,Love
awesome product,1,1,Love,Love
good products thanks,0,0,Happy,Happy
of,0,0,Happy,Happy
din por review dilamami satisfiedbaki ta dekha jak tobe address a delivery paininarayanganj theke kachpur diye gesebut unader extra taka dite hoiseata thik hoyniapnara doorstep delivery dindorkar hole apnarai delivery charge bariye ninproduct majh rastay atke thakle kharap lage by the wayproduct is best,0,0,Happy,Happy
item very good quality sound bass hasslefree connectivity pickaboo thank you pickaboo for the fastest delivery within only hours in regular delivery,0,0,Happy,Happy
delivery took a long time mouse is as good as advertised,0,0,Happy,Happy
good product,1,0,Love,Happy
osam to osam thanks daraz and thanks seller thanks year,1,0,Love,Happy
recently my sister completed her hsc exam and i was looking for a phone for her as a gift my priority was the phone should not be too much cheap and the features should complement my sisters moderate smartphone usage infinix hot i seemed perfect according to my criteria and i found it on pickaboo so i called their customer care number to ask for suggestions and queries they took the hassle to provide me with proper suggestions according to my price and also confirmed the order by giving me discounts so overall this was a great purchase with a good online buying experience,0,0,Happy,Happy
good product,0,0,Happy,Happy
khub valo ekti smart watchapnara chaile nite paren,1,1,Love,Love
long lasting perfume performance is quite surprising it smells too sweet and musky it is not a regular used perfume but it is price worthy for its performance in winter it will perform well i guess,1,0,Love,Happy
product quality was really good well packed best watch at this price range highly recommended,0,0,Happy,Happy
better and quick delivery lots of thenkes,0,0,Happy,Happy
usefully product,0,0,Happy,Happy
such a good product,0,1,Happy,Love
product should wrap with poli at shipping time overall good quality menthol and cool feeling after use,0,0,Happy,Happy
good product fast delivery seller recommended,0,0,Happy,Happy
long pull handle is now ok it was tight initially size nd colour is good wheels gulo corner e distributed hole ro valo hte parto wheels shob ek side e other side a ta plastic stand,0,0,Happy,Happy
dolna ta mota muti valotobe khub beshi strong nahbabyder jonno thik hobe,0,0,Happy,Happy
very classy and elegant looking watch and great buy for the price,1,1,Love,Love
its amazing to have this with almost tk less the product is new and it has an expiry date till dont miss the opportunityjust grab it,0,0,Happy,Happy
good product so far,0,0,Happy,Happy
its my first order online i have great experience for receive this products great service and great products thanks daraz company and thanks for soppers thanks delivery man and delivery man her behaviour so good great service i recommended to everyone buy now this products thank you very much,1,0,Love,Happy
curren family totally satisfied,1,1,Love,Love
good product considering the price,0,0,Happy,Happy
authentic product,1,1,Love,Love
not bad but its going milesbut good,0,0,Happy,Happy
very good ac hope it lasts longer worth every penny,1,1,Love,Love
thanks daraz and the seller,0,0,Happy,Happy
absolutely wonderful working perfectly built materials solid satisfied,1,1,Love,Love
super useful with good quality,1,0,Love,Happy
good and authentic product thank you,1,0,Love,Happy
i bought these pants months ago it was fabulous so i reordered them again but this time i am disappointed they have changed the texture pants now r less stretchy very little stretch not happy,2,0,Sadness,Happy
thank you for this cute ukelele,0,0,Happy,Happy
recived,1,0,Love,Happy
nice products,0,0,Happy,Happy
if you have time no need tow buy vie online k is high price for this bag six to seven hundred is best price for this bag,3,0,Fear,Happy
it costed me with voucherspeed is decent according to the price,0,0,Happy,Happy
every thing ok i thing this is strong screwdriver but it is not same as my thinking product well see no pic front is platic this is for normar working thx to seller for well pack,0,0,Happy,Happy
satisfying quality perfect color also having good quality zipper my meow meow also liked this,0,0,Happy,Happy
watch as the description very top,0,1,Happy,Love
got it for my elder sister it is really comforting for expecting mother especially with their movements while lying down they gifted a shower cap too recommend it,0,0,Happy,Happy
very bad not matched with a given brand i order the time story brand but give another brand named seno,4,4,Anger,Anger
valofull load korechi around mbps speed no heating,0,0,Happy,Happy
authentic product great service from the seller they help me for the installation,0,0,Happy,Happy
perfect tool i have got to done my work,0,1,Happy,Love
alhamdulillah good product i am satisfied,0,1,Happy,Love
not bad reasonable price,0,0,Happy,Happy
light cutter knife is use to medium work,0,0,Happy,Happy
avarage quality warranty card pathaini bivinno jaigai rong otha body swing ar part ta very pore quality khub halka plastic may by use korla vaga jaba tarporo other part chola,2,2,Sadness,Sadness
good productyoi can buy itthanks seller and daraz,0,0,Happy,Happy
thanks to daraz salesman good product is good anyone who wants to take it can take it,0,0,Happy,Happy
onk valo akta trimmer ei price range e asha korci onkdin use korte parbo tobe use kore initially valo mone hoyece thanks,0,0,Happy,Happy
price wise item is ok for quality good item,1,0,Love,Happy
original pinkflash maskara regular use er jnno best ekta productprice is also reasonable according to market,0,0,Happy,Happy
satisfied with the watch thanks to the seller packaging was good,0,0,Happy,Happy
its perfect according to the price recommend it to everyone,0,0,Happy,Happy
its authentic product like it recommended,1,0,Love,Happy
perfect it is a present for my mom she is happy with it thank you so much,0,0,Happy,Happy
trusted and quick delivery recommended,0,0,Happy,Happy
i can not get my productthis is anyone else products,4,2,Anger,Sadness
good packagingquality products seller gift me a free rin liquid mini pack overall satisfactory,0,0,Happy,Happy
good product thanks for the free gift a small bottle of coconut oil appreciate this gesture,0,0,Happy,Happy
iam very happy excellent sound deep bass very good earphone a,1,1,Love,Love
reasonable per kg only,0,2,Happy,Sadness
just got the product absolutely genuine product packaging was amaizing overall satisfied highly recommend this seller,0,0,Happy,Happy
aitar size ta choto asche change kore dite hobe,0,2,Happy,Sadness
dam onujaye product ta khub valo,0,1,Happy,Love
just wow thank you daraz,1,1,Love,Love
good product and i am the daily user but no problem in a product battery backup is average km does cut head hair also,0,0,Happy,Happy
good product,0,0,Happy,Happy
daraz should think about packaging,1,2,Love,Sadness
wathch ta onk sundor,1,1,Love,Love
good product,0,0,Happy,Happy
charging indicator thik thak kaj kore nabaki sob thik ase packing valo cilo,2,0,Sadness,Happy
colour and size thik silo thnks seller,0,0,Happy,Happy
satisfied but you didnt provide dust absorber sticker this is so important material for installing a screen protector,1,0,Love,Happy
thank you so much,0,1,Happy,Love
this kalimba is so cutejust love itsorry for late review highly recommended,0,0,Happy,Happy
alhamdulillah product er quality khub valo thank you smug daraz,0,0,Happy,Happy
perfect and same as the description recommending,0,1,Happy,Love
as expected of an edp it lasts very long the fragrance is not for everyone but i like it i would recommend testing it out before buying but if you are familiar to the fragrance go for it cause you wont find a bvlgari edp at such low price,0,0,Happy,Happy
i am very much pleased with product quality delivery time as well highly recommend,1,0,Love,Happy
very good product,1,1,Love,Love
ছবর মতvery good quality thanks,0,0,Happy,Happy
thanks to daraz for such a good product,0,0,Happy,Happy
the product quality is very good i reviewing almost months later of used the tshirt is comfortable for sammer,0,0,Happy,Happy
juss chilo ta liquid rin gift chilo,1,0,Love,Happy
good product recommended,0,0,Happy,Happy
very good product,0,1,Happy,Love
i love itjust wow,1,1,Love,Love
thank you seller for this amazing dulna,0,1,Happy,Love
the strap is very comfortable and not rubber at all the watchs display is clear and bright and turns on automatically when you turn your wrist,1,0,Love,Happy
sry for late reply bt daraz provide me so much good product and i am highly appreciate to buy anything from daraz,0,0,Happy,Happy
seems to original productthanks to seller for fast delivery,0,0,Happy,Happy
the watch is same as described and best quality in this price,0,1,Happy,Love
so much good i didnt expect that i enjoyed a lotthis lasers distance is very much longbut i made a mistake that is wheni got it then i put tge key into the lock n i couldnt use it previous nightalso its keys are not so much strong but at last i unlock it n it is a loveable thing thanks to daraz,0,0,Happy,Happy
the product delivered to me was the same one i ordered and was delivered in time delivery man was also heartful thanks to daraz,0,0,Happy,Happy
best product,1,1,Love,Love
fully satisfied thank you pickaboo genuin products with good service tv recived with good conditions within days,0,0,Happy,Happy
thanks for the quick and safe delivery,0,0,Happy,Happy
khub rd class quality kew niyen na request time waste pura baam kaner ta bhsnga asey abar sound o kom ashe r quality joghonno,2,2,Sadness,Sadness
as a beginner kit price is bit high and the seller response is like so poor seller needs to upgrade his messaging game and this uke sounds great,2,0,Sadness,Happy
a great product for beginners sounds so accurate and rosewood freatboard looks posh overall a great experience after month,0,0,Happy,Happy
authentic product with exclusive service,0,0,Happy,Happy
its a good watch quality is very good and the price is affordable it looks original so far no problem i really like it and commend the seller for providing a good product supply i am trying to buy another watch of this type very soon i got the product in a very short time many thanks to daraz for providing excellent service,0,0,Happy,Happy
j color cheyechi oi color e diyeche and product jmn cheyechi tmn e thanks seller k shundor akti product dewar jonno,0,0,Happy,Happy
good produced,0,0,Happy,Happy
thanks very nice,1,0,Love,Happy
alhamdulillah very nice product,0,1,Happy,Love
more then i expected from bangladesh,1,0,Love,Happy
the product is authentic the seller is highly recommended but this time the delivery time was worst,0,0,Happy,Happy
good product,0,0,Happy,Happy
good product thanks,0,0,Happy,Happy
good product if any one want to buy it dont confused buy it,0,0,Happy,Happy
alhamdulillah product quality perfectly jeta order korsih oitai paisih chaile sobai order korte paren trusted sellar,0,0,Happy,Happy
authentic product packaging was good delivery was good got free installation from haier,0,0,Happy,Happy
thanks pickaboo for original quality,1,0,Love,Happy
its not a scrab just face wash,4,2,Anger,Sadness
nice item good quality for a cheap price,1,0,Love,Happy
quality wise average i was expecting it to be more heavy duty nevertheless it does the work,0,0,Happy,Happy
its good,0,0,Happy,Happy
alhamdulillah chobir moton e peyechigood product apnara nite paren,1,0,Love,Happy
great product thank you,1,1,Love,Love
recommended,0,0,Happy,Happy
its an amazing cable very good quality with month warranty support fast charging thank you pickaboo for fast delivery,1,0,Love,Happy
everything was ok this product is good,0,0,Happy,Happy
ordered the color what was shown but got worng color it is such a shock product is all ok,0,2,Happy,Sadness
happy with the product i received,1,0,Love,Happy
mm theke choto mone hosse tai return dilam,2,2,Sadness,Sadness
product khube bhalo color thick and easy to refill system and delivery fast,0,0,Happy,Happy
this watch is really nice thank u,1,1,Love,Love
it was really amazingbut i want mehroon they gave me purple but metarial was good enough,0,0,Happy,Happy
product is good delevery is fast everything is very good qualityi am kinda happy anyone can buy this recommendedfive star,0,0,Happy,Happy
satisfied with the quality,0,1,Happy,Love
quality not upto the mark,2,2,Sadness,Sadness
qr code scanning kore dekhlam scanning hoy na ata original products na scanning picture ta dilam caila apnarao check kora dekhta paran,2,2,Sadness,Sadness
quality of book is wellnicely printed,0,0,Happy,Happy
good product,0,0,Happy,Happy
best product,1,1,Love,Love
seems to be a good deal at this price range using it for a week now satisfied so far,0,0,Happy,Happy
great for traveling and charges at the same speed as other ultrafire chargers for the price i had to have it,1,0,Love,Happy
quite a good product in this price range but the delivery price is a bit expansive the product is good i am reviewing it after using months,0,0,Happy,Happy
thanks to seller for giving good product good packaging and fastest delivery,0,0,Happy,Happy
good recommended nice products seller was good person thanks seller daraz,0,0,Happy,Happy
parking was very bad iam disappointed and there is no rapping but product was so good and accurate,4,2,Anger,Sadness
product authenticity excellent orginal product,1,1,Love,Love
best quality book,1,1,Love,Love
amazing product it is almost impossible to find such items within this price range highly recommended,0,1,Happy,Love
product is really goodthanks to the supplier for providing good product,0,0,Happy,Happy
very nice watch i will recommend,1,1,Love,Love
soft and kapor quality valo lagse thanks kom takai valo products,0,0,Happy,Happy
thank you sellerdelivery man and daraz for this beautiful hair brush very friendly behaviour,0,0,Happy,Happy
i ordered booksbook qualitypackagingdelivery everything was very good thanks seller recommended,0,0,Happy,Happy
its good recommended,1,0,Love,Happy
nice tq for the free gift,1,0,Love,Happy
alhamdulillah excellent product and service may allah bless you recommend seller,0,1,Happy,Love
product quality was good well packed highly recommended,0,0,Happy,Happy
masha allah valoi chilo colour ta ektu কলচ কলচ but motamoti sundhor e,0,0,Happy,Happy
i am setisfide this product and sellar,0,0,Happy,Happy
jinish ta asholai onk sundor seller ar behavior o valo packaging o valo chilo,1,0,Love,Happy
alhamdulillah awesome product light is also very bright air is perfect i liked it very much thank you very much daraz seller,1,1,Love,Love
good quality and well packed satisfied,0,0,Happy,Happy
i have ordered mm rotor but i received,2,2,Sadness,Sadness
quality is good comparative to price delivery has been done within anticipated time looks like the picture,0,0,Happy,Happy
received in very good condition well packaging service i must say,0,0,Happy,Happy
working nicely,0,0,Happy,Happy
good product with fast delivery,1,0,Love,Happy
awesome product fully satisfied,1,1,Love,Love
good product with high price,1,0,Love,Happy
quality not good and price is quite high cant recommend,3,0,Fear,Happy
found a little burn smell from mustard honey may be boiled honey,3,2,Fear,Sadness
i have purchased from this store before and the packagingquality of the products have always been great the sellers customer service is also very nice i am literally obbsesed with these stickers i definitely recommend anyone to purchase from this store,0,0,Happy,Happy
nicely packaged quality product thnx for wonderful service,0,0,Happy,Happy
really looking so beautiful,1,1,Love,Love
very good fragrance for the price,1,1,Love,Love
the quality is good but the price is high for a product like this,0,0,Happy,Happy
bought it for my wife and she is satisfied i think it will be durable highly recommended to try picaboos delivery was in time thank you,0,0,Happy,Happy
product way okayy but packaging wasnt what it should be like anyways it doesnt matter that much,0,2,Happy,Sadness
product ta asholei valo,0,1,Happy,Love
product was very good but packaging was worst,4,0,Anger,Happy
damaged products,4,4,Anger,Anger
cool product and service,1,0,Love,Happy
jemon ta cheyechi temon tai peyechi thnx seller k,0,0,Happy,Happy
alhamdulillah solpo dam a r fast porer din ey delivery peyeciproducts thik thak cilo,0,0,Happy,Happy
the bag was amazing so good very very recommended,0,1,Happy,Love
good productbut faner sound ta aktu noiseable laglo,0,0,Happy,Happy
good sound quality build quality not so good fast delivery overall am satisfied value for money,0,0,Happy,Happy
product is really good,0,1,Happy,Love
it was nice i received well packaged quality is high and high performance i am very happy with that product i recommended this product,0,0,Happy,Happy
satisfied with the product and servicethanks,0,1,Happy,Love
very good product seller bro is very helpful,1,1,Love,Love
good product,0,0,Happy,Happy
fast shipping good product quality really great purchase will buy more from this seller,0,0,Happy,Happy
nice good quality productthanks daraz,0,0,Happy,Happy
i got same product as like i ordered thank you daraj for maintaining good quality service,0,0,Happy,Happy
the watch is authentic reached in very good condition although i was expecting a faster delivery as i received the product after working days,0,0,Happy,Happy
package is so goodfast delivery and sound quality is so good,0,0,Happy,Happy
price onujayi best,1,1,Love,Love
best induction cooker available on the market received in good condition note for potential buyers in w settings the cooker doesnt run continuously rather it pulses for few seconds intermittently,1,1,Love,Love
i love the size options for the output of the mist nightlight options and the cleaning and fill up is easy,1,0,Love,Happy
thnx on time delivery n good cooperation,1,0,Love,Happy
pickaboo all time delivery authentic product,0,0,Happy,Happy
recieved in a good condition,0,0,Happy,Happy
good original authentic product,0,1,Happy,Love
its nice but the packet was not sealed the pin remover tools packet was opened,0,2,Happy,Sadness
good quality soft and recommend,0,0,Happy,Happy
got authentic product thank you,1,0,Love,Happy
the tv is seriously amazing genuine products with all accessories they provide delivery very fast,0,0,Happy,Happy
one of the best product in these price rateno complain about qualityreally nice,0,1,Happy,Love
how easy it is to use it is very comfortable for babies,0,0,Happy,Happy
loved the service of pickaboo always,1,1,Love,Love
jemon ta vabsilam ekto different kinto khob bhalo product,0,0,Happy,Happy
best quality memory card,1,1,Love,Love
i love the fridge i got the refrigerator at a much lower price than available in the shopping malls,1,0,Love,Happy
goods consistent with the description,0,0,Happy,Happy
satisficed service really good super fast delivery,0,0,Happy,Happy
good product the sound quality is very good,1,0,Love,Happy
authentic product recommended,0,1,Happy,Love
delivery was terribly slow,3,2,Fear,Sadness
indicator nai thakle valo hoto,0,1,Happy,Love
its not mm slim one its the thick mm,2,2,Sadness,Sadness
tasty and crunchy,0,0,Happy,Happy
all is good thank you,1,0,Love,Happy
product is very good,1,1,Love,Love
product is in good condition and obviously genuine,0,0,Happy,Happy
this face wash is awesome i like it,1,1,Love,Love
thank you daraz thanks saler,1,0,Love,Happy
no question about the product of decathlonthanks to daraz to help us collecting products from decathlon less than market price loved the pair of shoes highly recommended,0,0,Happy,Happy
ami order koreci poket wala amake diyecen poket cara ata kmn kothe tao abar dam rakcen delivery niya tk abar bolcenn long t shirt otoco dicen short tshirt tk r tshirt amar dekhe nilo tk,0,2,Happy,Sadness
received correct product before estimated delivery date,1,0,Love,Happy
onk bhalo chilo thank you,0,1,Happy,Love
low quality product,2,2,Sadness,Sadness
good condition,0,0,Happy,Happy
product onak vlo thank you daraz and saler,0,1,Happy,Love
vua product alrady vitore khule gese,2,1,Sadness,Love
thanks for giving timely delivery and good product,0,0,Happy,Happy
quality is top noch,1,1,Love,Love
the finest product i have ever found on this platform thanks to both of the sellers and daraz,0,0,Happy,Happy
fast works,0,1,Happy,Love
খবই সনদর একট টভ আমর খবই ভল লগছ overall quality is pretty good within budget love the response from sellervery good behavior and also thanks to daraz for giving a faster delivery i ever get just take days wowamazinghope to purchase again from tailorcraft,1,0,Love,Happy
products packaging tai vlo cilo kono deficit cilo na thanks sealer,0,0,Happy,Happy
good watch but delivery time is too long it takes month days to deliver this watch rider behaviour was not satisfied,4,2,Anger,Sadness
ei nie th time neya ei facewash r onno onek product o niechiogerio mane ee original products r voroshar jaygathank u ogerio n thank u daraz,0,0,Happy,Happy
thanks for nice watch,1,1,Love,Love
good recommend,0,0,Happy,Happy
on time delevery and price is moderate al over good,0,0,Happy,Happy
best hair dryer,1,1,Love,Love
the fabric feels premium against the skin,0,0,Happy,Happy
very nice product excellent,1,1,Love,Love
this is better looking physically loved it anyone can buy without a doubt,0,0,Happy,Happy
soap is good but what is the condition of shampoo didnt know yet,0,2,Happy,Sadness
a beautiful watch loved this product,1,1,Love,Love
good product with best price,0,1,Happy,Love
original product you can buy it,0,1,Happy,Love
it is the best mastercopy of ps controller the seller was also very good,1,1,Love,Love
received item in a good conditionvery nice n elegant pursetqvm sellerwill buy again,0,0,Happy,Happy
good product thanks seller and daraz,0,0,Happy,Happy
got the product i hope product quality will be good,0,0,Happy,Happy
product quality in not good enough and colure is not same as the picture colure average product,0,2,Happy,Sadness
jemon ta cheyechhi temon tai eshechhe delivery man o khub responsible and good behaving chhilo over all great ekta product you can buy this guys,0,0,Happy,Happy
honestly this item was exactly what i was expecting gets the job done just buy it,0,0,Happy,Happy
received item is over expectations im very much pleased with this beautiful watch thanks daraz seller also rider,0,0,Happy,Happy
i am st time smart watch user but this smart watch is very good compare with price and look,0,0,Happy,Happy
any one can buy this products,0,0,Happy,Happy
same as picture,0,1,Happy,Love
nice product thanks seller and daraz,0,0,Happy,Happy
best service ar watch o onek sundor hoica behave,1,1,Love,Love
the speaker is very good,1,1,Love,Love
good product,0,0,Happy,Happy
its so amazing,1,1,Love,Love
good product thanks daraz team,1,0,Love,Happy
thank you for this wonderful product,1,1,Love,Love
one of the best eye lashes with reasonable price loved the quality,0,1,Happy,Love
please add ink for cartridge refill to tour online shop because i cant use this for that,0,0,Happy,Happy
quality vlolike it very much,0,1,Happy,Love
good combo product,1,0,Love,Happy
frame quality is too bad,2,4,Sadness,Anger
as the ad very good,0,1,Happy,Love
this is my fav t shirt just love it,1,1,Love,Love
alhamdulillah everything is fine color contrast and panel also top quality sound quality is little bit weak point of this tv but its adjustable slightly lagging starts with long time usage overall thats a good deal,0,0,Happy,Happy
thanks,0,0,Happy,Happy
very good products,1,1,Love,Love
supports w charging,0,1,Happy,Love
its too good,0,1,Happy,Love
really very fast delivery the outside packaging was good n also the product is working smoothly thank you daraz,0,0,Happy,Happy
product quality as usual,0,0,Happy,Happy
good product,0,0,Happy,Happy
received in good condition and cheaper than local market,1,0,Love,Happy
the memory card is fast and good enough,0,0,Happy,Happy
good product,1,0,Love,Happy
after using couple of weeks i am giving this feedbacki am satisfied with this products i had a trust on pickabo among all the online platform and they are keeping my trustthank you pickaboo and sellers,0,0,Happy,Happy
all as in the photo and in the description excellent quality a responsive seller,0,0,Happy,Happy
authentic product trusted shop good packaging overall satisfied thanks,0,0,Happy,Happy
super fast delivery very good quality product overall im very much satisfied,0,1,Happy,Love
recommended its a nice product i am satisfied,1,1,Love,Love
product is good and was well packaged,0,0,Happy,Happy
highly recommend face wash jader oily skin saradin er tiredness durkorar jonno perfect ekta facewash porjonto meyad acheage bar use korechi ei amr rd puchase ei facewash shobai nite paren,1,0,Love,Happy
totally awesome,0,1,Happy,Love
the bed cover is enough big for the bed um satisfied,0,0,Happy,Happy
wonderful service recommended,0,1,Happy,Love
exactly the same and great quality,1,1,Love,Love
tasty and yamme,0,1,Happy,Love
got the same product,0,1,Happy,Love
very good product,1,1,Love,Love
satisfied products cost delivery all are good,1,1,Love,Love
does not stay for long,1,2,Love,Sadness
thanks,0,0,Happy,Happy
satisfied with the product,0,1,Happy,Love
good product satisfied,0,1,Happy,Love
great phone very satisfied,1,1,Love,Love
good quality at this price point,0,0,Happy,Happy
good universal,0,0,Happy,Happy
valoi productvhabchi quality kharap hoibo kintu valoi,1,0,Love,Happy
product come good condition,0,0,Happy,Happy
beautiful product packing quality is very nice i am impress thanks for seller and daraz,0,0,Happy,Happy
belt ta normal onk than bag ta o size a chotu tao motamoti cole,4,0,Anger,Happy
good product i think so,0,0,Happy,Happy
nice qualitythank you so much seller,1,1,Love,Love
they mentioned that pcs pack will free with this order but they didnt send the free pack,4,2,Anger,Sadness
good product,0,0,Happy,Happy
alhamdulillah product is good hour full speed e cholse low speed dile aro beshi cholto,0,0,Happy,Happy
everything was perfect thanks,1,0,Love,Happy
really it was an awesome product thanks daraz as well as product supplier,0,1,Happy,Love
power and feet output cables are very short to set,0,2,Happy,Sadness
good product tnx,0,0,Happy,Happy
tnx for the book,0,0,Happy,Happy
this is a very hady product,0,1,Happy,Love
valo product nite paren thanks to seller,1,0,Love,Happy
got the product exactly at the promised date working fine expecting to continue shopping with pickaboo keep it up,0,0,Happy,Happy
just a wow product was very good just loved it it also has grip stars to the product,0,1,Happy,Love
this watch is soo classy and they are gifted battery thanks louis will,1,0,Love,Happy
very good charger cable,1,1,Love,Love
pickaboo always provides the best goods with best deal so no doubt i have got the same this time also tv is awesome working fine got the delivery within the promised time frame delivered the product with care and the delivery person was very professional and amicable too insha allah will recommend fnf to order from pickaboo in future may allah bless you and keep growing cheers,0,0,Happy,Happy
product is very nice at this price and data transfer speed is also satisfying,0,0,Happy,Happy
excellent with this price but can order only at a time anyway thanks,1,1,Love,Love
one chess piece was broken looks like there hasnt been any qc check very poor quality pieces,4,2,Anger,Sadness
i bought this item as original product from pickhabo with intake packing i love pickhabo and now im fan pickhabo for their service and commitment thanks pickhabo,0,0,Happy,Happy
my favourite writers book,0,1,Happy,Love
received as ordered the mouse feels good quality product worth the price,0,0,Happy,Happy
fully satisfied,1,1,Love,Love
nice packaging very fast delivery thanks daraz for special disconnect,1,0,Love,Happy
this is my st time daraz experience thank you daraz u make my day its amazing sellers bahavior was so good guys go and get this product it will be help in this corona episode,0,0,Happy,Happy
one is sk hynix another is samsung both running good,0,0,Happy,Happy
beautiful watch same as the picture,1,1,Love,Love
on april the goods were shipped but only came on june opened a dispute but the money did not want to return tipo coronavirus wait delivery delayed came workers are well packed sorry for not in the box and in the usual wrap the product is happy but went very long as i ordered for the day of birth and it was already a month ago,4,0,Anger,Happy
good product and working properly thanks,0,0,Happy,Happy
of course this item was good,0,0,Happy,Happy
this gum is very good yammy,0,1,Happy,Love
i like it very much,1,1,Love,Love
product ta khub vlo lagce onk sundor,1,1,Love,Love
fresh and healthy,0,0,Happy,Happy
very cute,1,1,Love,Love
just wow,1,1,Love,Love
good productsvery much satisfied,1,1,Love,Love
bhalo silo first e but din pof nosto hoye gese,4,2,Anger,Sadness
its really a good quality one i recommend it to everyone,0,0,Happy,Happy
price hishabe bhalo,0,0,Happy,Happy
the watch is very good in terms of price i took one before and got it well so i bought another one to give as a gift thanks seller and daraz,0,0,Happy,Happy
good product over prized,0,0,Happy,Happy
delivered dented item just one day before eid order date delivery very bad support from daraz do not place any large item order specially prepaid,3,2,Fear,Sadness
excellent product highly recommended seller is very good going to order more,0,1,Happy,Love
the best product that ive ever had they sent me the same product as picture im fully satisfied and the quality is amazing thank u so much seller,0,1,Happy,Love
received before predicted time good conditions and printing,0,0,Happy,Happy
not that bad,0,0,Happy,Happy
hmm not bad nice,0,0,Happy,Happy
recommended,1,0,Love,Happy
very good products,1,1,Love,Love
what a amazing quality product very very very great quality must buy from this seller highly recomended safe packing will buy again,0,0,Happy,Happy
running good thanks,0,0,Happy,Happy
really good n comfortable for my baby,0,0,Happy,Happy
great,1,1,Love,Love
packet er gaye prochur moyla lege chilo packaging ro improve korte hobe,2,2,Sadness,Sadness
low budget im satisfied and delivery is so fast the quality well as like the template,0,0,Happy,Happy
koyek month use korsr por review dicchi oshadharon product just marrattok assasins creed pes fifa joto game try korsi shob chole steam a add kore or ds windows diye connect korte parben cable bluetooth battery back up khub bhalo touchpad is okay mobile a connect korte parben panda gamepad app laagbe seller khub bhalo product diyechen taka osul maybe already hoye gese key joystick gulao oshadharon akhono kono shomoshsha pai ni kintu aktu gap asche th pic a jemon ta,1,0,Love,Happy
amazing product within budget got cashback from bkashdelivery was swift,0,0,Happy,Happy
good enough,0,0,Happy,Happy
this socks quality is so good thanks to saler,0,0,Happy,Happy
good product,0,0,Happy,Happy
product quality is not good size too small price onnuja e product think nei,2,2,Sadness,Sadness
awesome product recommended,1,1,Love,Love
ektu tension e chilam j colour size thikmoto pabo kina but sob kichui akdom thikthak chilo thanks recommended,0,0,Happy,Happy
nice products,0,0,Happy,Happy
good quality good behaviour and services,0,0,Happy,Happy
not bad ami red colour dekhe order korsilam but delivery dise another colour battery included hole valo hoto,0,0,Happy,Happy
awesome productrecommended for everyone,1,1,Love,Love
the sound quality is good although i expected better i was used to using overear headphones which definitely delivered better sounds but i think it is okay for an earphone the build quality is the main drawback of the product the joins in different parts are feeble if you use it make sure you are not bending the joins too much just use with care the microphone that came with my product was nonfunctional but i did not realize that since long after i got the product mainly because i used it with my pc more than i used it with my phone and both of them had microphones of their own but one time i needed to set up an application and i was testing the sounds but my pc could not pick up any sound from the builtin microphone it detected that the microphone was in there but it was not picking up any sound i did not worry about it too much because i did not need it but i still think this is a huge factor since it might be a great deal breaker for many when it comes to price this product is a bang for the buck very cheap compared to the audio quality and the value overall it was worth it used it for months timeline bought january th problems first detected mid april the microphone became unusable october th,2,0,Sadness,Happy
good product,0,0,Happy,Happy
thanks for daraz,0,0,Happy,Happy
good product,0,0,Happy,Happy
as same as picture totally satisfied with the product and that thank you message and gifts was very sweet your most welcome,1,0,Love,Happy
sooooo nice thanks alot,1,0,Love,Happy
its the best,1,1,Love,Love
such a nice product mostly recommended,0,1,Happy,Love
bought original product from pickaboo i am very satisfied great camera setup,0,0,Happy,Happy
its good actually,1,0,Love,Happy
product quality niye ami satisfied,1,1,Love,Love
original product thanks daraz,1,1,Love,Love
diploma is best sob thik thak chilo,1,1,Love,Love
thank to daraz seller for the original product,1,0,Love,Happy
video quality is very good totally satisfied with the price,0,1,Happy,Love
this headphone provides really good sound that can beat any headphone priced under k,0,0,Happy,Happy
nice packaging and good quality potatoes,0,0,Happy,Happy
so very good,0,1,Happy,Love
koyekdin use kore review dilam product onek valo chest and back exercise er jonno onek valo kaje dey highly recommended,0,0,Happy,Happy
good one,1,0,Love,Happy
dust and stuff gets stuck on it good enough though,0,0,Happy,Happy
the delivery was very fast it came in just days i would say if you are looking for a smart tv with gb ram with a fair price then this is it you cant get a better deal than this thanks,0,0,Happy,Happy
its awesome same as picture but delivery was too late,1,1,Love,Love
excellent quality highly recommend,1,1,Love,Love
the product was finehowever the packaging wasnt intacked resulting deflection on mindtry to endorse that your sending a fresh product,2,0,Sadness,Happy
satisfied,1,1,Love,Love
intake and good,0,0,Happy,Happy
best diaper brand the quality of this diaper is a class,0,1,Happy,Love
alhamdulillah same to same product paici hatesize colour sob thik cilothank you sellerthanks daraz,1,0,Love,Happy
good product,0,0,Happy,Happy
piseface wash tar smail sundor silotnx daraz,1,0,Love,Happy
product same to same paichi sathe gift o dichekintu totota vlo kaj kore naseller vaiya o onk valo cilothanks to daraz and seller vai,0,0,Happy,Happy
onk vlo qualityprice onujai onk vloand long lasting hobe,0,1,Happy,Love
nice product thanks daraz seller and rider vaiya,0,0,Happy,Happy
its really great product matches my expectations,1,1,Love,Love
nice producttime center er sob watch quality full,0,1,Happy,Love
alhamdulillahboi ti vlo obostha tei hate peyechi,0,0,Happy,Happy
fast delivery original product with original documents good experience,0,0,Happy,Happy
alhadulillah the product was same as pic thanks daraz family,0,0,Happy,Happy
cable quality looks very good it wokred fine with both my phonesadapters supporting quick charge however while i checked with a phoneadapter which supports fast charging it was continuously showing connecting and disconnecting checked with different adapters but same issue other cable works fine my verdict is that this cable shows some compatibility issue with fast charging adapters for some reasons but works fine with other normal quick charge certified adapters,3,0,Fear,Happy
original product so recommended you can take it,0,1,Happy,Love
honestly the product was so good and im satisfied thanks to seller,0,0,Happy,Happy
good product,0,0,Happy,Happy
good product best quality,0,1,Happy,Love
product pai nai seller fraud ta order korcilam ps dicay seller not recommended batpar,0,4,Happy,Anger
good product,0,0,Happy,Happy
packaging must be improved the way you packaged my product it can be damaged plz be careful next time but product is good,2,2,Sadness,Sadness
satisfied,0,1,Happy,Love
fantastic producti have used it for year and then ordered it for my cousin also thank you pickaboo,0,0,Happy,Happy
very good controller,1,1,Love,Love
perfect choice to buy,1,1,Love,Love
all top exactly as described,0,1,Happy,Love
the quality is not good its quite flimsy,2,2,Sadness,Sadness
i found product as it is in the picture thanks seller for the service,0,0,Happy,Happy
good product quality was good recommended,0,0,Happy,Happy
best products,1,1,Love,Love
very nice product and received intact thanks to saler and daraz highly recommended for purchase,0,0,Happy,Happy
good products,0,0,Happy,Happy
product was sub per cant expect much more from a product in this price category the driver bits rattles in its place and the magnet is not too strong,0,2,Happy,Sadness
alhamdulillah new and fresh product i am satisfied with the product seller response product price product quality packaging managing timely product handover delivery all in one word excellent good luck to the seller,0,0,Happy,Happy
nice watch,1,1,Love,Love
good enough,1,0,Love,Happy
im very much pleased to get my product unbelievable beautiful service,0,0,Happy,Happy
really amazing product thanks to seller ive received same as picture,1,1,Love,Love
its a very cool watch just its not really suitable for my skinny wrist cause the watch is bigger than i thoughts but overall the watch is ok,0,0,Happy,Happy
over all good some times the tv screen get blare and faced problem on remote during channel change,0,0,Happy,Happy
it works wellits an authentic producttook almost days to delivered though they told me it will take that much timewould be better if they can fasten up the delivery processother than that good service and good product,0,0,Happy,Happy
nice producteveryone can buythough its take a long time to deliver but after getting the product i think its tolerable how ever thanks daraz,0,0,Happy,Happy
good product happy with it,0,0,Happy,Happy
delivery was so fast hope watch is authentic thanks pickaboo,0,0,Happy,Happy
worst delivery,4,4,Anger,Anger
the size is perfect and the quality is satisfactory to me,0,0,Happy,Happy
nice product jamon caichi tamon paichi magnetic power tao motamoti product ta paya ami happy thanks for daraz,0,0,Happy,Happy
product quality good based on price,0,0,Happy,Happy
alhamdulillah onk shundor product ta and packaging tao onk shundor jmn chaisi tmn e paisisatisfied tobe size ta ektu boro hoia gese xl er tulonaitasara sob thik ase,0,0,Happy,Happy
good product,1,0,Love,Happy
quality is good so sobai nite paren sob thik thak ace,0,0,Happy,Happy
i have used it about weeks its rareally good product in this price pointthanks picaboo for this product,0,0,Happy,Happy
good one happy with it,0,0,Happy,Happy
changing the channel required time is more highlike to second and another specification like color sound design not best but goodremort is very thin and not good qualityoverall i am satisfied with reasonable price,0,0,Happy,Happy
same as picturegood according to price,1,1,Love,Love
good quality with low pricei am very much satisfied,1,0,Love,Happy
im very satisfied great quality good sound,1,1,Love,Love
i comment on this product after month past i suggest anyone rely on pickaboo perfect product,0,0,Happy,Happy
খবই ভল লগছ বল quality ও ভল thanks to seller authentic products recommended,1,0,Love,Happy
nice gadi bacca onek khoshi,0,0,Happy,Happy
nice product delivery was little bit slow but it was from samsung end,0,0,Happy,Happy
its quite good the seller is amazing regarding this order i am quite satisfied yet the delivery man was amazing,0,0,Happy,Happy
original product baby der jonno perfect,0,1,Happy,Love
not as good as odomos,2,2,Sadness,Sadness
valoi bag bacchader jnno thik ache cute lage baby k eta nile tobe dam ta ar aktu kom hole best hoto,0,0,Happy,Happy
i am very happy with my product,1,0,Love,Happy
sm as picture,0,1,Happy,Love
cheap quality for cheap price not really worth it,2,2,Sadness,Sadness
this produce is too small in the photo this produce look like big but,2,2,Sadness,Sadness
all right,0,0,Happy,Happy
this notebook is high in qualitythe pages are smooth and highly recommend,0,0,Happy,Happy
product is authentic,0,1,Happy,Love
chailam pendrive dilo microphone ahhh jibon,2,0,Sadness,Happy
working good but sometimes responded slow,3,2,Fear,Sadness
i received the product very late alhamdulillah the product is very good but the packaging is not good at all could have given it in a box delivery is very late received the product very late,0,0,Happy,Happy
colour was faded not in good tone it seems an old one given to me,4,2,Anger,Sadness
their services are the best with unbelievable warranties,0,0,Happy,Happy
at first the seller behavior is awesome and the product is good tnx daraz for a fast delivery system the trunk is made with pvc and i am little bit confused about that,0,0,Happy,Happy
satisfied with the product,0,1,Happy,Love
very good product within this price range,0,1,Happy,Love
trusted shop i got my products well strong if you want buy you can buying goods from here undoubtedly,0,0,Happy,Happy
just like the photo the cloth is nice and there doesnt seem to be anything wrong with it i cant wait to put it on thank you to the seller,0,0,Happy,Happy
buy once again,0,1,Happy,Love
product ta onk vlo chilo,1,1,Love,Love
goodbackup test running device power fail,0,0,Happy,Happy
average quality product,0,2,Happy,Sadness
its an awesome product thanks to the seller for this amazing productobviously i recommed you for this caddy drive they also give me a screw driver and an extra an additional dvd part to attach to the caddy,1,0,Love,Happy
this pant is very pooor quality i told to everbody dont purchase any cloth iteam on the basis of photo from any online shop,4,0,Anger,Happy
good and working fine as seller said,0,0,Happy,Happy
onk vlo product nite paren sobai,0,1,Happy,Love
the quality is good size is small but it perfect for little kidmy child likes it,0,0,Happy,Happy
really good quality it took around a month to come bu im satisfied its kinda big in size tho larger then i expected,0,0,Happy,Happy
very good product and service highly recommended,1,1,Love,Love
very useful product but not for new born baby,0,0,Happy,Happy
this isnt hydrogel but a simple plastic screen protector,4,2,Anger,Sadness
math use korar por review dilmvikan tv ta sothi onk valo tv as ai price apicture quality wow akhn dekha jak kemon jhai,0,0,Happy,Happy
very good and nice product safely received thanks daraz,0,1,Happy,Love
authentic product,0,1,Happy,Love
nice its like traveling play time and it can carry any small bag so its good tho recommend,0,0,Happy,Happy
its awesome and value for money,1,1,Love,Love
packaging is very good and product are also goodthank u daraz and thanks sellar,0,0,Happy,Happy
really nice thanks daraz,1,1,Love,Love
well product,1,0,Love,Happy
best one best delivery service,1,1,Love,Love
good quality product there should be a game instruction paper in the bix as printed over the box which was not there otherwise the product is very much good,0,0,Happy,Happy
print quality is fact only otherwise all are ok with this price,0,0,Happy,Happy
did not put it to ttask yetshall review in a month,0,2,Happy,Sadness
good in quality and delivered so fastyou can buy this,0,0,Happy,Happy
good products,0,0,Happy,Happy
received item in excellent condition works very well very much satisfied with my purchase highly recommend this product and seller to anyone,0,0,Happy,Happy
all the products are so much good thanks to the seller for giving me right one also thanks for the gift,0,0,Happy,Happy
super fast shipping beautiful product corresponds with description i recommend,0,0,Happy,Happy
its good enough compare to price,1,0,Love,Happy
good product,0,0,Happy,Happy
photo te jamon deakcilam thik tamon tai paicionek valo hoica productkaw chaile kinte parentnx daraz,0,0,Happy,Happy
very good watch and has excellent performance delivery was fast,1,1,Love,Love
delivery was fast and gooduse korar por review dibo,0,0,Happy,Happy
recieved in good condition product as described fastener clip quality is acceptable,0,0,Happy,Happy
good product thanks,0,0,Happy,Happy
the product is the same as the description and photo i recommend it,0,0,Happy,Happy
good enough as price almost using foot months,0,0,Happy,Happy
thanks for providing this goods at a cheap price,1,0,Love,Happy
dam hisabe kharap na chole but sathe akta lock dile valo hoito,4,0,Anger,Happy
i wouldnt call it a premium watch but its the best within its price range it also comes with a matching bracelet the design and finishing of this watch are so beautiful that its hard to believe it was purchased at such a low price it is an excellent value for money it would have been appropriate for the seller to bubble wrap the watch to provide it with additional protection this would ensure that the watch remains safe during transit,3,0,Fear,Happy
im just using this purifier taste is awesome,0,1,Happy,Love
good productthik vhabe same payechi,1,1,Love,Love
onek valolight ta onek dure jayar fan er batash onek beshirecommend,0,1,Happy,Love
perfect packaging with much expiry,0,1,Happy,Love
initially they supplied the wrong ce brand water purifier after complaining by message they changed it original top klean brand now it is working well,0,0,Happy,Happy
ordered item with ft cable but seller delivered item with ft cable very disappointing indeed more disappointing will it be if you don not replace delivered item with fresh supply of ft one that i ordered what will be your action to settle the disappointment that i have raised pls ensure trustworthy relationship with your customers esprcially regular customers check my order record and you will see how many items i had ordered so far,2,2,Sadness,Sadness
got the product but really disappointed with the delivery man who was not interested in the given nearby place he was supposed to come to the address which i put in my profile,2,2,Sadness,Sadness
bhabsilam months er beshi thikbona but almost months tikse alhamdulillah er moddhe bar iem change korsi koyekdin aage ek side er wire purai chire gese hard hoiya but eto din je cholse etai onek,0,2,Happy,Sadness
good quality,0,0,Happy,Happy
packing and quality is good as always,0,0,Happy,Happy
display te kicho kicho gocsha khawar dag chilo a chara r kono problem chilo na r sound ar poriman kom kom lageche overall good,2,0,Sadness,Happy
i dont think that the product is authentic i bought this only just relying on pickaboo thinking that they always deliver authentic products the packaging was worst as it wasnt wrapped with bubble paper or anything which could shield the box then come the box i watched some videos on youtube of this product but i cant relate mine to those the box looks like bangladesh made and the warranty card was blank and dont know how to claim the battery and product warranty too much disappointing and dont recommend it all ill never purchase watches and perfumes from any online shop today ive got my lesson,4,2,Anger,Sadness
good same as the picture thanks daraz and seller,0,0,Happy,Happy
the product is very good in this price delivery was also in time you should buy this one with no hesitate i got gb though,0,0,Happy,Happy
i love this product,1,1,Love,Love
product is ok,1,0,Love,Happy
really all the watches are very nice and quality product thanx to selleranyone can purchase without any doubt happy shopping,0,0,Happy,Happy
good moner moto bager back side e open pocket hole aro valo hoto,0,0,Happy,Happy
good product good packing,1,0,Love,Happy
light weight audio quality is good call quality is better than other tws in this price segment,0,0,Happy,Happy
very good quality easy to install and use and very strong,0,1,Happy,Love
poor build quality,2,2,Sadness,Sadness
alhamdulillah good product thanks daraz and seller,0,0,Happy,Happy
support charge only no data transfer or other staf,2,2,Sadness,Sadness
nice good product,0,0,Happy,Happy
good productsame as picturerecommend thank you,0,0,Happy,Happy
fast delivery satisfactory quality,0,0,Happy,Happy
so far best deal thank you pickaboo,0,1,Happy,Love
product quality so goodthanks seller,1,0,Love,Happy
compared to price product quality is good,0,0,Happy,Happy
its so beautiful,1,1,Love,Love
good product and fast service recommended,0,0,Happy,Happy
got the product i can recommend pickaboo for buying this product,0,0,Happy,Happy
fast delivery good product,1,0,Love,Happy
good product with this price,0,0,Happy,Happy
authentic product with fast delivery within days,0,0,Happy,Happy
free with talking tom but dont know how to play,0,2,Happy,Sadness
i am using this perfume very good product,0,0,Happy,Happy
the most trusted seller i have ever met fast shipping,0,0,Happy,Happy
perfect sound and base,1,1,Love,Love
enough good with that price it but i ordered as first pick pay next day delivery delivery was delay day by redx they should refund first pick charge,0,0,Happy,Happy
really a very nice and good tv than my expectation without the display view angle written in description still ok,0,0,Happy,Happy
authentic product good service,1,1,Love,Love
i really like the mascara its kinda waterproof and the packaging was pretty good its a nice product i loved it,0,0,Happy,Happy
the product is really aswome thanks daraz,0,1,Happy,Love
it is excellent bluetooth mouse,1,1,Love,Love
product is original delivery was fast but product picture doesnt match with the actual product,0,0,Happy,Happy
tv ta asolei khub sundorsound quality delivery dine peyechi selle,1,0,Love,Happy
good produced,1,0,Love,Happy
good producted fast delivery i like it,0,0,Happy,Happy
good quality productfully satisfied,0,1,Happy,Love
excellent quality product hope to buy more in future,0,1,Happy,Love
good product,0,0,Happy,Happy
amar favorite akta biscuitsob thik chilo,0,0,Happy,Happy
received good quality product highly recommended the seller after using few days i can tell u in details,0,0,Happy,Happy
case was so good product buld quality are the best,1,1,Love,Love
beautiful watch looks exactly same as picture recommended,1,1,Love,Love
fantastic behaviour from the seller also received authentic product,0,0,Happy,Happy
got product within hrs of order quality product completely satisfied,0,0,Happy,Happy
its too good thank you daraz sorry for late review,0,1,Happy,Love
product quality is very good considering the price,0,0,Happy,Happy
delivered within time and customer service good price is high but quality good i am ver satisfied with this product,0,0,Happy,Happy
sob thik thak silo thanks for daraz,0,0,Happy,Happy
satisfied,0,1,Happy,Love
thanks seller good product,0,0,Happy,Happy
good item medicine,0,0,Happy,Happy
one of the best earphone in this price range with great quality,0,1,Happy,Love
good quality,0,0,Happy,Happy
pickaboo is a trusted platform thanks pickaboo,0,0,Happy,Happy
oil found only,2,2,Sadness,Sadness
good product,0,0,Happy,Happy
activated successfully thanks,0,0,Happy,Happy
such a substandard quality totally crap,2,0,Sadness,Happy
good productnice thanks daraz,1,0,Love,Happy
one word beautiful as it should be happy me,0,0,Happy,Happy
alhamdulillah t shirt ta pp hisebe dekhle perfect tk te ar theke vlo asha kora bokami size pp sob perfecttns seller,0,0,Happy,Happy
the quality was average not the high quality,0,2,Happy,Sadness
akdom fresh silo happy,0,0,Happy,Happy
onk sundor ar comfortable same as picture,0,1,Happy,Love
good product,0,0,Happy,Happy
retracted as the copying speed lessens drastically after loading gb yet star considering the price,0,2,Happy,Sadness
the product quality is very excellent,0,1,Happy,Love
original product thank you,0,1,Happy,Love
not good quality,3,2,Fear,Sadness
i exactly got what they said for thanks to the seller that they given me an authentic product really satisfied me the chain quality is medium but at this price rate its worth it to buy,0,0,Happy,Happy
good product,0,0,Happy,Happy
this mascara is super awesomei just loving itsuper cute super stylishand eyes looks so beautiful thank you daraz,0,0,Happy,Happy
i purchased this product nd time this product quality its so nice and price r reasonable if anyone wants its must be buy this product daraz mart,0,0,Happy,Happy
after months use its a superb watch thanks pickaboo,1,0,Love,Happy
more than expectationtop quality producttnks tolsenkeep it up,1,0,Love,Happy
seems like an original product lets hope they provide gd services outlook gd button little bit hard,0,0,Happy,Happy
good products and best sellerthank you daraz ana seller,0,0,Happy,Happy
thanks to the seller and daraz it was tensed and great experience got the product before estimated time product is in good quality as i ordered but i dont know how to use thank you,0,0,Happy,Happy
its good when i scanned the it says its the original product,1,0,Love,Happy
quality product recommended,0,0,Happy,Happy
alhamdulliah product ta valo authenticseller response khub valovai amr ac warranty ta kibabeh paboh,0,0,Happy,Happy
good product,0,0,Happy,Happy
good product,0,0,Happy,Happy
compared to the the price the product is much better recommending you to purchase if you have a very tight budget,1,0,Love,Happy
sound quality is very nice in this price,0,0,Happy,Happy
ei price e best honestly onk valo seller o onk valo good quality with low price recommended,0,1,Happy,Love
very good quality,1,1,Love,Love
well product thank you,1,0,Love,Happy
good products,0,0,Happy,Happy
onek sondor hoice,1,1,Love,Love
original product,0,1,Happy,Love
medium quality product,0,0,Happy,Happy
product received in good condition and as advertised,0,0,Happy,Happy
came in good condition packaging was nicesaller is cooperative now time to lets check it item,0,0,Happy,Happy
this product is good,0,1,Happy,Love
all products were original and delivery was too fast thanks to daraz,1,0,Love,Happy
good quality tshirt size was correct too recommend,0,0,Happy,Happy
excellent product highly recommended,1,1,Love,Love
good product this is best simple cost by better product,0,1,Happy,Love
i bought two watch from this store and i really liked them,0,0,Happy,Happy
beautiful amd stylish watch ordered again due to its beauty original product as always,0,0,Happy,Happy
thanks,0,0,Happy,Happy
received in time good for the price got a gift a well recommended,0,0,Happy,Happy
product was well received but overseas shipping takes too long,2,0,Sadness,Happy
good product but size smol,0,2,Happy,Sadness
good product,0,0,Happy,Happy
always best,1,1,Love,Love
osadharon thank u so much kno somossa nei apnara cokh buje kinte paren,1,0,Love,Happy
i m so pleased to get this one good product,1,0,Love,Happy
got the product within a few days in cumilla gℝeat xℙeℜieℕℂe,0,0,Happy,Happy
very quality full comfortable pillow thanks,0,0,Happy,Happy
received the same product that i have ordered thanks,1,0,Love,Happy
recommended,0,0,Happy,Happy
though i have ordered silver variant first but picaboo didnt have silver variant at that time hence i changed my order to moonlight black over phone which is an excellent smart watch and their packaging and delivery service was top notch and quick even they delivered during holidays which is appreciable,0,0,Happy,Happy
highly satisfied,1,1,Love,Love
price onek besi,0,1,Happy,Love
best quality its amazing,1,1,Love,Love
alhamdulillah products ti onake valo r akorsonio battery backup o khub valo thanks seller k ato valo akta product deyar jonno,0,0,Happy,Happy
product quality is good if you want then you can try it,0,0,Happy,Happy
onek onek balo akta football sobai aita nite paren,1,1,Love,Love
they are cheaters they took my money and gave me a damaged gb pen drive instead of gb pen drive please dont buy anything from this shop এর পরতরক নষট জনস দয়ছ এব সঠক পনয দয়ন,4,2,Anger,Sadness
very good good packaging totally satisfied,1,1,Love,Love
very fast delivery and definitely authentic product by the seller also quality is first class seller was very much responsive and responsible as well good luck to them,1,0,Love,Happy
good recommended,0,0,Happy,Happy
the product quality was very nice im satisfied with that,0,1,Happy,Love
nice product also chip price,0,0,Happy,Happy
product all is okbut packaging not goodplease be conscious about packaging,0,2,Happy,Sadness
nice product thank you pinkflash,0,0,Happy,Happy
a great deal with a great same day delivery service product is really good and worth buying enc works when listens to music or on call thats a good part,0,0,Happy,Happy
useful product but the wheels often just slip away from the corner as there is no way to stick those with the corners which is a little bit annoying,0,2,Happy,Sadness
satisfied,0,1,Happy,Love
using this earphone for a month so far its a good product within this budget pros good sound quality maintained battery life up to hours flexible neck band comfortable earbuds cons microphone quality isnt satisfactory week magnetic connection between two earpieces,0,0,Happy,Happy
well products,1,0,Love,Happy
great product,0,1,Happy,Love
good product,0,0,Happy,Happy
got this for my wife nice to have it in hand better than expected if anyone needs it,0,0,Happy,Happy
very good productrecommended,0,1,Happy,Love
onk cute sobkisuthank u,0,1,Happy,Love
everything is ok but alignment problem actually this is big issue and android version is very poor quality,2,2,Sadness,Sadness
good quality and well built worth the money,0,0,Happy,Happy
beautiful loved arrived very fast,1,1,Love,Love
got picks instead of got bag and extra string very good ukulele at this price,0,0,Happy,Happy
color is not set but good for the price,2,2,Sadness,Sadness
authentic products,0,1,Happy,Love
good build quality but it is non warranty product but before purchased seller told me this phone have year warranty,2,2,Sadness,Sadness
the item is good everything is awesome the seller is very good,1,0,Love,Happy
the packaging is so good like totally intact,1,0,Love,Happy
vary good products,1,1,Love,Love
swift delivery and professional seller behaviour,0,0,Happy,Happy
speed medium received with good condition not found any problem after month use,0,0,Happy,Happy
good product,0,0,Happy,Happy
received in good condition product is good works all button lets see how long it lasts build quality is phenomenal,1,0,Love,Happy
good quality very fast delivery,0,0,Happy,Happy
valo product but price taka hole thik thak chilo,0,0,Happy,Happy
i have got a good productbut in the chessboard there i get a problem,0,0,Happy,Happy
thanks,0,0,Happy,Happy
excellent sound quality and great battery life delivery service was very excelent i would highly recommend this oneplus bullets wireless z to anyone,1,1,Love,Love
authentic producttnx seller for the original product,0,1,Happy,Love
good product but high pricr,0,0,Happy,Happy
its a very good product,0,1,Happy,Love
so happy,1,1,Love,Love
before time delivered metal quality and watch finishing is quid good i am glade to buy this in such price,0,0,Happy,Happy
product is good,1,0,Love,Happy
best product in this price recommended thanks seller,0,1,Happy,Love
received the goods quickly,0,0,Happy,Happy
received all the product in good condition with accurate date of expiry very quick delivery service received mini pack of glow on cream as gift but they should more careful about packaging,0,0,Happy,Happy
ball total ball thanks,0,0,Happy,Happy
good product sound quality is too good love this i recommend this to anyone who wants to buy it,0,0,Happy,Happy
product is good,0,0,Happy,Happy
came in timewith good package quality also good but i have been ordered black one but they gave me red one anyway,0,0,Happy,Happy
good product its also fresh and intact healthy food for body like it,0,0,Happy,Happy
very gd product,1,1,Love,Love
thank you for giving the right product,0,0,Happy,Happy
i didnt get the product shown here i got some other nose strip,2,2,Sadness,Sadness
good product,0,0,Happy,Happy
the screwdriver is very good packaging was good quality is not premium but enough to last decent amount of time,0,0,Happy,Happy
good products,0,0,Happy,Happy
good quality but price ta ar ektu kom rakha gele value for money bola jeto evabe kono complain nai,0,0,Happy,Happy
authentic productvery very good any body can take,0,0,Happy,Happy
product is good in pickabbo,0,0,Happy,Happy
awesome product thanks daraz and seller,1,1,Love,Love
excellent product price and product quality actually worth it,1,1,Love,Love
classic design with a modern twist,0,1,Happy,Love
a shirt thats a cut above the rest,0,0,Happy,Happy
good quality products,0,0,Happy,Happy
oboldeny watches quality lux from gold not to distinguish perfectly packed came in the city of kurgan in days,0,2,Happy,Sadness
good product and thank you for the gift,0,0,Happy,Happy
well i got what i ordered thanks,1,0,Love,Happy
days er moddhe e battery down hoye geche electric line dia use korci,2,2,Sadness,Sadness
nice product but small size,0,0,Happy,Happy
cheep but useful product,1,0,Love,Happy
good product,0,0,Happy,Happy
the potato was found in good condition thanks,0,0,Happy,Happy
get product on time packageing was good i am satisfied,0,0,Happy,Happy
good product,0,0,Happy,Happy
very excellent product with this price wonderful seller service this is a official samsung authorized product and official warranty thanks seller and daraz recommended,1,1,Love,Love
pages are absent in the book but overall packaging was good,2,0,Sadness,Happy
very good product,1,1,Love,Love
awesome product and service from pickaboo,0,1,Happy,Love
its really cute and useful thanks draz seller,0,0,Happy,Happy
product quality excellent but they took days to deliver with next day delivery option paid very poor delivery time management and promise if you are taking extra money and promise to delivery next day you should keep it,0,2,Happy,Sadness
the product is full of bullshit its not working,4,2,Anger,Sadness
the leather belt watch is not as good as this display,2,2,Sadness,Sadness
good product at a cheap price i recommend everyone who wants this product buy it here,0,0,Happy,Happy
it is just awesome fully recommend dont think just buy,1,1,Love,Love
good quality will buy more in the future,0,0,Happy,Happy
after sales service is very poor worrying for guarantee service technician installed it but continuous water dropping from outdoor part now they are not responding daraz should give up these vendors,3,2,Fear,Sadness
packing and delivery ratting vloi motamoti but charge backup khub khub kom paitesi battery te ato kom kivabe bujtesi nah realme company er kase ques je ato kom kivabe charge hour e kivabe sesh hoy,2,2,Sadness,Sadness
it came quickly the quality is good,0,0,Happy,Happy
premium quality value for money in this price if ur charging adapter is powerful then this can perform qc at a time device every jointsports qualities even finishings will give you feel like ure using usa products higly recommended seller,1,0,Love,Happy
very lucrative,1,1,Love,Love
faltu size ekdomi choto barely inch dont fall for the picture,4,2,Anger,Sadness
beautiful looking wish it will stay long,1,1,Love,Love
no doubt about the product quality but pickaboo should focus more on the delivery process delivery is not satisfactory as per the promise,0,2,Happy,Sadness
alhamdulillah jemon ceyechilam thik serokom holothanks darazs,0,0,Happy,Happy
it was so useful this product made my pragnancy time sleep a bit easy and comfortable,0,0,Happy,Happy
good product preferable,0,1,Happy,Love
very good at low budget very efficient very good for rough use,1,0,Love,Happy
tv only sound bass is the issue but compared with price value for money delivery i received after days inside dhaka city after payment customer response of pickaboo customer response of haier still nobody contracts for installation after i requested for this service as it was a free installation offer,0,2,Happy,Sadness
super nice and packed very well,1,1,Love,Love
very good arrived before the deadline,1,1,Love,Love
good product,0,0,Happy,Happy
all goods are excellent thanks daraz bd seller,0,1,Happy,Love
satisfied,1,1,Love,Love
i like it anybody can take if want,0,0,Happy,Happy
it is not that good quality we expect more,2,2,Sadness,Sadness
its really very useful product seller o khub valo cz eto taratari delivery diyeche thnx nd thnx also daraz k cz daraz ache bolei amra eto helpful product gulo ghore boshe pai,0,0,Happy,Happy
this is too small in size than my expectation packing and other is okay,2,2,Sadness,Sadness
good products thanks,0,0,Happy,Happy
good product recommended to buy,1,0,Love,Happy
good response from the seller store shipping handling within the time range parcel packing in a plastic currier bag item earwax removal kit pcs came in handy keychain box,0,0,Happy,Happy
dam onujaie thik ase valo product,0,0,Happy,Happy
infinix is always a good choice for good spec and gaming hot is a perfect phone for gaming pickaboo provides a great deal on this phone along with sameday delivery got original product with official warranty,0,0,Happy,Happy
satisfied product quality e,1,1,Love,Love
good product,0,0,Happy,Happy
motamoti vlo e ase but price beshi delivery man ta location e na aisa amk product niya jaite bole tk delivery charge disi oi aisa dibe ki amr jaite hoise oder kas theka product nite,2,0,Sadness,Happy
awesome watch love it,1,1,Love,Love
satisfied,1,1,Love,Love
delivery is so fast,1,0,Love,Happy
good product,0,0,Happy,Happy
excellent product with recent production date product packaging was also very good and delivered in just daythanks to the sellerwill buy again,0,1,Happy,Love
second time buying this everything is okay,0,0,Happy,Happy
product is authentic haier has given me free installation,0,0,Happy,Happy
amazing quality worth the wait to come from china wife loved it,0,1,Happy,Love
suspender ta onek valo but bow tie ta valo chelo na,0,2,Happy,Sadness
authentic product super charge supported,0,1,Happy,Love
good products but size ekto short,0,0,Happy,Happy
same as shown in picture,0,0,Happy,Happy
i ordered packets and i received them greatlyquality is fantastic very happy with the packaging boxes and cards the size was a little bit small and cards less in some boxes but its ok i would prefer the cost a little bit less like tk less delivery time is quick too one of the best pokemon cards i appreciate overall everything try to manage a bigger size of them and sunmoon especially,0,0,Happy,Happy
it is good,0,0,Happy,Happy
product er quality onek valo same as picture seller er behaviour onek valo ami jokhon e patil nibo uner থক nibo tea pot ta nisi onek valo so recommend for anyone,0,0,Happy,Happy
not used yet,0,2,Happy,Sadness
my wife really like it the watch quality is marvelous,0,0,Happy,Happy
the quality was pretty good i was pretty skeptical about the quality of the chain but it works just fine the quality of the print was really amazing overall worth it,0,0,Happy,Happy
beautiful watches corresponds to the description and photo an interesting clasp it was packed well got without scratches and scratches,1,0,Love,Happy
areyy vai ami order korechi seat ar desen seat ar fit koratey giye obostha kharap hoiya geche but amniteyy thik chilo,4,0,Anger,Happy
সম জনস আরও কম পবন review valo dekha jinis niber na karon same jinis onno jaigai kom e paben r dekhen ager year r new year er products name quality alada agea valo jinis dilew ekhon uni baje quality ditase same price e,4,0,Anger,Happy
products onk valo paice view almost good sound quality also good delivery date er onk agey paicereally delivery phn peye ami surprise hoiye gache,1,0,Love,Happy
same day delivery product looks awesome and quality superv,0,1,Happy,Love
minute hand was broken returned it,4,2,Anger,Sadness
very good compare to price thanks daraz seller,1,1,Love,Love
i received the authentic product thanks to unilever and daraz,0,0,Happy,Happy
alhamdulillah finally i got the haier android hd smart led tv hkg im very happy to recovered this product bcz this product is genuine seller is also very good finally thanks to daraz giving me thai product within very sort time with cod with very low price thanks to all,0,0,Happy,Happy
ive owned the original product for year since the old ones right part got cut off i decided to buy the same product when comparing side by side this new one was much worse the quality is very bad the bass is too high and the sound depth is very shallow i can very much say with confidence that ive bought a counterfeit product,4,2,Anger,Sadness
alhamdulillah onek valo product chilo sobai nite paren trusted seller,0,0,Happy,Happy
its really good watch,1,1,Love,Love
good and quick service always recommended,0,0,Happy,Happy
ami ta order korchiam duity onk fast delivery paici r ei price er moddhe product taw onk valo work korce tnx daraz for fast delivery and fresh product,1,0,Love,Happy
price jodi hoto tahole picaboo te best deal hoto bole amar dharona,0,0,Happy,Happy
as expected very good quality delivery was also very fast thank you pickaboo,1,0,Love,Happy
love this product same design chilo r size o perfect paper gulo o valo i will must recommend if anyone wants to buy thanks seller for accurate product,0,0,Happy,Happy
good rin liquid free thanks seller,1,0,Love,Happy
thanks to pickaboo redx the product is delivered with utmost care packaging was excellent product is genuine and authentic awesome official smartwatch in this price range now its time to perform,0,0,Happy,Happy
satisfied with the product,1,1,Love,Love
what a packaging just owww product recommended,0,0,Happy,Happy
valo but fan er speed kom onek size er tulonay more expectations chilo,2,2,Sadness,Sadness
just loved it expectation theke o bhalo lagse amr kase atto cute jinish gula sathe maybe ta card free peyechi ami,1,0,Love,Happy
very tooooooooop beautiful and very full,1,1,Love,Love
the packet was broken totally distress,2,2,Sadness,Sadness
thank you,0,0,Happy,Happy
received few days ago bit slow though but no complain coz of price value for money running smoothly so far,0,0,Happy,Happy
its great everyone can buy,0,1,Happy,Love
product was authentic delevery was super fast got it under daysthanks labu flutes and daraz,1,0,Love,Happy
product ta vlo porce thank u for this good product,1,1,Love,Love
packaging was in a bad condition it could be damaged however i received in a good condition i recommend the seller to improve the packaging quality after all product is quite good,2,0,Sadness,Happy
same as picture,1,1,Love,Love
one of the best controllers in this price range no need of any software just plug and play vibration kaj koreit has came with features more than my expectation a must buy for them who want a decent controller in less price,1,1,Love,Love
good points and for motorcycle and for work,0,0,Happy,Happy
its flamingo but not matching with pictures,2,2,Sadness,Sadness
product thik thak chilo,0,0,Happy,Happy
product is goodbut there is no free maskthats why four stars,0,0,Happy,Happy
thanks,1,0,Love,Happy
pretty cool,0,0,Happy,Happy
good products thank you for gifts,0,0,Happy,Happy
very nice product thank you seller,1,1,Love,Love
good product with long validity,0,0,Happy,Happy
this is so cute i am satisfie,1,1,Love,Love
very stong build and quality is so good everything is perfectrecomended,0,0,Happy,Happy
in time delivery original product,0,0,Happy,Happy
good product,1,0,Love,Happy
authentic and genuine product at the cheapest price recommended,0,0,Happy,Happy
yeah i luv this its same as picture so u guys can buy it,0,0,Happy,Happy
not capable of carrying heavy weight as promised,2,2,Sadness,Sadness
its good nice product,1,0,Love,Happy
same as picture nice watchdekhe quality somponnoi mone hocce use kore bakita bolte parboanywaythank you seller,0,0,Happy,Happy
product was very goodit had no damagethank u seller,0,0,Happy,Happy
fast shipping hunter tape quality is good i am satisfied recommended thank you daraz and seller,0,0,Happy,Happy
one of my best dealtrusted seller,1,1,Love,Love
product is very good it make room cool in a few minutes seller response is good their technian is very efficient though it was rush time before eid they installed it perfectly in short time activated warrenty over phone by calling midea helpline overall satisfied now lets see how many years it can provide service without any problem thanks to seller and daraz,1,0,Love,Happy
good product,0,0,Happy,Happy
the delivery had been quick and the product is genuine i have just started using the router my old router is years old so far the coverage and performance is good recommended buy,0,0,Happy,Happy
product quality very good original product delivery man behaviour amazing thanks pickaboo,0,0,Happy,Happy
after use month very good quality same colour just like the picture and comes with very good packaging,1,0,Love,Happy
very good product and efficient very good services,1,1,Love,Love
good one,0,0,Happy,Happy
thank you,0,0,Happy,Happy
its really good and premium,1,1,Love,Love
hello i received my order but there is no warranty card i hope you send me that thank you,3,0,Fear,Happy
onik sundor hoica thanks darzz,1,1,Love,Love
product valo home delivery but pcs er sathe pcs free chilo oi pcs dea hoy na mane pcs kom dea hoiche pcs kom dea mane ak prokar chitting,2,2,Sadness,Sadness
im just speechless bout their product quality,1,2,Love,Sadness
it looked much darker on the picture also told that its dark brown but damn its not dark brown and its the complete opposite how its shown on the picture quality is good but the color is not same as shown,2,2,Sadness,Sadness
good product,0,0,Happy,Happy
good products,0,0,Happy,Happy
good product,0,0,Happy,Happy
very good product,1,1,Love,Love
hours decent for every day the packing in a soft bag was surprised,0,0,Happy,Happy
solid and simple,0,0,Happy,Happy
great one satisfied,1,1,Love,Love
not compatible with suzuki gixxer,2,2,Sadness,Sadness
this products as good,0,0,Happy,Happy
not good at all condition is not good and not fresh,2,2,Sadness,Sadness
ekebare faltu tin er jinish amader market e tk kore beche chulay ditei colour pura start hoia gese just waste of money,4,4,Anger,Anger
thanks for the nice gift,1,0,Love,Happy
really its a good quality tnq bro,0,0,Happy,Happy
fastest delivery thanks to daraz,0,1,Happy,Love
good orginal product satisfied,1,1,Love,Love
very good products thanks realme daraz,1,1,Love,Love
quality is good,0,0,Happy,Happy
not goodenough you need to replug every time when you start windowsand also not smooth that muchbut good in range,2,2,Sadness,Sadness
awesome books and condition,1,1,Love,Love
as per picture satisfied,1,1,Love,Love
product is good and first delivery,0,0,Happy,Happy
product quality is as promised very stong to carry heavy furniture,0,0,Happy,Happy
good product warranty card dele valo hoto thanks,0,0,Happy,Happy
fully satisfied received within days,1,1,Love,Love
product e problem usb pay na thik moto return korbo,2,2,Sadness,Sadness
its my second time purchase from this seller,0,0,Happy,Happy
a complete cable for charging and data syncing on this price range recommend,0,0,Happy,Happy
khub shundor hoise begtavabsilm size choto hobe kintu hate pwar por dekhlm size ekdom perfect,0,0,Happy,Happy
khub sndr drs hoyeche jmn ta cheyechilam thik temon tai peyechi onk valo quality,0,0,Happy,Happy
received in good condition in time,0,0,Happy,Happy
faltu product r choto product dili kn haramjadar bacha,4,4,Anger,Anger
valo tobe price ta beshi,0,0,Happy,Happy
very nice and good service,1,1,Love,Love
quality is good inch laptop fits precisely a little increase in hight will be better,0,0,Happy,Happy
thanks for the quick and safe delivery,0,0,Happy,Happy
original and good product,0,1,Happy,Love
akebare falto keo kinbenna aitar shathe hendel nai,4,2,Anger,Sadness
comfortable,0,0,Happy,Happy
product avarage quality ta arektu baranu drkr delivery soho dam ta onekh besi mne hoise oi onujai quality buildup hoy nai lekhar chap gula vloi,0,0,Happy,Happy
great service from pickaboo satisfied with the ear buds considering the price,1,1,Love,Love
beshi oily,2,0,Sadness,Happy
amnite vailo ache but saund quality valo na jara professional tader jonno nah jara notun shikben tader jonno cholbe kintu jader hat mota ba boro tara ata niben nah,2,2,Sadness,Sadness
nice productexactly as the picture,1,1,Love,Love
i bought such a great product for the first time,0,0,Happy,Happy
my kids love this,0,1,Happy,Love
it was satisfactory,1,1,Love,Love
im very setisfied to get the product its quality was very good as a women watch i just love it,0,0,Happy,Happy
at first thank you very much i get same original brand this was is very attractive watch it is beautiful special gift for my special person so again thanks,1,0,Love,Happy
have been using the watch for almost a month it looks classy can be used in a both formal and informal dress up would recommend,0,0,Happy,Happy
many thanks its really a good looking china made product my mrs is satisfied thanks again,0,0,Happy,Happy
apnar kache jodi faltu khoroch korar tk thakle taile kinte paren rd er porer class product,2,0,Sadness,Happy
excellent i have been using this item almost years,1,1,Love,Love
color uthe gesilo jokhon hate peyesi,2,2,Sadness,Sadness
onek sundor watch,1,1,Love,Love
thanks pikabo to provided us such as a good quality genuine of product in very reasonable pricehope so this journey will go on,0,0,Happy,Happy
thik moto received korchiisob kisu ok celoo recommend,0,0,Happy,Happy
good product,0,0,Happy,Happy
authentic thanks a bunch seller,1,0,Love,Happy
recommended,0,0,Happy,Happy
all type c module is ok gd product sobai nite paren,0,0,Happy,Happy
not good two pc was rotten in one kg,2,2,Sadness,Sadness
good quality pops beautifully,0,0,Happy,Happy
alhamdulillah harddisk er health readwrite speed shob bhalo chilo pictures attach kore disi seller bhai onek onek আনতরক মনষ health performance mbs readwrite,0,0,Happy,Happy
products quality is good but shipping need more time total days its very disappointing,0,2,Happy,Sadness
awesome productbest quality amar onek besi valo lagche size o perfect diner moddhe product ta paichi sobai cailei nite paren,0,1,Happy,Love
kalimba is good as like as picture demonstrated it sounds very charming to hear exterior colour was superb aslo it is sustainable however i cant play nicely i learned how to play kalimba elegantly perhaps one day i can do it well good seller,0,0,Happy,Happy
not bad good product,0,0,Happy,Happy
according to price this jainamaz is just wow very soft material and very easy to carry i was looking for this and finally got it,0,0,Happy,Happy
works well in forza horizon triggers are nice,1,0,Love,Happy
khub choto size e but onk cute,0,0,Happy,Happy
thanks guys everything went well,1,0,Love,Happy
product is plastic made looks cheaper,4,2,Anger,Sadness
ak kothay asadaron ei range er modde no frost inverter freeze impossible ek mas por review dissi freeze ok sob kisu thik thak thanks to daraz,1,0,Love,Happy
the sound of the earphone is very impressive a balance mixed sound of bass vocal treble is provided thanks pickaboo,0,0,Happy,Happy
i took this watch december but this february this watch stopped it is not running now what can i do,4,2,Anger,Sadness
l love so much thanks seller very good product,1,1,Love,Love
it seems like they product is ok but not that much good packaging as you can see in the photos worst one,0,2,Happy,Sadness
the service and the quality of the product and also the seller is outstanding seller is also helpful i was in dilemma regarding the product but it turned out fantastic for me,1,0,Love,Happy
product ta joss,1,1,Love,Love
received but delivery time was too late,1,0,Love,Happy
the product itself is solid no complains fair priced to be honest thanks daraz keep up the good work,0,0,Happy,Happy
thanks for supplying such great quality books at this cheap price also the packaging was excellent thanks for your hard work,0,0,Happy,Happy
totally bad,2,4,Sadness,Anger
very good quality watch ordered several times,1,1,Love,Love
i just received the phone in hours actual time thanks daraz,0,0,Happy,Happy
thanks daraz for very swift delivery the watch is really better than my expectations really appreciable,0,0,Happy,Happy
good product,0,0,Happy,Happy
original product expiry available well packege authentic seller,0,0,Happy,Happy
very nice product thanks seller,1,1,Love,Love
thats wire quality is not good,4,2,Anger,Sadness
good product,0,0,Happy,Happy
joto shob batpari at first gta er shate map thake oita sbr jana ase but ai faltu sealer ta amr kse disk ta pathanor aage map ta churi koree rekhe dise accha map er ta na hoi baad dilam akta new disk a kmne finger prints thake vhai ai shob batpar kmne daraz a business kortese daraz thake onk kichu newa hoise onk shomoi product er size choto hoi or onno kono karone return o korsi but amn fraud kono din hoi nai seller khub e baje manush tk gache dhore na joto shob,4,2,Anger,Sadness
jmn pic dewa tmn e and book jate damage na hoy packaging tao onek safe bhabe kora hoyechefuture e aro order korbo,2,2,Sadness,Sadness
perfect,1,1,Love,Love
osthir productfully satisfied,0,1,Happy,Love
i want my money back one propeller stopped working i dont know anything i want refund,4,2,Anger,Sadness
i got my product safely and packing was too much good seller was much more friendly and his conversation was good at last my personal opinion is splendid and likely much more highly recommended thank you,0,0,Happy,Happy
the product is so awesome n got it so early quality is good n my baby liked it too muchthanks a lot,0,0,Happy,Happy
it looks nice but it will take some time to understand how it works,0,0,Happy,Happy
got the same as ordered thanks to seller and daraz,0,0,Happy,Happy
this yarn is soo soft and seller delivery products same to same pictures than you buy this item i am happy withit,0,0,Happy,Happy
product quality good,0,0,Happy,Happy
same as picture satisfied,1,1,Love,Love
it is a beautiful retro watch i loved the colour texture and the design but the thing is the hook is really loose it felt down from my hand times the day i wore it for the st time,2,0,Sadness,Happy
just good for money not so impressive delivery was prompt daraz service excellent,0,0,Happy,Happy
price is high considering the product quality shipping was fast but delivery was a bit late though and product condition is good,1,0,Love,Happy
seems a bit hard to me not much comfortable,0,2,Happy,Sadness
totally worth it,0,1,Happy,Love
alhamdulillah that product i received was really good this works perfectly for medium size one room its ok one thing though when it work after some times it create heat even though i think its not a big issue,0,0,Happy,Happy
th purchase from time center and again loved it authentic product paye sob somoe,0,0,Happy,Happy
product valo silo pic a jamon dawa samethanks to seller but luis will ar product na ata ami luis will vaiba order korsilam but rakha dilam money bag ta valolagsadelivery man valo silo,3,0,Fear,Happy
very very good product thanks for send me pink colour good working thanks sellar,0,0,Happy,Happy
clothe quality is perfect as price,0,0,Happy,Happy
very good product using more than a year,0,1,Happy,Love
fine material good qualityhighly satusfied,1,0,Love,Happy
as far as i can tell its authentic it works printing quality is also quite good overall a good price for this particular product,0,0,Happy,Happy
great sounds but case quality not so bad,0,1,Happy,Love
good product and cheapest price,0,0,Happy,Happy
today morning i received the trimmer it is pretty good i think this is great product in budget thank you pickaboo i am totally satisfied,0,0,Happy,Happy
i have been using it for almost month and i have found the following things pros cooling is fine cools the room within a couple of minutes no bad smell cheap price compared to other ac build quality is good cons they painted the angle before delivery the paint on the angle was still raw at the time of delivery every couple of minutes there is a clicking sound i dont know the reason but kind of annoying now lets see how long it works considering all the things it is still a good product for those who have an issue with budget,0,0,Happy,Happy
good product tnx for daraz,0,0,Happy,Happy
shob kichu tic acheproduct is in good condition and lipstick er color ta khub sundurmauve pink,1,0,Love,Happy
very good products,1,1,Love,Love
i really like this watch its so easy to wear and fashionable,0,1,Happy,Love
received with full intact box authentic product recommended,0,0,Happy,Happy
like the very top,0,1,Happy,Love
good product,0,0,Happy,Happy
extremely happy very good product and service,1,1,Love,Love
print quality and colour khub e sundor,0,0,Happy,Happy
this product is very good,0,1,Happy,Love
fantastic delivery service and guine product supplier,1,1,Love,Love
good and fresh product second time order korlam,0,0,Happy,Happy
i am happy original apple adapterthanks pickaboo,0,0,Happy,Happy
high quality product made in indonesia,1,0,Love,Happy
received in good order,1,0,Love,Happy
good product,1,0,Love,Happy
gd product,0,0,Happy,Happy
good product this was my second order,0,0,Happy,Happy
good offer products,1,0,Love,Happy
i always use this earphone its a very good product in this price but this time the sound quality of the earphone is not that good as i used the other mi basic earphones overall its a very good product,2,0,Sadness,Happy
did not get the colour i ordered black it was military green inside the pack,2,2,Sadness,Sadness
the productquality was outstanding thanks to daraz seller for providing this quality product,0,0,Happy,Happy
received in very good condition well packaging service i must say,1,0,Love,Happy
good product,1,0,Love,Happy
good product,0,0,Happy,Happy
good product,0,0,Happy,Happy
value for money device delivery is satisfactory pickaboo is trusted and providing authentic product,0,0,Happy,Happy
wonderful quality,1,1,Love,Love
onkkk vlo sounds great thank you vhaiya,1,1,Love,Love
price hisebe quality motamuti,0,0,Happy,Happy
its good today bts leadar rm birthday i received there booki am so happy thank you,0,0,Happy,Happy
not much effective so im shifting to nsaid,2,2,Sadness,Sadness
the product is very nicethanks daraz and the seller,0,1,Happy,Love
product bhalo,0,1,Happy,Love
another size come,2,2,Sadness,Sadness
thats good,0,0,Happy,Happy
good products according to the user,0,0,Happy,Happy
authentic original product,1,1,Love,Love
everything is super and fast,1,1,Love,Love
received intact product installed it and its working fine till now expecting it work fine for long time,0,0,Happy,Happy
good products,0,0,Happy,Happy
products valo vabe peyechi thanks,0,0,Happy,Happy
i was skeptical before buying it as fantech was a completely new brand to me but after using it for a month and pushing the controller to its maximum i must say this was one of the best decisions by no means its comparable to xbox one or ps controller but within the budget of tk you cannot go wrong with this if you are on a lookout for a controller within tk i would most definitely suggest this controller,1,0,Love,Happy
the shampoo was in very good condition thanks,1,0,Love,Happy
good tv no issues so far,0,0,Happy,Happy
very good product just like the picture packaging was also excellent satisfied recommended,0,1,Happy,Love
nice as same as picture very comfortable to wear,0,0,Happy,Happy
awesome products service,0,1,Happy,Love
really good one happy to get such a nice product thank you pickaboo,1,0,Love,Happy
alhamdulillahproduct was good kew caile nete paren sob tik ace,1,0,Love,Happy
nice packaging product was okk but i think huawei nova se glass protector need to be more accurate because its slightly different in size i think overall all is good,1,0,Love,Happy
borabor pailam,0,0,Happy,Happy
not good as expected khub e patla tape,2,2,Sadness,Sadness
very happy with this watch it arrived quicklyand looks exactly like the photos the quality is excellent made of good materials and the watch is nice and big,0,0,Happy,Happy
worth buying,0,0,Happy,Happy
product a price onuja e thik ase,0,0,Happy,Happy
original product and very fast delivery,0,0,Happy,Happy
poor quality,2,2,Sadness,Sadness
original product and sufficient expiry date o ache recommended,0,0,Happy,Happy
highly recommended fully satisfied thnx seller,1,1,Love,Love
product onek valo original productkew chaile nite paren,1,0,Love,Happy
its been more than month didnt face any issues overall experience is excellent,0,0,Happy,Happy
very nice original product recommended,0,1,Happy,Love
not that useful at all,0,2,Happy,Sadness
received fresh packets,0,0,Happy,Happy
star less for bad packaging,1,4,Love,Anger
nice sharee pic er sate hobuhu mill chilo thanks a lot,1,0,Love,Happy
satisfied,0,1,Happy,Love
packaging is good product quality is good i am happylove it,0,0,Happy,Happy
good products,0,0,Happy,Happy
awesome product bought this only tk,1,1,Love,Love
this ac is good,0,1,Happy,Love
very good quality super fast delivery loved the product very much,0,1,Happy,Love
very qualityful module,0,1,Happy,Love
the quality of the product is amazing the sound quality and overall immersion is outstanding best earbuds at this budget in my opinion,1,1,Love,Love
well received and packaging was well thanks esquire electronics but it seems delivery charge too high it should be standard charge,0,0,Happy,Happy
it was okay at this price this is good,0,0,Happy,Happy
adapter thik ache but speed ta ektu slow jader router dure tara eta niyen na ta chara sob kichu thik ache,0,0,Happy,Happy
thank you so much for sending the right product good quality,0,0,Happy,Happy
the product is amazing didnt expect the product to be this good nice color finishing suitable for daily use worth purchasing at this price,0,0,Happy,Happy
got damaged within month,2,2,Sadness,Sadness
good quality but small size and high price,0,0,Happy,Happy
satisfied,1,1,Love,Love
awesome deliver time original product received only one day i am satisfied their service thanks pickaboo,0,0,Happy,Happy
nd time i buy from this seller nice,0,0,Happy,Happy
original product and good service,1,1,Love,Love
thank you for giving ta nice product,0,0,Happy,Happy
aita rail king er copy bangladeshi product main problem hocce train tar balance thake nasingle main engine othoba sobgula carriage nie turn nite gelei ultai pore jai train line ta onek chikon ar train ta onek fast move kore tai balance rakhte pare nareview te video up dea jai na otherwise ami video ta up die deakhaitam ar on off switch tao aktu jhamela kore copy korle valo kore kota ucit airokom joratali marka copy kore amderke thokae ki lav,0,2,Happy,Sadness
small than the look in picture,2,2,Sadness,Sadness
good service good product keep up the good work dear seller,1,0,Love,Happy
product quality goodseller recommended,1,0,Love,Happy
best spicy powder please must try it,0,1,Happy,Love
valoi kinto treamer a kichu dag dekha jacche mone hocche refurbish,3,0,Fear,Happy
it good for oily skin dry skin can avoid allover good,1,0,Love,Happy
looks fantastic recommended,0,1,Happy,Love
good watchnice product,1,1,Love,Love
everything is okay good product thanks seller and daraz,0,0,Happy,Happy
inspite of being written ships from overseas the product doest have any box it was wrapped with a rotten paper only how ridiculous disappointed,4,2,Anger,Sadness
just received the productvery awesome product nice packaging also good quality longlastingthanks seller for sending the product,0,0,Happy,Happy
valo products thanks,1,0,Love,Happy
this product very good,1,1,Love,Love
the deliveryman also completed the setup,0,0,Happy,Happy
good but rater bela record olpo hoi tai dilam tin star,0,0,Happy,Happy
excellent the fabric is great the color is the same as add the measurement is also accurate i am fully satisfied with this purchase,0,1,Happy,Love
good and authentic product received by me im happy for pickaboo service,0,0,Happy,Happy
how much more stupid will you make people took tk and gave product tk too small for the price which makes it unsuitable for use in some fields packaging is very worrying quality is fair but very small,0,2,Happy,Sadness
purchased ft anker fast charging braided cables years ago and theyre still amazing just a brand new hence i bought it with my complete faith in pickaboo and their genuine products the cable might feel a little bit shorter than what you get in the box with your phone,0,0,Happy,Happy
nice grip size wise perfect,0,0,Happy,Happy
good quality,1,0,Love,Happy
great quality product,1,1,Love,Love
expected blue but received pink color,0,2,Happy,Sadness
its too good the seler is perfectly done his job and daraz deleverd very fast the product is highly recommend,0,0,Happy,Happy
boi ta ekdom freash and trusted keu caila meta paren,0,0,Happy,Happy
thanks to give gift,0,0,Happy,Happy
quality is good im satisfied,1,1,Love,Love
same as picture recommend it,1,1,Love,Love
got delivery in days and free installation within day excellent seller will continue to keep buying from them,0,0,Happy,Happy
good product but monay hoi price ta onk,0,0,Happy,Happy
yeah that was goodseller is responsible i must say and good alsorcv these with goid condition with boxbt price is little bit highthats why,0,0,Happy,Happy
products is very good and quality star,1,1,Love,Love
strap quality is poor feels cheap doesnt feel like wearing an original branded watchthis is not stainless steel watch dial material and design is ok compared to price it cost me around k i wont recommend this to anyone who is looking for a good quality bracelet watch rather go for good quality rado ck or michael kors replicas at this price range,4,2,Anger,Sadness
nice quality is good at this price point,0,0,Happy,Happy
daraz delivered me with a lovely wrapping and before the mentioned time i am really pleased with daraz,0,0,Happy,Happy
its cheap and so far so good i suggest you buy it if you are low on budget because its writing speed will not satisfy you that much,0,0,Happy,Happy
